0 verbose cli /var/jenkins_home/tools/jenkins.plugins.nodejs.tools.NodeJSInstallation/node20/bin/node /var/jenkins_home/tools/jenkins.plugins.nodejs.tools.NodeJSInstallation/node20/bin/npm
1 info using npm@10.8.2
2 info using node@v20.20.0
3 silly config load:file:/var/jenkins_home/tools/jenkins.plugins.nodejs.tools.NodeJSInstallation/node20/lib/node_modules/npm/npmrc
4 silly config load:file:/var/jenkins_home/workspace/frontend-project/frontend/.npmrc
5 silly config load:file:/var/jenkins_home/.npmrc
6 silly config load:file:/var/jenkins_home/tools/jenkins.plugins.nodejs.tools.NodeJSInstallation/node20/etc/npmrc
7 verbose title npm install
8 verbose argv "install"
9 verbose logfile logs-max:10 dir:/var/jenkins_home/workspace/frontend-project/.npm/_logs/2026-02-23T06_40_26_948Z-
10 verbose logfile /var/jenkins_home/workspace/frontend-project/.npm/_logs/2026-02-23T06_40_26_948Z-debug-0.log
11 silly packumentCache heap:2197815296 maxSize:549453824 maxEntrySize:274726912
12 silly logfile done cleaning log files
13 silly idealTree buildDeps
14 warn EBADENGINE Unsupported engine {
14 warn EBADENGINE   package: 'karma@1.7.1',
14 warn EBADENGINE   required: { node: '0.10 || 0.12 || 4 || 5 || 6 || 7 || 8' },
14 warn EBADENGINE   current: { node: 'v20.20.0', npm: '10.8.2' }
14 warn EBADENGINE }
15 silly reify moves {}
16 verbose reify failed optional dependency /var/jenkins_home/workspace/frontend-project/frontend/node_modules/fsevents
17 silly reify mark deleted [
17 silly reify   '/var/jenkins_home/workspace/frontend-project/frontend/node_modules/fsevents'
17 silly reify ]
18 verbose reify failed optional dependency /var/jenkins_home/workspace/frontend-project/frontend/node_modules/fsevents/node_modules/node-pre-gyp
19 silly reify mark deleted [
19 silly reify   '/var/jenkins_home/workspace/frontend-project/frontend/node_modules/fsevents/node_modules/node-pre-gyp',
19 silly reify   '/var/jenkins_home/workspace/frontend-project/frontend/node_modules/fsevents/node_modules/.bin/node-pre-gyp'
19 silly reify ]
20 verbose reify failed optional dependency /var/jenkins_home/workspace/frontend-project/frontend/node_modules/fsevents/node_modules/detect-libc
21 silly reify mark deleted [
21 silly reify   '/var/jenkins_home/workspace/frontend-project/frontend/node_modules/fsevents/node_modules/detect-libc',
21 silly reify   '/var/jenkins_home/workspace/frontend-project/frontend/node_modules/fsevents/node_modules/.bin/detect-libc'
21 silly reify ]
22 verbose reify failed optional dependency /var/jenkins_home/workspace/frontend-project/frontend/node_modules/fsevents/node_modules/mkdirp
23 silly reify mark deleted [
23 silly reify   '/var/jenkins_home/workspace/frontend-project/frontend/node_modules/fsevents/node_modules/mkdirp',
23 silly reify   '/var/jenkins_home/workspace/frontend-project/frontend/node_modules/fsevents/node_modules/.bin/mkdirp'
23 silly reify ]
24 verbose reify failed optional dependency /var/jenkins_home/workspace/frontend-project/frontend/node_modules/fsevents/node_modules/needle
25 silly reify mark deleted [
25 silly reify   '/var/jenkins_home/workspace/frontend-project/frontend/node_modules/fsevents/node_modules/needle',
25 silly reify   '/var/jenkins_home/workspace/frontend-project/frontend/node_modules/fsevents/node_modules/.bin/needle'
25 silly reify ]
26 verbose reify failed optional dependency /var/jenkins_home/workspace/frontend-project/frontend/node_modules/fsevents/node_modules/nopt
27 silly reify mark deleted [
27 silly reify   '/var/jenkins_home/workspace/frontend-project/frontend/node_modules/fsevents/node_modules/nopt',
27 silly reify   '/var/jenkins_home/workspace/frontend-project/frontend/node_modules/fsevents/node_modules/.bin/nopt'
27 silly reify ]
28 verbose reify failed optional dependency /var/jenkins_home/workspace/frontend-project/frontend/node_modules/fsevents/node_modules/npm-packlist
29 silly reify mark deleted [
29 silly reify   '/var/jenkins_home/workspace/frontend-project/frontend/node_modules/fsevents/node_modules/npm-packlist'
29 silly reify ]
30 verbose reify failed optional dependency /var/jenkins_home/workspace/frontend-project/frontend/node_modules/fsevents/node_modules/npmlog
31 silly reify mark deleted [
31 silly reify   '/var/jenkins_home/workspace/frontend-project/frontend/node_modules/fsevents/node_modules/npmlog'
31 silly reify ]
32 verbose reify failed optional dependency /var/jenkins_home/workspace/frontend-project/frontend/node_modules/fsevents/node_modules/rc
33 silly reify mark deleted [
33 silly reify   '/var/jenkins_home/workspace/frontend-project/frontend/node_modules/fsevents/node_modules/rc',
33 silly reify   '/var/jenkins_home/workspace/frontend-project/frontend/node_modules/fsevents/node_modules/.bin/rc'
33 silly reify ]
34 verbose reify failed optional dependency /var/jenkins_home/workspace/frontend-project/frontend/node_modules/fsevents/node_modules/rimraf
35 silly reify mark deleted [
35 silly reify   '/var/jenkins_home/workspace/frontend-project/frontend/node_modules/fsevents/node_modules/rimraf',
35 silly reify   '/var/jenkins_home/workspace/frontend-project/frontend/node_modules/fsevents/node_modules/.bin/rimraf'
35 silly reify ]
36 verbose reify failed optional dependency /var/jenkins_home/workspace/frontend-project/frontend/node_modules/fsevents/node_modules/semver
37 silly reify mark deleted [
37 silly reify   '/var/jenkins_home/workspace/frontend-project/frontend/node_modules/fsevents/node_modules/semver',
37 silly reify   '/var/jenkins_home/workspace/frontend-project/frontend/node_modules/fsevents/node_modules/.bin/semver'
37 silly reify ]
38 verbose reify failed optional dependency /var/jenkins_home/workspace/frontend-project/frontend/node_modules/fsevents/node_modules/tar
39 silly reify mark deleted [
39 silly reify   '/var/jenkins_home/workspace/frontend-project/frontend/node_modules/fsevents/node_modules/tar'
39 silly reify ]
40 verbose reify failed optional dependency /var/jenkins_home/workspace/frontend-project/frontend/node_modules/fsevents/node_modules/minimist
41 silly reify mark deleted [
41 silly reify   '/var/jenkins_home/workspace/frontend-project/frontend/node_modules/fsevents/node_modules/minimist'
41 silly reify ]
42 verbose reify failed optional dependency /var/jenkins_home/workspace/frontend-project/frontend/node_modules/fsevents/node_modules/debug
43 silly reify mark deleted [
43 silly reify   '/var/jenkins_home/workspace/frontend-project/frontend/node_modules/fsevents/node_modules/debug'
43 silly reify ]
44 verbose reify failed optional dependency /var/jenkins_home/workspace/frontend-project/frontend/node_modules/fsevents/node_modules/iconv-lite
45 silly reify mark deleted [
45 silly reify   '/var/jenkins_home/workspace/frontend-project/frontend/node_modules/fsevents/node_modules/iconv-lite'
45 silly reify ]
46 verbose reify failed optional dependency /var/jenkins_home/workspace/frontend-project/frontend/node_modules/fsevents/node_modules/sax
47 silly reify mark deleted [
47 silly reify   '/var/jenkins_home/workspace/frontend-project/frontend/node_modules/fsevents/node_modules/sax'
47 silly reify ]
48 verbose reify failed optional dependency /var/jenkins_home/workspace/frontend-project/frontend/node_modules/fsevents/node_modules/abbrev
49 silly reify mark deleted [
49 silly reify   '/var/jenkins_home/workspace/frontend-project/frontend/node_modules/fsevents/node_modules/abbrev'
49 silly reify ]
50 verbose reify failed optional dependency /var/jenkins_home/workspace/frontend-project/frontend/node_modules/fsevents/node_modules/osenv
51 silly reify mark deleted [
51 silly reify   '/var/jenkins_home/workspace/frontend-project/frontend/node_modules/fsevents/node_modules/osenv'
51 silly reify ]
52 verbose reify failed optional dependency /var/jenkins_home/workspace/frontend-project/frontend/node_modules/fsevents/node_modules/ignore-walk
53 silly reify mark deleted [
53 silly reify   '/var/jenkins_home/workspace/frontend-project/frontend/node_modules/fsevents/node_modules/ignore-walk'
53 silly reify ]
54 verbose reify failed optional dependency /var/jenkins_home/workspace/frontend-project/frontend/node_modules/fsevents/node_modules/npm-bundled
55 silly reify mark deleted [
55 silly reify   '/var/jenkins_home/workspace/frontend-project/frontend/node_modules/fsevents/node_modules/npm-bundled'
55 silly reify ]
56 verbose reify failed optional dependency /var/jenkins_home/workspace/frontend-project/frontend/node_modules/fsevents/node_modules/are-we-there-yet
57 silly reify mark deleted [
57 silly reify   '/var/jenkins_home/workspace/frontend-project/frontend/node_modules/fsevents/node_modules/are-we-there-yet'
57 silly reify ]
58 verbose reify failed optional dependency /var/jenkins_home/workspace/frontend-project/frontend/node_modules/fsevents/node_modules/console-control-strings
59 silly reify mark deleted [
59 silly reify   '/var/jenkins_home/workspace/frontend-project/frontend/node_modules/fsevents/node_modules/console-control-strings'
59 silly reify ]
60 verbose reify failed optional dependency /var/jenkins_home/workspace/frontend-project/frontend/node_modules/fsevents/node_modules/gauge
61 silly reify mark deleted [
61 silly reify   '/var/jenkins_home/workspace/frontend-project/frontend/node_modules/fsevents/node_modules/gauge'
61 silly reify ]
62 verbose reify failed optional dependency /var/jenkins_home/workspace/frontend-project/frontend/node_modules/fsevents/node_modules/set-blocking
63 silly reify mark deleted [
63 silly reify   '/var/jenkins_home/workspace/frontend-project/frontend/node_modules/fsevents/node_modules/set-blocking'
63 silly reify ]
64 verbose reify failed optional dependency /var/jenkins_home/workspace/frontend-project/frontend/node_modules/fsevents/node_modules/deep-extend
65 silly reify mark deleted [
65 silly reify   '/var/jenkins_home/workspace/frontend-project/frontend/node_modules/fsevents/node_modules/deep-extend'
65 silly reify ]
66 verbose reify failed optional dependency /var/jenkins_home/workspace/frontend-project/frontend/node_modules/fsevents/node_modules/ini
67 silly reify mark deleted [
67 silly reify   '/var/jenkins_home/workspace/frontend-project/frontend/node_modules/fsevents/node_modules/ini'
67 silly reify ]
68 verbose reify failed optional dependency /var/jenkins_home/workspace/frontend-project/frontend/node_modules/fsevents/node_modules/rc/node_modules/minimist
69 silly reify mark deleted [
69 silly reify   '/var/jenkins_home/workspace/frontend-project/frontend/node_modules/fsevents/node_modules/rc/node_modules/minimist'
69 silly reify ]
70 verbose reify failed optional dependency /var/jenkins_home/workspace/frontend-project/frontend/node_modules/fsevents/node_modules/strip-json-comments
71 silly reify mark deleted [
71 silly reify   '/var/jenkins_home/workspace/frontend-project/frontend/node_modules/fsevents/node_modules/strip-json-comments'
71 silly reify ]
72 verbose reify failed optional dependency /var/jenkins_home/workspace/frontend-project/frontend/node_modules/fsevents/node_modules/glob
73 silly reify mark deleted [
73 silly reify   '/var/jenkins_home/workspace/frontend-project/frontend/node_modules/fsevents/node_modules/glob'
73 silly reify ]
74 verbose reify failed optional dependency /var/jenkins_home/workspace/frontend-project/frontend/node_modules/fsevents/node_modules/chownr
75 silly reify mark deleted [
75 silly reify   '/var/jenkins_home/workspace/frontend-project/frontend/node_modules/fsevents/node_modules/chownr'
75 silly reify ]
76 verbose reify failed optional dependency /var/jenkins_home/workspace/frontend-project/frontend/node_modules/fsevents/node_modules/fs-minipass
77 silly reify mark deleted [
77 silly reify   '/var/jenkins_home/workspace/frontend-project/frontend/node_modules/fsevents/node_modules/fs-minipass'
77 silly reify ]
78 verbose reify failed optional dependency /var/jenkins_home/workspace/frontend-project/frontend/node_modules/fsevents/node_modules/minipass
79 silly reify mark deleted [
79 silly reify   '/var/jenkins_home/workspace/frontend-project/frontend/node_modules/fsevents/node_modules/minipass'
79 silly reify ]
80 verbose reify failed optional dependency /var/jenkins_home/workspace/frontend-project/frontend/node_modules/fsevents/node_modules/minizlib
81 silly reify mark deleted [
81 silly reify   '/var/jenkins_home/workspace/frontend-project/frontend/node_modules/fsevents/node_modules/minizlib'
81 silly reify ]
82 verbose reify failed optional dependency /var/jenkins_home/workspace/frontend-project/frontend/node_modules/fsevents/node_modules/safe-buffer
83 silly reify mark deleted [
83 silly reify   '/var/jenkins_home/workspace/frontend-project/frontend/node_modules/fsevents/node_modules/safe-buffer'
83 silly reify ]
84 verbose reify failed optional dependency /var/jenkins_home/workspace/frontend-project/frontend/node_modules/fsevents/node_modules/yallist
85 silly reify mark deleted [
85 silly reify   '/var/jenkins_home/workspace/frontend-project/frontend/node_modules/fsevents/node_modules/yallist'
85 silly reify ]
86 verbose reify failed optional dependency /var/jenkins_home/workspace/frontend-project/frontend/node_modules/fsevents/node_modules/ms
87 silly reify mark deleted [
87 silly reify   '/var/jenkins_home/workspace/frontend-project/frontend/node_modules/fsevents/node_modules/ms'
87 silly reify ]
88 verbose reify failed optional dependency /var/jenkins_home/workspace/frontend-project/frontend/node_modules/fsevents/node_modules/safer-buffer
89 silly reify mark deleted [
89 silly reify   '/var/jenkins_home/workspace/frontend-project/frontend/node_modules/fsevents/node_modules/safer-buffer'
89 silly reify ]
90 verbose reify failed optional dependency /var/jenkins_home/workspace/frontend-project/frontend/node_modules/fsevents/node_modules/os-homedir
91 silly reify mark deleted [
91 silly reify   '/var/jenkins_home/workspace/frontend-project/frontend/node_modules/fsevents/node_modules/os-homedir'
91 silly reify ]
92 verbose reify failed optional dependency /var/jenkins_home/workspace/frontend-project/frontend/node_modules/fsevents/node_modules/os-tmpdir
93 silly reify mark deleted [
93 silly reify   '/var/jenkins_home/workspace/frontend-project/frontend/node_modules/fsevents/node_modules/os-tmpdir'
93 silly reify ]
94 verbose reify failed optional dependency /var/jenkins_home/workspace/frontend-project/frontend/node_modules/fsevents/node_modules/minimatch
95 silly reify mark deleted [
95 silly reify   '/var/jenkins_home/workspace/frontend-project/frontend/node_modules/fsevents/node_modules/minimatch'
95 silly reify ]
96 verbose reify failed optional dependency /var/jenkins_home/workspace/frontend-project/frontend/node_modules/fsevents/node_modules/delegates
97 silly reify mark deleted [
97 silly reify   '/var/jenkins_home/workspace/frontend-project/frontend/node_modules/fsevents/node_modules/delegates'
97 silly reify ]
98 verbose reify failed optional dependency /var/jenkins_home/workspace/frontend-project/frontend/node_modules/fsevents/node_modules/readable-stream
99 silly reify mark deleted [
99 silly reify   '/var/jenkins_home/workspace/frontend-project/frontend/node_modules/fsevents/node_modules/readable-stream'
99 silly reify ]
100 verbose reify failed optional dependency /var/jenkins_home/workspace/frontend-project/frontend/node_modules/fsevents/node_modules/aproba
101 silly reify mark deleted [
101 silly reify   '/var/jenkins_home/workspace/frontend-project/frontend/node_modules/fsevents/node_modules/aproba'
101 silly reify ]
102 verbose reify failed optional dependency /var/jenkins_home/workspace/frontend-project/frontend/node_modules/fsevents/node_modules/has-unicode
103 silly reify mark deleted [
103 silly reify   '/var/jenkins_home/workspace/frontend-project/frontend/node_modules/fsevents/node_modules/has-unicode'
103 silly reify ]
104 verbose reify failed optional dependency /var/jenkins_home/workspace/frontend-project/frontend/node_modules/fsevents/node_modules/object-assign
105 silly reify mark deleted [
105 silly reify   '/var/jenkins_home/workspace/frontend-project/frontend/node_modules/fsevents/node_modules/object-assign'
105 silly reify ]
106 verbose reify failed optional dependency /var/jenkins_home/workspace/frontend-project/frontend/node_modules/fsevents/node_modules/signal-exit
107 silly reify mark deleted [
107 silly reify   '/var/jenkins_home/workspace/frontend-project/frontend/node_modules/fsevents/node_modules/signal-exit'
107 silly reify ]
108 verbose reify failed optional dependency /var/jenkins_home/workspace/frontend-project/frontend/node_modules/fsevents/node_modules/string-width
109 silly reify mark deleted [
109 silly reify   '/var/jenkins_home/workspace/frontend-project/frontend/node_modules/fsevents/node_modules/string-width'
109 silly reify ]
110 verbose reify failed optional dependency /var/jenkins_home/workspace/frontend-project/frontend/node_modules/fsevents/node_modules/strip-ansi
111 silly reify mark deleted [
111 silly reify   '/var/jenkins_home/workspace/frontend-project/frontend/node_modules/fsevents/node_modules/strip-ansi'
111 silly reify ]
112 verbose reify failed optional dependency /var/jenkins_home/workspace/frontend-project/frontend/node_modules/fsevents/node_modules/wide-align
113 silly reify mark deleted [
113 silly reify   '/var/jenkins_home/workspace/frontend-project/frontend/node_modules/fsevents/node_modules/wide-align'
113 silly reify ]
114 verbose reify failed optional dependency /var/jenkins_home/workspace/frontend-project/frontend/node_modules/fsevents/node_modules/fs.realpath
115 silly reify mark deleted [
115 silly reify   '/var/jenkins_home/workspace/frontend-project/frontend/node_modules/fsevents/node_modules/fs.realpath'
115 silly reify ]
116 verbose reify failed optional dependency /var/jenkins_home/workspace/frontend-project/frontend/node_modules/fsevents/node_modules/inflight
117 silly reify mark deleted [
117 silly reify   '/var/jenkins_home/workspace/frontend-project/frontend/node_modules/fsevents/node_modules/inflight'
117 silly reify ]
118 verbose reify failed optional dependency /var/jenkins_home/workspace/frontend-project/frontend/node_modules/fsevents/node_modules/inherits
119 silly reify mark deleted [
119 silly reify   '/var/jenkins_home/workspace/frontend-project/frontend/node_modules/fsevents/node_modules/inherits'
119 silly reify ]
120 verbose reify failed optional dependency /var/jenkins_home/workspace/frontend-project/frontend/node_modules/fsevents/node_modules/once
121 silly reify mark deleted [
121 silly reify   '/var/jenkins_home/workspace/frontend-project/frontend/node_modules/fsevents/node_modules/once'
121 silly reify ]
122 verbose reify failed optional dependency /var/jenkins_home/workspace/frontend-project/frontend/node_modules/fsevents/node_modules/path-is-absolute
123 silly reify mark deleted [
123 silly reify   '/var/jenkins_home/workspace/frontend-project/frontend/node_modules/fsevents/node_modules/path-is-absolute'
123 silly reify ]
124 verbose reify failed optional dependency /var/jenkins_home/workspace/frontend-project/frontend/node_modules/fsevents/node_modules/brace-expansion
125 silly reify mark deleted [
125 silly reify   '/var/jenkins_home/workspace/frontend-project/frontend/node_modules/fsevents/node_modules/brace-expansion'
125 silly reify ]
126 verbose reify failed optional dependency /var/jenkins_home/workspace/frontend-project/frontend/node_modules/fsevents/node_modules/core-util-is
127 silly reify mark deleted [
127 silly reify   '/var/jenkins_home/workspace/frontend-project/frontend/node_modules/fsevents/node_modules/core-util-is'
127 silly reify ]
128 verbose reify failed optional dependency /var/jenkins_home/workspace/frontend-project/frontend/node_modules/fsevents/node_modules/isarray
129 silly reify mark deleted [
129 silly reify   '/var/jenkins_home/workspace/frontend-project/frontend/node_modules/fsevents/node_modules/isarray'
129 silly reify ]
130 verbose reify failed optional dependency /var/jenkins_home/workspace/frontend-project/frontend/node_modules/fsevents/node_modules/process-nextick-args
131 silly reify mark deleted [
131 silly reify   '/var/jenkins_home/workspace/frontend-project/frontend/node_modules/fsevents/node_modules/process-nextick-args'
131 silly reify ]
132 verbose reify failed optional dependency /var/jenkins_home/workspace/frontend-project/frontend/node_modules/fsevents/node_modules/string_decoder
133 silly reify mark deleted [
133 silly reify   '/var/jenkins_home/workspace/frontend-project/frontend/node_modules/fsevents/node_modules/string_decoder'
133 silly reify ]
134 verbose reify failed optional dependency /var/jenkins_home/workspace/frontend-project/frontend/node_modules/fsevents/node_modules/util-deprecate
135 silly reify mark deleted [
135 silly reify   '/var/jenkins_home/workspace/frontend-project/frontend/node_modules/fsevents/node_modules/util-deprecate'
135 silly reify ]
136 verbose reify failed optional dependency /var/jenkins_home/workspace/frontend-project/frontend/node_modules/fsevents/node_modules/code-point-at
137 silly reify mark deleted [
137 silly reify   '/var/jenkins_home/workspace/frontend-project/frontend/node_modules/fsevents/node_modules/code-point-at'
137 silly reify ]
138 verbose reify failed optional dependency /var/jenkins_home/workspace/frontend-project/frontend/node_modules/fsevents/node_modules/is-fullwidth-code-point
139 silly reify mark deleted [
139 silly reify   '/var/jenkins_home/workspace/frontend-project/frontend/node_modules/fsevents/node_modules/is-fullwidth-code-point'
139 silly reify ]
140 verbose reify failed optional dependency /var/jenkins_home/workspace/frontend-project/frontend/node_modules/fsevents/node_modules/ansi-regex
141 silly reify mark deleted [
141 silly reify   '/var/jenkins_home/workspace/frontend-project/frontend/node_modules/fsevents/node_modules/ansi-regex'
141 silly reify ]
142 verbose reify failed optional dependency /var/jenkins_home/workspace/frontend-project/frontend/node_modules/fsevents/node_modules/wrappy
143 silly reify mark deleted [
143 silly reify   '/var/jenkins_home/workspace/frontend-project/frontend/node_modules/fsevents/node_modules/wrappy'
143 silly reify ]
144 verbose reify failed optional dependency /var/jenkins_home/workspace/frontend-project/frontend/node_modules/fsevents/node_modules/balanced-match
145 silly reify mark deleted [
145 silly reify   '/var/jenkins_home/workspace/frontend-project/frontend/node_modules/fsevents/node_modules/balanced-match'
145 silly reify ]
146 verbose reify failed optional dependency /var/jenkins_home/workspace/frontend-project/frontend/node_modules/fsevents/node_modules/concat-map
147 silly reify mark deleted [
147 silly reify   '/var/jenkins_home/workspace/frontend-project/frontend/node_modules/fsevents/node_modules/concat-map'
147 silly reify ]
148 verbose reify failed optional dependency /var/jenkins_home/workspace/frontend-project/frontend/node_modules/fsevents/node_modules/number-is-nan
149 silly reify mark deleted [
149 silly reify   '/var/jenkins_home/workspace/frontend-project/frontend/node_modules/fsevents/node_modules/number-is-nan'
149 silly reify ]
150 silly audit bulk request {
150 silly audit   '@angular-devkit/architect': [ '0.6.8' ],
150 silly audit   '@angular-devkit/build-angular': [ '0.6.8' ],
150 silly audit   '@angular-devkit/build-optimizer': [ '0.6.8' ],
150 silly audit   typescript: [ '2.9.2', '2.7.2' ],
150 silly audit   '@angular-devkit/core': [ '0.6.8' ],
150 silly audit   '@angular-devkit/schematics': [ '0.6.8' ],
150 silly audit   '@angular/animations': [ '6.0.9' ],
150 silly audit   '@angular/cli': [ '6.0.8' ],
150 silly audit   camelcase: [ '4.1.0', '1.2.1', '2.1.1', '3.0.0' ],
150 silly audit   'yargs-parser': [ '10.1.0', '9.0.2', '5.0.0' ],
150 silly audit   '@angular/common': [ '6.0.9' ],
150 silly audit   '@angular/compiler': [ '6.0.9' ],
150 silly audit   '@angular/compiler-cli': [ '6.0.9' ],
150 silly audit   anymatch: [ '1.3.2', '2.0.0' ],
150 silly audit   'arr-diff': [ '2.0.0', '4.0.0' ],
150 silly audit   'array-unique': [ '0.2.1', '0.3.2' ],
150 silly audit   braces: [ '1.8.5', '2.3.2', '0.1.5' ],
150 silly audit   chokidar: [ '1.7.0', '2.0.4' ],
150 silly audit   'expand-brackets': [ '0.1.5', '2.1.4' ],
150 silly audit   extglob: [ '0.3.2', '2.0.4' ],
150 silly audit   'glob-parent': [ '2.0.0', '3.1.0' ],
150 silly audit   'is-extglob': [ '1.0.0', '2.1.1' ],
150 silly audit   'is-glob': [ '2.0.1', '3.1.0', '4.0.0' ],
150 silly audit   'kind-of': [ '3.2.2', '4.0.0', '5.1.0', '6.0.2' ],
150 silly audit   micromatch: [ '2.3.11', '3.1.10' ],
150 silly audit   minimist: [ '1.2.0', '0.0.8' ],
150 silly audit   '@angular/core': [ '6.0.9' ],
150 silly audit   '@angular/forms': [ '6.0.9' ],
150 silly audit   '@angular/http': [ '6.0.9' ],
150 silly audit   '@angular/language-service': [ '6.0.9' ],
150 silly audit   '@angular/platform-browser': [ '6.0.9' ],
150 silly audit   '@angular/platform-browser-dynamic': [ '6.0.9' ],
150 silly audit   '@angular/router': [ '6.0.9' ],
150 silly audit   '@ngtools/webpack': [ '6.0.8' ],
150 silly audit   '@schematics/angular': [ '0.6.8' ],
150 silly audit   '@schematics/update': [ '0.6.8' ],
150 silly audit   '@types/jasmine': [ '2.8.8' ],
150 silly audit   '@types/jasminewd2': [ '2.0.3' ],
150 silly audit   '@types/node': [ '8.9.5', '6.0.114' ],
150 silly audit   '@types/q': [ '0.0.32' ],
150 silly audit   '@types/selenium-webdriver': [ '2.53.43' ],
150 silly audit   '@webassemblyjs/ast': [ '1.4.3' ],
150 silly audit   debug: [ '3.1.0', '2.6.9', '2.3.3', '2.2.0' ],
150 silly audit   '@webassemblyjs/floating-point-hex-parser': [ '1.4.3' ],
150 silly audit   '@webassemblyjs/helper-buffer': [ '1.4.3' ],
150 silly audit   '@webassemblyjs/helper-code-frame': [ '1.4.3' ],
150 silly audit   '@webassemblyjs/helper-fsm': [ '1.4.3' ],
150 silly audit   '@webassemblyjs/helper-wasm-bytecode': [ '1.4.3' ],
150 silly audit   '@webassemblyjs/helper-wasm-section': [ '1.4.3' ],
150 silly audit   '@webassemblyjs/leb128': [ '1.4.3' ],
150 silly audit   '@webassemblyjs/validation': [ '1.4.3' ],
150 silly audit   '@webassemblyjs/wasm-edit': [ '1.4.3' ],
150 silly audit   '@webassemblyjs/wasm-gen': [ '1.4.3' ],
150 silly audit   '@webassemblyjs/wasm-opt': [ '1.4.3' ],
150 silly audit   '@webassemblyjs/wasm-parser': [ '1.4.3' ],
150 silly audit   '@webassemblyjs/wast-parser': [ '1.4.3' ],
150 silly audit   '@webassemblyjs/wast-printer': [ '1.4.3' ],
150 silly audit   '@webpack-contrib/schema-utils': [ '1.0.0-beta.0' ],
150 silly audit   'ansi-regex': [ '3.0.0', '2.1.1' ],
150 silly audit   chalk: [ '2.4.1', '1.1.3', '2.2.2' ],
150 silly audit   'strip-ansi': [ '4.0.0', '3.0.1' ],
150 silly audit   abbrev: [ '1.0.9', '1.1.1' ],
150 silly audit   accepts: [ '1.3.5', '1.3.3' ],
150 silly audit   acorn: [ '5.7.1' ],
150 silly audit   'acorn-dynamic-import': [ '3.0.0' ],
150 silly audit   'adm-zip': [ '0.4.4', '0.4.11' ],
150 silly audit   after: [ '0.8.2' ],
150 silly audit   'agent-base': [ '4.2.1' ],
150 silly audit   ajv: [ '6.4.0', '5.5.2', '4.11.8' ],
150 silly audit   'ajv-keywords': [ '3.2.0' ],
150 silly audit   'align-text': [ '0.1.4' ],
150 silly audit   amdefine: [ '1.0.1' ],
150 silly audit   'ansi-html': [ '0.0.7' ],
150 silly audit   'ansi-styles': [ '3.2.1', '2.2.1' ],
150 silly audit   'app-root-path': [ '2.1.0' ],
150 silly audit   'append-transform': [ '1.0.0' ],
150 silly audit   aproba: [ '1.2.0' ],
150 silly audit   'are-we-there-yet': [ '1.1.5', '1.1.4' ],
150 silly audit   argparse: [ '1.0.10' ],
150 silly audit   'arr-flatten': [ '1.1.0' ],
150 silly audit   'arr-union': [ '3.1.0' ],
150 silly audit   'array-find-index': [ '1.0.2' ],
150 silly audit   'array-flatten': [ '2.1.1', '1.1.1' ],
150 silly audit   'array-includes': [ '3.0.3' ],
150 silly audit   'array-slice': [ '0.2.3' ],
150 silly audit   'array-union': [ '1.0.2' ],
150 silly audit   'array-uniq': [ '1.0.3' ],
150 silly audit   'arraybuffer.slice': [ '0.0.6' ],
150 silly audit   arrify: [ '1.0.1' ],
150 silly audit   asap: [ '2.0.6' ],
150 silly audit   asn1: [ '0.2.3' ],
150 silly audit   'asn1.js': [ '4.10.1' ],
150 silly audit   assert: [ '1.4.1' ],
150 silly audit   'assert-plus': [ '1.0.0', '0.2.0' ],
150 silly audit   inherits: [ '2.0.1', '2.0.3' ],
150 silly audit   util: [ '0.10.3', '0.10.4' ],
150 silly audit   'assign-symbols': [ '1.0.0' ],
150 silly audit   async: [ '1.5.2', '2.6.1' ],
150 silly audit   'async-each': [ '1.0.1' ],
150 silly audit   'async-foreach': [ '0.1.3' ],
150 silly audit   asynckit: [ '0.4.0' ],
150 silly audit   atob: [ '2.1.1' ],
150 silly audit   autoprefixer: [ '8.6.5' ],
150 silly audit   'aws-sign2': [ '0.7.0', '0.6.0' ],
150 silly audit   aws4: [ '1.7.0' ],
150 silly audit   'babel-code-frame': [ '6.26.0' ],
150 silly audit   'supports-color': [ '2.0.0', '4.5.0', '3.2.3', '5.4.0' ],
150 silly audit   'babel-generator': [ '6.26.1' ],
150 silly audit   'babel-messages': [ '6.23.0' ],
150 silly audit   'babel-runtime': [ '6.26.0' ],
150 silly audit   'babel-template': [ '6.26.0' ],
150 silly audit   'babel-traverse': [ '6.26.0' ],
150 silly audit   'babel-types': [ '6.26.0' ],
150 silly audit   babylon: [ '6.18.0' ],
150 silly audit   backo2: [ '1.0.2' ],
150 silly audit   'balanced-match': [ '1.0.0' ],
150 silly audit   base: [ '0.11.2' ],
150 silly audit   'define-property': [ '1.0.0', '0.2.5', '2.0.2' ],
150 silly audit   'is-accessor-descriptor': [ '1.0.0', '0.1.6' ],
150 silly audit   'is-data-descriptor': [ '1.0.0', '0.1.4' ],
150 silly audit   'is-descriptor': [ '1.0.2', '0.1.6' ],
150 silly audit   'base64-arraybuffer': [ '0.1.5' ],
150 silly audit   'base64-js': [ '1.3.0' ],
150 silly audit   base64id: [ '1.0.0' ],
150 silly audit   batch: [ '0.6.1' ],
150 silly audit   'bcrypt-pbkdf': [ '1.0.2' ],
150 silly audit   'better-assert': [ '1.0.2' ],
150 silly audit   'big.js': [ '3.2.0' ],
150 silly audit   'binary-extensions': [ '1.11.0' ],
150 silly audit   blob: [ '0.0.4' ],
150 silly audit   'block-stream': [ '0.0.9' ],
150 silly audit   'blocking-proxy': [ '1.0.1' ],
150 silly audit   bluebird: [ '3.5.1' ],
150 silly audit   'bn.js': [ '4.11.8' ],
150 silly audit   'body-parser': [ '1.18.2' ],
150 silly audit   qs: [ '6.5.1', '6.4.0', '6.5.2' ],
150 silly audit   bonjour: [ '3.5.0' ],
150 silly audit   boolbase: [ '1.0.0' ],
150 silly audit   boom: [ '2.10.1' ],
150 silly audit   bootstrap: [ '4.1.2' ],
150 silly audit   'brace-expansion': [ '1.1.11' ],
150 silly audit   'extend-shallow': [ '2.0.1', '3.0.2' ],
150 silly audit   brorand: [ '1.1.0' ],
150 silly audit   'browserify-aes': [ '1.2.0' ],
150 silly audit   'browserify-cipher': [ '1.0.1' ],
150 silly audit   'browserify-des': [ '1.0.2' ],
150 silly audit   'browserify-rsa': [ '4.0.1' ],
150 silly audit   'browserify-sign': [ '4.0.4' ],
150 silly audit   'browserify-zlib': [ '0.2.0' ],
150 silly audit   browserslist: [ '3.2.8' ],
150 silly audit   buffer: [ '4.9.1' ],
150 silly audit   'buffer-from': [ '1.1.0' ],
150 silly audit   'buffer-indexof': [ '1.1.1' ],
150 silly audit   'buffer-xor': [ '1.0.3' ],
150 silly audit   'builtin-modules': [ '1.1.1' ],
150 silly audit   'builtin-status-codes': [ '3.0.0' ],
150 silly audit   builtins: [ '1.0.3' ],
150 silly audit   bytes: [ '3.0.0' ],
150 silly audit   cacache: [ '10.0.4' ],
150 silly audit   'cache-base': [ '1.0.1' ],
150 silly audit   'cache-loader': [ '1.2.2' ],
150 silly audit   callsite: [ '1.0.0' ],
150 silly audit   'camel-case': [ '3.0.0' ],
150 silly audit   'camelcase-keys': [ '2.1.0' ],
150 silly audit   'caniuse-lite': [ '1.0.30000865' ],
150 silly audit   caseless: [ '0.12.0' ],
150 silly audit   'center-align': [ '0.1.3' ],
150 silly audit   'has-flag': [ '2.0.0', '3.0.0', '1.0.0' ],
150 silly audit   chownr: [ '1.0.1' ],
150 silly audit   'chrome-trace-event': [ '0.1.3' ],
150 silly audit   'cipher-base': [ '1.0.4' ],
150 silly audit   'circular-dependency-plugin': [ '5.0.2' ],
150 silly audit   'class-utils': [ '0.3.6' ],
150 silly audit   'clean-css': [ '4.1.11' ],
150 silly audit   cliui: [ '2.1.0', '3.2.0', '4.1.0' ],
150 silly audit   wordwrap: [ '0.0.2', '0.0.3', '1.0.0' ],
150 silly audit   clone: [ '2.1.1' ],
150 silly audit   'clone-deep': [ '2.0.2' ],
150 silly audit   co: [ '4.6.0' ],
150 silly audit   'code-point-at': [ '1.1.0' ],
150 silly audit   codelyzer: [ '4.2.1' ],
150 silly audit   'collection-visit': [ '1.0.0' ],
150 silly audit   'color-convert': [ '1.9.2' ],
150 silly audit   'color-name': [ '1.1.1' ],
150 silly audit   colors: [ '1.1.2' ],
150 silly audit   'combine-lists': [ '1.0.1' ],
150 silly audit   'combined-stream': [ '1.0.6' ],
150 silly audit   commander: [ '2.16.0', '2.13.0' ],
150 silly audit   commondir: [ '1.0.1' ],
150 silly audit   'compare-versions': [ '3.3.0' ],
150 silly audit   'component-bind': [ '1.0.0' ],
150 silly audit   'component-emitter': [ '1.2.1', '1.1.2' ],
150 silly audit   'component-inherit': [ '0.0.3' ],
150 silly audit   compressible: [ '2.0.14' ],
150 silly audit   compression: [ '1.7.3' ],
150 silly audit   'concat-map': [ '0.0.1' ],
150 silly audit   'concat-stream': [ '1.6.2' ],
150 silly audit   connect: [ '3.6.6' ],
150 silly audit   'connect-history-api-fallback': [ '1.5.0' ],
150 silly audit   finalhandler: [ '1.1.0', '1.1.1' ],
150 silly audit   statuses: [ '1.3.1', '1.4.0' ],
150 silly audit   'console-browserify': [ '1.1.0' ],
150 silly audit   'console-control-strings': [ '1.1.0' ],
150 silly audit   'constants-browserify': [ '1.0.0' ],
150 silly audit   'content-disposition': [ '0.5.2' ],
150 silly audit   'content-type': [ '1.0.4' ],
150 silly audit   'convert-source-map': [ '1.5.1' ],
150 silly audit   cookie: [ '0.3.1' ],
150 silly audit   'cookie-signature': [ '1.0.6' ],
150 silly audit   'copy-concurrently': [ '1.0.5' ],
150 silly audit   'copy-descriptor': [ '0.1.1' ],
150 silly audit   'copy-webpack-plugin': [ '4.5.2' ],
150 silly audit   'core-js': [ '2.5.7', '2.3.0' ],
150 silly audit   'core-util-is': [ '1.0.2' ],
150 silly audit   cosmiconfig: [ '4.0.0' ],
150 silly audit   'parse-json': [ '4.0.0', '2.2.0' ],
150 silly audit   'create-ecdh': [ '4.0.3' ],
150 silly audit   'create-hash': [ '1.2.0' ],
150 silly audit   'create-hmac': [ '1.1.7' ],
150 silly audit   'cross-spawn': [ '3.0.1', '5.1.0' ],
150 silly audit   cryptiles: [ '2.0.5' ],
150 silly audit   'crypto-browserify': [ '3.12.0' ],
150 silly audit   'css-parse': [ '1.7.0' ],
150 silly audit   'css-select': [ '1.2.0' ],
150 silly audit   'css-selector-tokenizer': [ '0.7.0' ],
150 silly audit   'css-what': [ '2.1.0' ],
150 silly audit   cssauron: [ '1.4.0' ],
150 silly audit   cssesc: [ '0.1.0' ],
150 silly audit   cuint: [ '0.2.2' ],
150 silly audit   'currently-unhandled': [ '0.4.1' ],
150 silly audit   'custom-event': [ '1.0.1' ],
150 silly audit   cyclist: [ '0.2.2' ],
150 silly audit   d: [ '1.0.0' ],
150 silly audit   dashdash: [ '1.14.1' ],
150 silly audit   'date-now': [ '0.1.4' ],
150 silly audit   decamelize: [ '1.2.0' ],
150 silly audit   'decode-uri-component': [ '0.2.0' ],
150 silly audit   'deep-equal': [ '1.0.1' ],
150 silly audit   'deep-is': [ '0.1.3' ],
150 silly audit   'default-require-extensions': [ '2.0.0' ],
150 silly audit   'strip-bom': [ '3.0.0', '2.0.0' ],
150 silly audit   'define-properties': [ '1.1.2' ],
150 silly audit   del: [ '3.0.0', '2.2.2' ],
150 silly audit   globby: [ '6.1.0', '7.1.1', '5.0.0' ],
150 silly audit   pify: [ '2.3.0', '3.0.0' ],
150 silly audit   'delayed-stream': [ '1.0.0' ],
150 silly audit   delegates: [ '1.0.0' ],
150 silly audit   depd: [ '1.1.2', '1.1.1' ],
150 silly audit   'des.js': [ '1.0.0' ],
150 silly audit   destroy: [ '1.0.4' ],
150 silly audit   'detect-indent': [ '4.0.0' ],
150 silly audit   'detect-node': [ '2.0.3' ],
150 silly audit   di: [ '0.0.1' ],
150 silly audit   diff: [ '3.5.0' ],
150 silly audit   'diffie-hellman': [ '5.0.3' ],
150 silly audit   'dir-glob': [ '2.0.0' ],
150 silly audit   'dns-equal': [ '1.0.0' ],
150 silly audit   'dns-packet': [ '1.3.1' ],
150 silly audit   'dns-txt': [ '2.0.2' ],
150 silly audit   'dom-converter': [ '0.1.4' ],
150 silly audit   utila: [ '0.3.3', '0.4.0' ],
150 silly audit   'dom-serialize': [ '2.2.1' ],
150 silly audit   'dom-serializer': [ '0.1.0' ],
150 silly audit   domelementtype: [ '1.1.3', '1.3.0' ],
150 silly audit   'domain-browser': [ '1.2.0' ],
150 silly audit   domhandler: [ '2.1.0' ],
150 silly audit   domutils: [ '1.5.1', '1.1.6' ],
150 silly audit   duplexify: [ '3.6.0' ],
150 silly audit   'ecc-jsbn': [ '0.1.1' ],
150 silly audit   'ee-first': [ '1.1.1' ],
150 silly audit   ejs: [ '2.6.1' ],
150 silly audit   'electron-to-chromium': [ '1.3.52' ],
150 silly audit   elliptic: [ '6.4.0' ],
150 silly audit   'emojis-list': [ '2.1.0' ],
150 silly audit   encodeurl: [ '1.0.2' ],
150 silly audit   'end-of-stream': [ '1.4.1' ],
150 silly audit   'engine.io': [ '1.8.3' ],
150 silly audit   'engine.io-client': [ '1.8.3' ],
150 silly audit   ms: [ '0.7.2', '2.0.0', '0.7.1' ],
150 silly audit   'engine.io-parser': [ '1.3.2' ],
150 silly audit   'enhanced-resolve': [ '4.1.0' ],
150 silly audit   ent: [ '2.2.0' ],
150 silly audit   entities: [ '1.1.1' ],
150 silly audit   errno: [ '0.1.7' ],
150 silly audit   'error-ex': [ '1.3.2' ],
150 silly audit   'es-abstract': [ '1.12.0' ],
150 silly audit   'es-to-primitive': [ '1.1.1' ],
150 silly audit   'es5-ext': [ '0.10.45' ],
150 silly audit   'es6-iterator': [ '2.0.3' ],
150 silly audit   'es6-promise': [ '4.2.4', '3.0.2' ],
150 silly audit   'es6-promisify': [ '5.0.0' ],
150 silly audit   'es6-symbol': [ '3.1.1' ],
150 silly audit   'escape-html': [ '1.0.3' ],
150 silly audit   'escape-string-regexp': [ '1.0.5' ],
150 silly audit   escodegen: [ '1.8.1' ],
150 silly audit   'source-map': [ '0.2.0', '0.4.4', '0.5.7', '0.6.1', '0.1.43' ],
150 silly audit   'eslint-scope': [ '3.7.3' ],
150 silly audit   estraverse: [ '4.2.0', '1.9.3' ],
150 silly audit   esprima: [ '2.7.3', '4.0.1' ],
150 silly audit   esrecurse: [ '4.2.1' ],
150 silly audit   esutils: [ '2.0.2' ],
150 silly audit   etag: [ '1.8.1' ],
150 silly audit   eventemitter3: [ '3.1.0' ],
150 silly audit   events: [ '1.1.1' ],
150 silly audit   eventsource: [ '0.1.6' ],
150 silly audit   evp_bytestokey: [ '1.0.3' ],
150 silly audit   execa: [ '0.7.0' ],
150 silly audit   exit: [ '0.1.2' ],
150 silly audit   'expand-braces': [ '0.1.2' ],
150 silly audit   'expand-range': [ '0.1.1', '1.8.2' ],
150 silly audit   'is-number': [ '0.1.1', '2.1.0', '3.0.0', '4.0.0' ],
150 silly audit   'repeat-string': [ '0.2.2', '1.6.1' ],
150 silly audit   'fill-range': [ '2.2.4', '4.0.0' ],
150 silly audit   isobject: [ '2.1.0', '3.0.1' ],
150 silly audit   express: [ '4.16.3' ],
150 silly audit   'safe-buffer': [ '5.1.1', '5.1.2' ],
150 silly audit   extend: [ '3.0.2' ],
150 silly audit   'is-extendable': [ '1.0.1', '0.1.1' ],
150 silly audit   extsprintf: [ '1.3.0' ],
150 silly audit   'fast-deep-equal': [ '1.1.0' ],
150 silly audit   'fast-json-stable-stringify': [ '2.0.0' ],
150 silly audit   'fast-levenshtein': [ '2.0.6' ],
150 silly audit   fastparse: [ '1.1.1' ],
150 silly audit   'faye-websocket': [ '0.10.0', '0.11.1' ],
150 silly audit   'file-loader': [ '1.1.11' ],
150 silly audit   'filename-regex': [ '2.0.1' ],
150 silly audit   fileset: [ '2.0.3' ],
150 silly audit   'find-cache-dir': [ '1.0.0' ],
150 silly audit   'find-up': [ '2.1.0', '1.1.2' ],
150 silly audit   'flush-write-stream': [ '1.0.3' ],
150 silly audit   'follow-redirects': [ '1.5.1' ],
150 silly audit   'for-in': [ '1.0.2', '0.1.8' ],
150 silly audit   'for-own': [ '1.0.0', '0.1.5' ],
150 silly audit   foreach: [ '2.0.5' ],
150 silly audit   'forever-agent': [ '0.6.1' ],
150 silly audit   'form-data': [ '2.3.2', '2.1.4' ],
150 silly audit   forwarded: [ '0.1.2' ],
150 silly audit   'fragment-cache': [ '0.2.1' ],
150 silly audit   fresh: [ '0.5.2' ],
150 silly audit   from2: [ '2.3.0' ],
150 silly audit   'fs-access': [ '1.0.1' ],
150 silly audit   'fs-write-stream-atomic': [ '1.0.10' ],
150 silly audit   'fs.realpath': [ '1.0.0' ],
150 silly audit   'deep-extend': [ '0.5.1' ],
150 silly audit   'detect-libc': [ '1.0.3' ],
150 silly audit   'fs-minipass': [ '1.2.5' ],
150 silly audit   gauge: [ '2.7.4' ],
150 silly audit   glob: [ '7.1.2', '5.0.15', '7.0.6', '6.0.4' ],
150 silly audit   'has-unicode': [ '2.0.1' ],
150 silly audit   'iconv-lite': [ '0.4.21', '0.4.19' ],
150 silly audit   'ignore-walk': [ '3.0.1' ],
150 silly audit   inflight: [ '1.0.6' ],
150 silly audit   ini: [ '1.3.5' ],
150 silly audit   'is-fullwidth-code-point': [ '1.0.0', '2.0.0' ],
150 silly audit   isarray: [ '1.0.0', '0.0.1' ],
150 silly audit   minimatch: [ '3.0.4' ],
150 silly audit   minipass: [ '2.2.4' ],
150 silly audit   minizlib: [ '1.1.0' ],
150 silly audit   mkdirp: [ '0.5.1' ],
150 silly audit   needle: [ '2.2.0' ],
150 silly audit   'node-pre-gyp': [ '0.10.0' ],
150 silly audit   nopt: [ '4.0.1', '3.0.6' ],
150 silly audit   'npm-bundled': [ '1.0.3' ],
150 silly audit   'npm-packlist': [ '1.1.10' ],
150 silly audit   npmlog: [ '4.1.2' ],
150 silly audit   'number-is-nan': [ '1.0.1' ],
150 silly audit   'object-assign': [ '4.1.1', '4.1.0' ],
150 silly audit   once: [ '1.4.0' ],
150 silly audit   'os-homedir': [ '1.0.2' ],
150 silly audit   'os-tmpdir': [ '1.0.2' ],
150 silly audit   osenv: [ '0.1.5' ],
150 silly audit   'path-is-absolute': [ '1.0.1' ],
150 silly audit   'process-nextick-args': [ '2.0.0', '1.0.7' ],
150 silly audit   rc: [ '1.2.7' ],
150 silly audit   'readable-stream': [ '2.3.6', '1.0.34', '2.0.6' ],
150 silly audit   rimraf: [ '2.6.2' ],
150 silly audit   'safer-buffer': [ '2.1.2' ],
150 silly audit   sax: [ '1.2.4', '0.5.8', '0.6.1' ],
150 silly audit   semver: [ '5.5.0', '4.3.6', '5.3.0' ],
150 silly audit   'set-blocking': [ '2.0.0' ],
150 silly audit   'signal-exit': [ '3.0.2' ],
150 silly audit   string_decoder: [ '1.1.1', '0.10.31' ],
150 silly audit   'string-width': [ '1.0.2', '2.1.1' ],
150 silly audit   'strip-json-comments': [ '2.0.1' ],
150 silly audit   tar: [ '4.4.1', '2.2.1' ],
150 silly audit   'util-deprecate': [ '1.0.2' ],
150 silly audit   'wide-align': [ '1.1.2', '1.1.3' ],
150 silly audit   wrappy: [ '1.0.2' ],
150 silly audit   yallist: [ '3.0.2', '2.1.2' ],
150 silly audit   fstream: [ '1.0.11' ],
150 silly audit   'function-bind': [ '1.1.1' ],
150 silly audit   gaze: [ '1.1.3' ],
150 silly audit   'get-caller-file': [ '1.0.3' ],
150 silly audit   'get-stdin': [ '4.0.1' ],
150 silly audit   'get-stream': [ '3.0.0' ],
150 silly audit   'get-value': [ '2.0.6' ],
150 silly audit   getpass: [ '0.1.7' ],
150 silly audit   'glob-base': [ '0.3.0' ],
150 silly audit   globals: [ '9.18.0' ],
150 silly audit   globule: [ '1.2.1' ],
150 silly audit   'graceful-fs': [ '4.1.11' ],
150 silly audit   'handle-thing': [ '1.2.5' ],
150 silly audit   handlebars: [ '4.0.11' ],
150 silly audit   'uglify-js': [ '2.8.29', '3.4.5' ],
150 silly audit   'har-schema': [ '2.0.0', '1.0.5' ],
150 silly audit   'har-validator': [ '5.0.3', '4.2.1' ],
150 silly audit   has: [ '1.0.3' ],
150 silly audit   'has-ansi': [ '2.0.0' ],
150 silly audit   'has-binary': [ '0.1.7' ],
150 silly audit   'has-cors': [ '1.1.0' ],
150 silly audit   'has-symbols': [ '1.0.0' ],
150 silly audit   'has-value': [ '1.0.0', '0.3.1' ],
150 silly audit   'has-values': [ '1.0.0', '0.1.4' ],
150 silly audit   'hash-base': [ '3.0.4' ],
150 silly audit   'hash.js': [ '1.1.5' ],
150 silly audit   hawk: [ '3.1.3' ],
150 silly audit   he: [ '1.1.1' ],
150 silly audit   'hmac-drbg': [ '1.0.1' ],
150 silly audit   hoek: [ '2.16.3' ],
150 silly audit   'hosted-git-info': [ '2.7.1' ],
150 silly audit   'hpack.js': [ '2.1.6' ],
150 silly audit   'html-entities': [ '1.2.1' ],
150 silly audit   'html-minifier': [ '3.5.19' ],
150 silly audit   'html-webpack-plugin': [ '3.2.0' ],
150 silly audit   'loader-utils': [ '0.2.17', '1.1.0' ],
150 silly audit   htmlparser2: [ '3.3.0' ],
150 silly audit   'http-deceiver': [ '1.2.7' ],
150 silly audit   'http-errors': [ '1.6.3', '1.6.2' ],
150 silly audit   'http-parser-js': [ '0.4.13' ],
150 silly audit   'http-proxy': [ '1.17.0' ],
150 silly audit   'http-proxy-middleware': [ '0.18.0' ],
150 silly audit   'http-signature': [ '1.2.0', '1.1.1' ],
150 silly audit   'https-browserify': [ '1.0.0' ],
150 silly audit   'https-proxy-agent': [ '2.2.1' ],
150 silly audit   ieee754: [ '1.1.12' ],
150 silly audit   iferr: [ '0.1.5' ],
150 silly audit   ignore: [ '3.3.10' ],
150 silly audit   'image-size': [ '0.5.5' ],
150 silly audit   immediate: [ '3.0.6' ],
150 silly audit   'import-cwd': [ '2.1.0' ],
150 silly audit   'import-from': [ '2.1.0' ],
150 silly audit   'import-local': [ '1.0.0' ],
150 silly audit   imurmurhash: [ '0.1.4' ],
150 silly audit   'in-publish': [ '2.0.0' ],
150 silly audit   'indent-string': [ '2.1.0' ],
150 silly audit   indexof: [ '0.0.1' ],
150 silly audit   'internal-ip': [ '1.2.0' ],
150 silly audit   invariant: [ '2.2.4' ],
150 silly audit   'invert-kv': [ '1.0.0' ],
150 silly audit   ip: [ '1.1.5' ],
150 silly audit   'ipaddr.js': [ '1.6.0' ],
150 silly audit   'is-arrayish': [ '0.2.1' ],
150 silly audit   'is-binary-path': [ '1.0.1' ],
150 silly audit   'is-buffer': [ '1.1.6' ],
150 silly audit   'is-builtin-module': [ '1.0.0' ],
150 silly audit   'is-callable': [ '1.1.4' ],
150 silly audit   'is-date-object': [ '1.0.1' ],
150 silly audit   'is-directory': [ '0.3.1' ],
150 silly audit   'is-dotfile': [ '1.0.3' ],
150 silly audit   'is-equal-shallow': [ '0.1.3' ],
150 silly audit   'is-finite': [ '1.0.2' ],
150 silly audit   'is-path-cwd': [ '1.0.0' ],
150 silly audit   'is-path-in-cwd': [ '1.0.1' ],
150 silly audit   'is-path-inside': [ '1.0.1' ],
150 silly audit   'is-plain-object': [ '2.0.4' ],
150 silly audit   'is-posix-bracket': [ '0.1.1' ],
150 silly audit   'is-primitive': [ '2.0.0' ],
150 silly audit   'is-regex': [ '1.0.4' ],
150 silly audit   'is-stream': [ '1.1.0' ],
150 silly audit   'is-symbol': [ '1.0.1' ],
150 silly audit   'is-typedarray': [ '1.0.0' ],
150 silly audit   'is-utf8': [ '0.2.1' ],
150 silly audit   'is-windows': [ '1.0.2' ],
150 silly audit   'is-wsl': [ '1.1.0' ],
150 silly audit   isbinaryfile: [ '3.0.2' ],
150 silly audit   isexe: [ '2.0.0' ],
150 silly audit   isstream: [ '0.1.2' ],
150 silly audit   istanbul: [ '0.4.5' ],
150 silly audit   'istanbul-api': [ '1.3.1' ],
150 silly audit   'istanbul-instrumenter-loader': [ '3.0.1' ],
150 silly audit   'schema-utils': [ '0.3.0', '0.4.5' ],
150 silly audit   'istanbul-lib-coverage': [ '1.2.0' ],
150 silly audit   'istanbul-lib-hook': [ '1.2.1' ],
150 silly audit   'istanbul-lib-instrument': [ '1.10.1' ],
150 silly audit   'istanbul-lib-report': [ '1.1.4' ],
150 silly audit   'istanbul-lib-source-maps': [ '1.2.5' ],
150 silly audit   'istanbul-reports': [ '1.3.0' ],
150 silly audit   resolve: [ '1.1.7', '1.8.1' ],
150 silly audit   jasmine: [ '2.8.0' ],
150 silly audit   'jasmine-core': [ '2.99.1', '2.8.0' ],
150 silly audit   'jasmine-spec-reporter': [ '4.2.1' ],
150 silly audit   jasminewd2: [ '2.2.0' ],
150 silly audit   'js-base64': [ '2.4.8' ],
150 silly audit   'js-tokens': [ '3.0.2' ],
150 silly audit   'js-yaml': [ '3.12.0' ],
150 silly audit   jsbn: [ '0.1.1' ],
150 silly audit   jsesc: [ '1.3.0', '0.5.0' ],
150 silly audit   'json-parse-better-errors': [ '1.0.2' ],
150 silly audit   'json-schema': [ '0.2.3' ],
150 silly audit   'json-schema-traverse': [ '0.3.1' ],
150 silly audit   'json-stable-stringify': [ '1.0.1' ],
150 silly audit   'json-stringify-safe': [ '5.0.1' ],
150 silly audit   json3: [ '3.3.2' ],
150 silly audit   json5: [ '0.5.1' ],
150 silly audit   jsonify: [ '0.0.0' ],
150 silly audit   jsprim: [ '1.4.1' ],
150 silly audit   jszip: [ '3.1.5' ],
150 silly audit   karma: [ '1.7.1' ],
150 silly audit   'karma-chrome-launcher': [ '2.2.0' ],
150 silly audit   'karma-coverage-istanbul-reporter': [ '2.0.1' ],
150 silly audit   'karma-jasmine': [ '1.1.2' ],
150 silly audit   'karma-jasmine-html-reporter': [ '0.2.2' ],
150 silly audit   'karma-source-map-support': [ '1.3.0' ],
150 silly audit   lodash: [ '3.10.1', '4.17.10' ],
150 silly audit   killable: [ '1.0.0' ],
150 silly audit   'lazy-cache': [ '1.0.4' ],
150 silly audit   lcid: [ '1.0.0' ],
150 silly audit   leb: [ '0.3.0' ],
150 silly audit   less: [ '3.7.1' ],
150 silly audit   'less-loader': [ '4.1.0' ],
150 silly audit   levn: [ '0.3.0' ],
150 silly audit   'license-webpack-plugin': [ '1.3.1' ],
150 silly audit   lie: [ '3.1.1' ],
150 silly audit   'load-json-file': [ '1.1.0' ],
150 silly audit   'loader-runner': [ '2.3.0' ],
150 silly audit   'locate-path': [ '2.0.0' ],
150 silly audit   'lodash.assign': [ '4.2.0' ],
150 silly audit   'lodash.clonedeep': [ '4.5.0' ],
150 silly audit   'lodash.debounce': [ '4.0.8' ],
150 silly audit   'lodash.mergewith': [ '4.6.1' ],
150 silly audit   'lodash.tail': [ '4.1.1' ],
150 silly audit   'log-symbols': [ '2.2.0' ],
150 silly audit   log4js: [ '0.6.38' ],
150 silly audit   loglevel: [ '1.6.1' ],
150 silly audit   loglevelnext: [ '1.0.5' ],
150 silly audit   long: [ '3.2.0' ],
150 silly audit   longest: [ '1.0.1' ],
150 silly audit   'loose-envify': [ '1.4.0' ],
150 silly audit   'loud-rejection': [ '1.6.0' ],
150 silly audit   'lower-case': [ '1.1.4' ],
150 silly audit   'lru-cache': [ '4.1.3' ],
150 silly audit   'make-dir': [ '1.3.0' ],
150 silly audit   'make-error': [ '1.3.4' ],
150 silly audit   'map-cache': [ '0.2.2' ],
150 silly audit   'map-obj': [ '1.0.1' ],
150 silly audit   'map-visit': [ '1.0.0' ],
150 silly audit   'math-random': [ '1.0.1' ],
150 silly audit   'md5.js': [ '1.3.4' ],
150 silly audit   'media-typer': [ '0.3.0' ],
150 silly audit   mem: [ '1.1.0' ],
150 silly audit   'memory-fs': [ '0.4.1' ],
150 silly audit   meow: [ '3.7.0' ],
150 silly audit   'merge-descriptors': [ '1.0.1' ],
150 silly audit   methods: [ '1.1.2' ],
150 silly audit   'miller-rabin': [ '4.0.1' ],
150 silly audit   mime: [ '1.6.0', '1.4.1', '2.3.1' ],
150 silly audit   'mime-db': [ '1.35.0' ],
150 silly audit   'mime-types': [ '2.1.19' ],
150 silly audit   'mimic-fn': [ '1.2.0' ],
150 silly audit   'mini-css-extract-plugin': [ '0.4.1' ],
150 silly audit   'minimalistic-assert': [ '1.0.1' ],
150 silly audit   'minimalistic-crypto-utils': [ '1.0.1' ],
150 silly audit   mississippi: [ '2.0.0' ],
150 silly audit   'mixin-deep': [ '1.3.1' ],
150 silly audit   'mixin-object': [ '2.0.1' ],
150 silly audit   'move-concurrently': [ '1.0.1' ],
150 silly audit   'multicast-dns': [ '6.2.3' ],
150 silly audit   'multicast-dns-service-types': [ '1.1.0' ],
150 silly audit   nan: [ '2.10.0' ],
150 silly audit   nanomatch: [ '1.2.13' ],
150 silly audit   negotiator: [ '0.6.1' ],
150 silly audit   'neo-async': [ '2.5.1' ],
150 silly audit   'next-tick': [ '1.0.0' ],
150 silly audit   'no-case': [ '2.3.2' ],
150 silly audit   'node-forge': [ '0.7.5' ],
150 silly audit   'node-gyp': [ '3.7.0' ],
150 silly audit   'performance-now': [ '0.2.0', '2.1.0' ],
150 silly audit   request: [ '2.81.0', '2.87.0' ],
150 silly audit   'node-libs-browser': [ '2.1.0' ],
150 silly audit   punycode: [ '1.4.1', '2.1.1', '1.3.2' ],
150 silly audit   'node-sass': [ '4.9.2' ],
150 silly audit   'normalize-package-data': [ '2.4.0' ],
150 silly audit   'normalize-path': [ '2.1.1' ],
150 silly audit   'normalize-range': [ '0.1.2' ],
150 silly audit   'npm-package-arg': [ '6.1.0' ],
150 silly audit   'npm-registry-client': [ '8.6.0' ],
150 silly audit   'npm-run-path': [ '2.0.2' ],
150 silly audit   'nth-check': [ '1.0.1' ],
150 silly audit   'null-check': [ '1.0.0' ],
150 silly audit   num2fraction: [ '1.2.2' ],
150 silly audit   'oauth-sign': [ '0.8.2' ],
150 silly audit   'object-component': [ '0.0.3' ],
150 silly audit   'object-copy': [ '0.1.0' ],
150 silly audit   'object-keys': [ '1.0.12' ],
150 silly audit   'object-visit': [ '1.0.1' ],
150 silly audit   'object.assign': [ '4.1.0' ],
150 silly audit   'object.getownpropertydescriptors': [ '2.0.3' ],
150 silly audit   'object.omit': [ '2.0.1' ],
150 silly audit   'object.pick': [ '1.3.0' ],
150 silly audit   obuf: [ '1.1.2' ],
150 silly audit   'on-finished': [ '2.3.0' ],
150 silly audit   'on-headers': [ '1.0.1' ],
150 silly audit   opn: [ '5.3.0' ],
150 silly audit   optimist: [ '0.6.1' ],
150 silly audit   optionator: [ '0.8.2' ],
150 silly audit   options: [ '0.0.6' ],
150 silly audit   original: [ '1.0.1' ],
150 silly audit   'os-browserify': [ '0.3.0' ],
150 silly audit   'os-locale': [ '1.4.0', '2.1.0' ],
150 silly audit   'p-finally': [ '1.0.0' ],
150 silly audit   'p-limit': [ '1.3.0' ],
150 silly audit   'p-locate': [ '2.0.0' ],
150 silly audit   'p-map': [ '1.2.0' ],
150 silly audit   'p-try': [ '1.0.0' ],
150 silly audit   pako: [ '1.0.6' ],
150 silly audit   'parallel-transform': [ '1.1.0' ],
150 silly audit   'param-case': [ '2.1.1' ],
150 silly audit   'parse-asn1': [ '5.1.1' ],
150 silly audit   'parse-glob': [ '3.0.4' ],
150 silly audit   parse5: [ '4.0.0' ],
150 silly audit   parsejson: [ '0.0.3' ],
150 silly audit   parseqs: [ '0.0.5' ],
150 silly audit   parseuri: [ '0.0.5' ],
150 silly audit   parseurl: [ '1.3.2' ],
150 silly audit   pascalcase: [ '0.1.1' ],
150 silly audit   'path-browserify': [ '0.0.0' ],
150 silly audit   'path-dirname': [ '1.0.2' ],
150 silly audit   'path-exists': [ '3.0.0', '2.1.0' ],
150 silly audit   'path-is-inside': [ '1.0.2' ],
150 silly audit   'path-key': [ '2.0.1' ],
150 silly audit   'path-parse': [ '1.0.5' ],
150 silly audit   'path-to-regexp': [ '0.1.7' ],
150 silly audit   'path-type': [ '3.0.0', '1.1.0' ],
150 silly audit   pbkdf2: [ '3.0.16' ],
150 silly audit   pinkie: [ '2.0.4' ],
150 silly audit   'pinkie-promise': [ '2.0.1' ],
150 silly audit   'pkg-dir': [ '2.0.0' ],
150 silly audit   portfinder: [ '1.0.13' ],
150 silly audit   'posix-character-classes': [ '0.1.1' ],
150 silly audit   postcss: [ '6.0.23' ],
150 silly audit   'postcss-import': [ '11.1.0' ],
150 silly audit   'postcss-load-config': [ '2.0.0' ],
150 silly audit   'postcss-loader': [ '2.1.6' ],
150 silly audit   'postcss-url': [ '7.3.2' ],
150 silly audit   'postcss-value-parser': [ '3.3.0' ],
150 silly audit   'prelude-ls': [ '1.1.2' ],
150 silly audit   preserve: [ '0.2.0' ],
150 silly audit   'pretty-error': [ '2.1.1' ],
150 silly audit   process: [ '0.11.10' ],
150 silly audit   promise: [ '7.3.1' ],
150 silly audit   'promise-inflight': [ '1.0.1' ],
150 silly audit   protractor: [ '5.3.2' ],
150 silly audit   'source-map-support': [ '0.4.18', '0.5.6' ],
150 silly audit   'webdriver-manager': [ '12.1.0' ],
150 silly audit   'proxy-addr': [ '2.0.3' ],
150 silly audit   prr: [ '1.0.1' ],
150 silly audit   pseudomap: [ '1.0.2' ],
150 silly audit   'public-encrypt': [ '4.0.2' ],
150 silly audit   pump: [ '2.0.1' ],
150 silly audit   pumpify: [ '1.5.1' ],
150 silly audit   q: [ '1.4.1' ],
150 silly audit   qjobs: [ '1.2.0' ],
150 silly audit   querystring: [ '0.2.0' ],
150 silly audit   'querystring-es3': [ '0.2.1' ],
150 silly audit   querystringify: [ '2.0.0' ],
150 silly audit   randomatic: [ '3.0.0' ],
150 silly audit   randombytes: [ '2.0.6' ],
150 silly audit   randomfill: [ '1.0.4' ],
150 silly audit   'range-parser': [ '1.2.0' ],
150 silly audit   'raw-body': [ '2.3.2' ],
150 silly audit   setprototypeof: [ '1.0.3', '1.1.0' ],
150 silly audit   'raw-loader': [ '0.5.1' ],
150 silly audit   'read-cache': [ '1.0.0' ],
150 silly audit   'read-pkg': [ '1.1.0' ],
150 silly audit   'read-pkg-up': [ '1.0.1' ],
150 silly audit   readdirp: [ '2.1.0' ],
150 silly audit   redent: [ '1.0.0' ],
150 silly audit   'reflect-metadata': [ '0.1.12' ],
150 silly audit   regenerate: [ '1.4.0' ],
150 silly audit   'regenerator-runtime': [ '0.11.1' ],
150 silly audit   'regex-cache': [ '0.4.4' ],
150 silly audit   'regex-not': [ '1.0.2' ],
150 silly audit   'regexpu-core': [ '1.0.0' ],
150 silly audit   regjsgen: [ '0.2.0' ],
150 silly audit   regjsparser: [ '0.1.5' ],
150 silly audit   relateurl: [ '0.2.7' ],
150 silly audit   'remove-trailing-separator': [ '1.1.0' ],
150 silly audit   renderkid: [ '2.0.1' ],
150 silly audit   'repeat-element': [ '1.1.2' ],
150 silly audit   repeating: [ '2.0.1' ],
150 silly audit   'require-directory': [ '2.1.1' ],
150 silly audit   'require-from-string': [ '2.0.2' ],
150 silly audit   'require-main-filename': [ '1.0.1' ],
150 silly audit   'requires-port': [ '1.0.0' ],
150 silly audit   'resolve-cwd': [ '2.0.0' ],
150 silly audit   'resolve-from': [ '3.0.0' ],
150 silly audit   'resolve-url': [ '0.2.1' ],
150 silly audit   ret: [ '0.1.15' ],
150 silly audit   retry: [ '0.10.1' ],
150 silly audit   'right-align': [ '0.1.3' ],
150 silly audit   ripemd160: [ '2.0.2' ],
150 silly audit   'run-queue': [ '1.0.3' ],
150 silly audit   rxjs: [ '6.2.2' ],
150 silly audit   'safe-regex': [ '1.1.0' ],
150 silly audit   'sass-graph': [ '2.2.4' ],
150 silly audit   y18n: [ '3.2.1', '4.0.0' ],
150 silly audit   yargs: [ '7.1.0', '11.0.0', '3.10.0' ],
150 silly audit   'sass-loader': [ '7.0.3' ],
150 silly audit   saucelabs: [ '1.5.0' ],
150 silly audit   'scss-tokenizer': [ '0.2.3' ],
150 silly audit   'select-hose': [ '2.0.0' ],
150 silly audit   'selenium-webdriver': [ '3.6.0', '2.53.3' ],
150 silly audit   tmp: [ '0.0.30', '0.0.31', '0.0.24' ],
150 silly audit   selfsigned: [ '1.10.3' ],
150 silly audit   'semver-dsl': [ '1.0.1' ],
150 silly audit   'semver-intersect': [ '1.3.1' ],
150 silly audit   send: [ '0.16.2' ],
150 silly audit   'serialize-javascript': [ '1.5.0' ],
150 silly audit   'serve-index': [ '1.9.1' ],
150 silly audit   'serve-static': [ '1.13.2' ],
150 silly audit   'set-immediate-shim': [ '1.0.1' ],
150 silly audit   'set-value': [ '2.0.0', '0.4.3' ],
150 silly audit   setimmediate: [ '1.0.5' ],
150 silly audit   'sha.js': [ '2.4.11' ],
150 silly audit   'shallow-clone': [ '1.0.0' ],
150 silly audit   'shebang-command': [ '1.2.0' ],
150 silly audit   'shebang-regex': [ '1.0.0' ],
150 silly audit   'silent-error': [ '1.1.0' ],
150 silly audit   slash: [ '1.0.0' ],
150 silly audit   slide: [ '1.1.6' ],
150 silly audit   snapdragon: [ '0.8.2' ],
150 silly audit   'snapdragon-node': [ '2.1.1' ],
150 silly audit   'snapdragon-util': [ '3.0.1' ],
150 silly audit   sntp: [ '1.0.9' ],
150 silly audit   'socket.io': [ '1.7.3' ],
150 silly audit   'socket.io-adapter': [ '0.5.0' ],
150 silly audit   'socket.io-client': [ '1.7.3' ],
150 silly audit   'socket.io-parser': [ '2.3.1' ],
150 silly audit   sockjs: [ '0.3.19' ],
150 silly audit   'sockjs-client': [ '1.1.5' ],
150 silly audit   'source-list-map': [ '2.0.0', '0.1.8' ],
150 silly audit   'source-map-resolve': [ '0.5.2' ],
150 silly audit   'source-map-url': [ '0.4.0' ],
150 silly audit   'spdx-correct': [ '3.0.0' ],
150 silly audit   'spdx-exceptions': [ '2.1.0' ],
150 silly audit   'spdx-expression-parse': [ '3.0.0' ],
150 silly audit   'spdx-license-ids': [ '3.0.0' ],
150 silly audit   spdy: [ '3.4.7' ],
150 silly audit   'spdy-transport': [ '2.1.0' ],
150 silly audit   'split-string': [ '3.1.0' ],
150 silly audit   'sprintf-js': [ '1.0.3' ],
150 silly audit   sshpk: [ '1.14.2' ],
150 silly audit   ssri: [ '5.3.0' ],
150 silly audit   'static-extend': [ '0.1.2' ],
150 silly audit   'stats-webpack-plugin': [ '0.6.2' ],
150 silly audit   'stdout-stream': [ '1.4.0' ],
150 silly audit   'stream-browserify': [ '2.0.1' ],
150 silly audit   'stream-each': [ '1.2.2' ],
150 silly audit   'stream-http': [ '2.8.3' ],
150 silly audit   'stream-shift': [ '1.0.0' ],
150 silly audit   stringstream: [ '0.0.6' ],
150 silly audit   'strip-eof': [ '1.0.0' ],
150 silly audit   'strip-indent': [ '1.0.1' ],
150 silly audit   'style-loader': [ '0.21.0' ],
150 silly audit   stylus: [ '0.54.5' ],
150 silly audit   'stylus-loader': [ '3.0.2' ],
150 silly audit   'symbol-observable': [ '1.2.0' ],
150 silly audit   tapable: [ '1.0.0' ],
150 silly audit   'text-table': [ '0.2.0' ],
150 silly audit   through: [ '2.3.8' ],
150 silly audit   through2: [ '2.0.3' ],
150 silly audit   thunky: [ '1.0.2' ],
150 silly audit   'timers-browserify': [ '2.0.10' ],
150 silly audit   'to-array': [ '0.1.4' ],
150 silly audit   'to-arraybuffer': [ '1.0.1' ],
150 silly audit   'to-fast-properties': [ '1.0.3' ],
150 silly audit   'to-object-path': [ '0.3.0' ],
150 silly audit   'to-regex': [ '3.0.2' ],
150 silly audit   'to-regex-range': [ '2.1.1' ],
150 silly audit   toposort: [ '1.0.7' ],
150 silly audit   'tough-cookie': [ '2.3.4' ],
150 silly audit   'tree-kill': [ '1.2.0' ],
150 silly audit   'trim-newlines': [ '1.0.0' ],
150 silly audit   'trim-right': [ '1.0.1' ],
150 silly audit   'true-case-path': [ '1.0.2' ],
150 silly audit   'ts-node': [ '5.0.1' ],
150 silly audit   tsickle: [ '0.29.0' ],
150 silly audit   tslib: [ '1.9.3' ],
150 silly audit   tslint: [ '5.9.1' ],
150 silly audit   tsutils: [ '2.28.0' ],
150 silly audit   'tty-browserify': [ '0.0.0' ],
150 silly audit   'tunnel-agent': [ '0.6.0' ],
150 silly audit   tweetnacl: [ '0.14.5' ],
150 silly audit   'type-check': [ '0.3.2' ],
150 silly audit   'type-is': [ '1.6.16' ],
150 silly audit   typedarray: [ '0.0.6' ],
150 silly audit   'uglify-to-browserify': [ '1.0.2' ],
150 silly audit   'uglifyjs-webpack-plugin': [ '1.2.7' ],
150 silly audit   'uglify-es': [ '3.3.9' ],
150 silly audit   ultron: [ '1.0.2' ],
150 silly audit   'union-value': [ '1.0.0' ],
150 silly audit   'unique-filename': [ '1.1.0' ],
150 silly audit   'unique-slug': [ '2.0.0' ],
150 silly audit   unpipe: [ '1.0.0' ],
150 silly audit   'unset-value': [ '1.0.0' ],
150 silly audit   upath: [ '1.1.0' ],
150 silly audit   'upper-case': [ '1.1.3' ],
150 silly audit   'uri-js': [ '3.0.2' ],
150 silly audit   urix: [ '0.1.0' ],
150 silly audit   url: [ '0.11.0' ],
150 silly audit   'url-join': [ '4.0.0' ],
150 silly audit   'url-loader': [ '1.0.1' ],
150 silly audit   'url-parse': [ '1.4.1' ],
150 silly audit   use: [ '3.1.1' ],
150 silly audit   useragent: [ '2.3.0' ],
150 silly audit   'util.promisify': [ '1.0.0' ],
150 silly audit   'utils-merge': [ '1.0.1' ],
150 silly audit   uuid: [ '3.3.2' ],
150 silly audit   'validate-npm-package-license': [ '3.0.3' ],
150 silly audit   'validate-npm-package-name': [ '3.0.0' ],
150 silly audit   vary: [ '1.1.2' ],
150 silly audit   verror: [ '1.10.0' ],
150 silly audit   'vm-browserify': [ '0.0.4' ],
150 silly audit   'void-elements': [ '2.0.1' ],
150 silly audit   watchpack: [ '1.6.0' ],
150 silly audit   wbuf: [ '1.7.3' ],
150 silly audit   webassemblyjs: [ '1.4.3' ],
150 silly audit   'webdriver-js-extender': [ '1.0.0' ],
150 silly audit   xml2js: [ '0.4.4', '0.4.19' ],
150 silly audit   webpack: [ '4.8.3' ],
150 silly audit   'webpack-core': [ '0.6.9' ],
150 silly audit   'webpack-dev-middleware': [ '3.1.3' ],
150 silly audit   'webpack-dev-server': [ '3.1.5' ],
150 silly audit   'which-module': [ '2.0.0', '1.0.0' ],
150 silly audit   'webpack-log': [ '1.2.0' ],
150 silly audit   'webpack-merge': [ '4.1.3' ],
150 silly audit   'webpack-sources': [ '1.1.0' ],
150 silly audit   'webpack-subresource-integrity': [ '1.1.0-rc.4' ],
150 silly audit   'websocket-driver': [ '0.7.0' ],
150 silly audit   'websocket-extensions': [ '0.1.3' ],
150 silly audit   when: [ '3.6.4' ],
150 silly audit   which: [ '1.3.1' ],
150 silly audit   'window-size': [ '0.1.0' ],
150 silly audit   'worker-farm': [ '1.6.0' ],
150 silly audit   'wrap-ansi': [ '2.1.0' ],
150 silly audit   ws: [ '1.1.2' ],
150 silly audit   'wtf-8': [ '1.0.0' ],
150 silly audit   xmlbuilder: [ '9.0.7' ],
150 silly audit   'xmlhttprequest-ssl': [ '1.5.3' ],
150 silly audit   xtend: [ '4.0.1' ],
150 silly audit   xxhashjs: [ '0.2.2' ],
150 silly audit   yeast: [ '0.1.2' ],
150 silly audit   yn: [ '2.0.0' ],
150 silly audit   'zone.js': [ '0.8.26' ],
150 silly audit   fsevents: [ '1.2.4' ]
150 silly audit }
151 silly tarball no local data for zone.js@https://registry.npmjs.org/zone.js/-/zone.js-0.8.26.tgz. Extracting by manifest.
152 silly tarball no local data for yn@https://registry.npmjs.org/yn/-/yn-2.0.0.tgz. Extracting by manifest.
153 silly tarball no local data for yargs-parser@https://registry.npmjs.org/yargs-parser/-/yargs-parser-5.0.0.tgz. Extracting by manifest.
154 silly tarball no local data for yargs@https://registry.npmjs.org/yargs/-/yargs-3.10.0.tgz. Extracting by manifest.
155 silly tarball no local data for yallist@https://registry.npmjs.org/yallist/-/yallist-2.1.2.tgz. Extracting by manifest.
156 silly tarball no local data for y18n@https://registry.npmjs.org/y18n/-/y18n-4.0.0.tgz. Extracting by manifest.
157 silly tarball no local data for xxhashjs@https://registry.npmjs.org/xxhashjs/-/xxhashjs-0.2.2.tgz. Extracting by manifest.
158 silly tarball no local data for yeast@https://registry.npmjs.org/yeast/-/yeast-0.1.2.tgz. Extracting by manifest.
159 silly tarball no local data for xtend@https://registry.npmjs.org/xtend/-/xtend-4.0.1.tgz. Extracting by manifest.
160 silly tarball no local data for xmlhttprequest-ssl@https://registry.npmjs.org/xmlhttprequest-ssl/-/xmlhttprequest-ssl-1.5.3.tgz. Extracting by manifest.
161 silly tarball no local data for xml2js@https://registry.npmjs.org/xml2js/-/xml2js-0.4.19.tgz. Extracting by manifest.
162 silly tarball no local data for wtf-8@https://registry.npmjs.org/wtf-8/-/wtf-8-1.0.0.tgz. Extracting by manifest.
163 silly tarball no local data for ws@https://registry.npmjs.org/ws/-/ws-1.1.2.tgz. Extracting by manifest.
164 silly tarball no local data for wrappy@https://registry.npmjs.org/wrappy/-/wrappy-1.0.2.tgz. Extracting by manifest.
165 silly tarball no local data for wrap-ansi@https://registry.npmjs.org/wrap-ansi/-/wrap-ansi-2.1.0.tgz. Extracting by manifest.
166 silly tarball no local data for worker-farm@https://registry.npmjs.org/worker-farm/-/worker-farm-1.6.0.tgz. Extracting by manifest.
167 silly tarball no local data for wordwrap@https://registry.npmjs.org/wordwrap/-/wordwrap-1.0.0.tgz. Extracting by manifest.
168 silly tarball no local data for window-size@https://registry.npmjs.org/window-size/-/window-size-0.1.0.tgz. Extracting by manifest.
169 silly tarball no local data for wide-align@https://registry.npmjs.org/wide-align/-/wide-align-1.1.3.tgz. Extracting by manifest.
170 silly tarball no local data for which-module@https://registry.npmjs.org/which-module/-/which-module-1.0.0.tgz. Extracting by manifest.
171 silly tarball no local data for which@https://registry.npmjs.org/which/-/which-1.3.1.tgz. Extracting by manifest.
172 silly tarball no local data for xmlbuilder@https://registry.npmjs.org/xmlbuilder/-/xmlbuilder-9.0.7.tgz. Extracting by manifest.
173 silly tarball no local data for websocket-extensions@https://registry.npmjs.org/websocket-extensions/-/websocket-extensions-0.1.3.tgz. Extracting by manifest.
174 silly tarball no local data for when@https://registry.npmjs.org/when/-/when-3.6.4.tgz. Extracting by manifest.
175 silly tarball no local data for websocket-driver@https://registry.npmjs.org/websocket-driver/-/websocket-driver-0.7.0.tgz. Extracting by manifest.
176 silly tarball no local data for webpack-subresource-integrity@https://registry.npmjs.org/webpack-subresource-integrity/-/webpack-subresource-integrity-1.1.0-rc.4.tgz. Extracting by manifest.
177 silly tarball no local data for webpack-log@https://registry.npmjs.org/webpack-log/-/webpack-log-1.2.0.tgz. Extracting by manifest.
178 silly tarball no local data for webpack-sources@https://registry.npmjs.org/webpack-sources/-/webpack-sources-1.1.0.tgz. Extracting by manifest.
179 silly tarball no local data for webpack-merge@https://registry.npmjs.org/webpack-merge/-/webpack-merge-4.1.3.tgz. Extracting by manifest.
180 silly tarball no local data for webpack-dev-server@https://registry.npmjs.org/webpack-dev-server/-/webpack-dev-server-3.1.5.tgz. Extracting by manifest.
181 silly tarball no local data for webpack-dev-middleware@https://registry.npmjs.org/webpack-dev-middleware/-/webpack-dev-middleware-3.1.3.tgz. Extracting by manifest.
182 silly tarball no local data for webpack-core@https://registry.npmjs.org/webpack-core/-/webpack-core-0.6.9.tgz. Extracting by manifest.
183 silly tarball no local data for webpack@https://registry.npmjs.org/webpack/-/webpack-4.8.3.tgz. Extracting by manifest.
184 silly tarball no local data for webdriver-js-extender@https://registry.npmjs.org/webdriver-js-extender/-/webdriver-js-extender-1.0.0.tgz. Extracting by manifest.
185 silly tarball no local data for webassemblyjs@https://registry.npmjs.org/webassemblyjs/-/webassemblyjs-1.4.3.tgz. Extracting by manifest.
186 silly tarball no local data for wbuf@https://registry.npmjs.org/wbuf/-/wbuf-1.7.3.tgz. Extracting by manifest.
187 silly tarball no local data for watchpack@https://registry.npmjs.org/watchpack/-/watchpack-1.6.0.tgz. Extracting by manifest.
188 silly tarball no local data for void-elements@https://registry.npmjs.org/void-elements/-/void-elements-2.0.1.tgz. Extracting by manifest.
189 silly tarball no local data for vm-browserify@https://registry.npmjs.org/vm-browserify/-/vm-browserify-0.0.4.tgz. Extracting by manifest.
190 silly tarball no local data for verror@https://registry.npmjs.org/verror/-/verror-1.10.0.tgz. Extracting by manifest.
191 silly tarball no local data for vary@https://registry.npmjs.org/vary/-/vary-1.1.2.tgz. Extracting by manifest.
192 silly tarball no local data for validate-npm-package-name@https://registry.npmjs.org/validate-npm-package-name/-/validate-npm-package-name-3.0.0.tgz. Extracting by manifest.
193 silly tarball no local data for uuid@https://registry.npmjs.org/uuid/-/uuid-3.3.2.tgz. Extracting by manifest.
194 silly tarball no local data for utils-merge@https://registry.npmjs.org/utils-merge/-/utils-merge-1.0.1.tgz. Extracting by manifest.
195 silly tarball no local data for validate-npm-package-license@https://registry.npmjs.org/validate-npm-package-license/-/validate-npm-package-license-3.0.3.tgz. Extracting by manifest.
196 silly tarball no local data for utila@https://registry.npmjs.org/utila/-/utila-0.4.0.tgz. Extracting by manifest.
197 silly tarball no local data for util.promisify@https://registry.npmjs.org/util.promisify/-/util.promisify-1.0.0.tgz. Extracting by manifest.
198 silly tarball no local data for util-deprecate@https://registry.npmjs.org/util-deprecate/-/util-deprecate-1.0.2.tgz. Extracting by manifest.
199 silly tarball no local data for useragent@https://registry.npmjs.org/useragent/-/useragent-2.3.0.tgz. Extracting by manifest.
200 silly tarball no local data for util@https://registry.npmjs.org/util/-/util-0.10.4.tgz. Extracting by manifest.
201 silly tarball no local data for use@https://registry.npmjs.org/use/-/use-3.1.1.tgz. Extracting by manifest.
202 silly tarball no local data for url-parse@https://registry.npmjs.org/url-parse/-/url-parse-1.4.1.tgz. Extracting by manifest.
203 silly tarball no local data for url-loader@https://registry.npmjs.org/url-loader/-/url-loader-1.0.1.tgz. Extracting by manifest.
204 silly tarball no local data for url@https://registry.npmjs.org/url/-/url-0.11.0.tgz. Extracting by manifest.
205 silly tarball no local data for uri-js@https://registry.npmjs.org/uri-js/-/uri-js-3.0.2.tgz. Extracting by manifest.
206 silly tarball no local data for url-join@https://registry.npmjs.org/url-join/-/url-join-4.0.0.tgz. Extracting by manifest.
207 silly tarball no local data for urix@https://registry.npmjs.org/urix/-/urix-0.1.0.tgz. Extracting by manifest.
208 silly tarball no local data for upath@https://registry.npmjs.org/upath/-/upath-1.1.0.tgz. Extracting by manifest.
209 silly tarball no local data for upper-case@https://registry.npmjs.org/upper-case/-/upper-case-1.1.3.tgz. Extracting by manifest.
210 silly tarball no local data for unset-value@https://registry.npmjs.org/unset-value/-/unset-value-1.0.0.tgz. Extracting by manifest.
211 silly tarball no local data for unpipe@https://registry.npmjs.org/unpipe/-/unpipe-1.0.0.tgz. Extracting by manifest.
212 silly tarball no local data for unique-slug@https://registry.npmjs.org/unique-slug/-/unique-slug-2.0.0.tgz. Extracting by manifest.
213 silly tarball no local data for union-value@https://registry.npmjs.org/union-value/-/union-value-1.0.0.tgz. Extracting by manifest.
214 silly tarball no local data for unique-filename@https://registry.npmjs.org/unique-filename/-/unique-filename-1.1.0.tgz. Extracting by manifest.
215 silly tarball no local data for ultron@https://registry.npmjs.org/ultron/-/ultron-1.0.2.tgz. Extracting by manifest.
216 silly tarball no local data for uglifyjs-webpack-plugin@https://registry.npmjs.org/uglifyjs-webpack-plugin/-/uglifyjs-webpack-plugin-1.2.7.tgz. Extracting by manifest.
217 silly tarball no local data for uglify-to-browserify@https://registry.npmjs.org/uglify-to-browserify/-/uglify-to-browserify-1.0.2.tgz. Extracting by manifest.
218 silly tarball no local data for uglify-js@https://registry.npmjs.org/uglify-js/-/uglify-js-3.4.5.tgz. Extracting by manifest.
219 silly tarball no local data for typedarray@https://registry.npmjs.org/typedarray/-/typedarray-0.0.6.tgz. Extracting by manifest.
220 silly tarball no local data for typescript@https://registry.npmjs.org/typescript/-/typescript-2.7.2.tgz. Extracting by manifest.
221 silly tarball no local data for type-is@https://registry.npmjs.org/type-is/-/type-is-1.6.16.tgz. Extracting by manifest.
222 silly tarball no local data for type-check@https://registry.npmjs.org/type-check/-/type-check-0.3.2.tgz. Extracting by manifest.
223 silly tarball no local data for tweetnacl@https://registry.npmjs.org/tweetnacl/-/tweetnacl-0.14.5.tgz. Extracting by manifest.
224 silly tarball no local data for tty-browserify@https://registry.npmjs.org/tty-browserify/-/tty-browserify-0.0.0.tgz. Extracting by manifest.
225 silly tarball no local data for tunnel-agent@https://registry.npmjs.org/tunnel-agent/-/tunnel-agent-0.6.0.tgz. Extracting by manifest.
226 silly tarball no local data for tsutils@https://registry.npmjs.org/tsutils/-/tsutils-2.28.0.tgz. Extracting by manifest.
227 silly tarball no local data for tslint@https://registry.npmjs.org/tslint/-/tslint-5.9.1.tgz. Extracting by manifest.
228 silly tarball no local data for tslib@https://registry.npmjs.org/tslib/-/tslib-1.9.3.tgz. Extracting by manifest.
229 silly tarball no local data for tsickle@https://registry.npmjs.org/tsickle/-/tsickle-0.29.0.tgz. Extracting by manifest.
230 silly tarball no local data for ts-node@https://registry.npmjs.org/ts-node/-/ts-node-5.0.1.tgz. Extracting by manifest.
231 silly tarball no local data for true-case-path@https://registry.npmjs.org/true-case-path/-/true-case-path-1.0.2.tgz. Extracting by manifest.
232 silly tarball no local data for trim-right@https://registry.npmjs.org/trim-right/-/trim-right-1.0.1.tgz. Extracting by manifest.
233 silly tarball no local data for tree-kill@https://registry.npmjs.org/tree-kill/-/tree-kill-1.2.0.tgz. Extracting by manifest.
234 silly tarball no local data for tough-cookie@https://registry.npmjs.org/tough-cookie/-/tough-cookie-2.3.4.tgz. Extracting by manifest.
235 silly tarball no local data for trim-newlines@https://registry.npmjs.org/trim-newlines/-/trim-newlines-1.0.0.tgz. Extracting by manifest.
236 silly tarball no local data for toposort@https://registry.npmjs.org/toposort/-/toposort-1.0.7.tgz. Extracting by manifest.
237 silly tarball no local data for to-regex-range@https://registry.npmjs.org/to-regex-range/-/to-regex-range-2.1.1.tgz. Extracting by manifest.
238 silly tarball no local data for to-regex@https://registry.npmjs.org/to-regex/-/to-regex-3.0.2.tgz. Extracting by manifest.
239 silly tarball no local data for to-fast-properties@https://registry.npmjs.org/to-fast-properties/-/to-fast-properties-1.0.3.tgz. Extracting by manifest.
240 silly tarball no local data for to-object-path@https://registry.npmjs.org/to-object-path/-/to-object-path-0.3.0.tgz. Extracting by manifest.
241 silly tarball no local data for to-arraybuffer@https://registry.npmjs.org/to-arraybuffer/-/to-arraybuffer-1.0.1.tgz. Extracting by manifest.
242 silly tarball no local data for to-array@https://registry.npmjs.org/to-array/-/to-array-0.1.4.tgz. Extracting by manifest.
243 silly tarball no local data for tmp@https://registry.npmjs.org/tmp/-/tmp-0.0.31.tgz. Extracting by manifest.
244 silly tarball no local data for timers-browserify@https://registry.npmjs.org/timers-browserify/-/timers-browserify-2.0.10.tgz. Extracting by manifest.
245 silly tarball no local data for through2@https://registry.npmjs.org/through2/-/through2-2.0.3.tgz. Extracting by manifest.
246 silly tarball no local data for thunky@https://registry.npmjs.org/thunky/-/thunky-1.0.2.tgz. Extracting by manifest.
247 silly tarball no local data for through@https://registry.npmjs.org/through/-/through-2.3.8.tgz. Extracting by manifest.
248 silly tarball no local data for tapable@https://registry.npmjs.org/tapable/-/tapable-1.0.0.tgz. Extracting by manifest.
249 silly tarball no local data for tar@https://registry.npmjs.org/tar/-/tar-2.2.1.tgz. Extracting by manifest.
250 silly tarball no local data for text-table@https://registry.npmjs.org/text-table/-/text-table-0.2.0.tgz. Extracting by manifest.
251 silly tarball no local data for symbol-observable@https://registry.npmjs.org/symbol-observable/-/symbol-observable-1.2.0.tgz. Extracting by manifest.
252 silly tarball no local data for supports-color@https://registry.npmjs.org/supports-color/-/supports-color-5.4.0.tgz. Extracting by manifest.
253 silly tarball no local data for stylus@https://registry.npmjs.org/stylus/-/stylus-0.54.5.tgz. Extracting by manifest.
254 silly tarball no local data for stylus-loader@https://registry.npmjs.org/stylus-loader/-/stylus-loader-3.0.2.tgz. Extracting by manifest.
255 silly tarball no local data for style-loader@https://registry.npmjs.org/style-loader/-/style-loader-0.21.0.tgz. Extracting by manifest.
256 silly tarball no local data for strip-indent@https://registry.npmjs.org/strip-indent/-/strip-indent-1.0.1.tgz. Extracting by manifest.
257 silly tarball no local data for strip-eof@https://registry.npmjs.org/strip-eof/-/strip-eof-1.0.0.tgz. Extracting by manifest.
258 silly tarball no local data for strip-bom@https://registry.npmjs.org/strip-bom/-/strip-bom-2.0.0.tgz. Extracting by manifest.
259 silly tarball no local data for strip-ansi@https://registry.npmjs.org/strip-ansi/-/strip-ansi-3.0.1.tgz. Extracting by manifest.
260 silly tarball no local data for stringstream@https://registry.npmjs.org/stringstream/-/stringstream-0.0.6.tgz. Extracting by manifest.
261 silly tarball no local data for string-width@https://registry.npmjs.org/string-width/-/string-width-1.0.2.tgz. Extracting by manifest.
262 silly tarball no local data for stream-shift@https://registry.npmjs.org/stream-shift/-/stream-shift-1.0.0.tgz. Extracting by manifest.
263 silly tarball no local data for string_decoder@https://registry.npmjs.org/string_decoder/-/string_decoder-1.1.1.tgz. Extracting by manifest.
264 silly tarball no local data for stream-http@https://registry.npmjs.org/stream-http/-/stream-http-2.8.3.tgz. Extracting by manifest.
265 silly tarball no local data for stream-each@https://registry.npmjs.org/stream-each/-/stream-each-1.2.2.tgz. Extracting by manifest.
266 silly tarball no local data for stream-browserify@https://registry.npmjs.org/stream-browserify/-/stream-browserify-2.0.1.tgz. Extracting by manifest.
267 silly tarball no local data for stdout-stream@https://registry.npmjs.org/stdout-stream/-/stdout-stream-1.4.0.tgz. Extracting by manifest.
268 silly tarball no local data for statuses@https://registry.npmjs.org/statuses/-/statuses-1.4.0.tgz. Extracting by manifest.
269 silly tarball no local data for ssri@https://registry.npmjs.org/ssri/-/ssri-5.3.0.tgz. Extracting by manifest.
270 silly tarball no local data for static-extend@https://registry.npmjs.org/static-extend/-/static-extend-0.1.2.tgz. Extracting by manifest.
271 silly tarball no local data for sshpk@https://registry.npmjs.org/sshpk/-/sshpk-1.14.2.tgz. Extracting by manifest.
272 silly tarball no local data for stats-webpack-plugin@https://registry.npmjs.org/stats-webpack-plugin/-/stats-webpack-plugin-0.6.2.tgz. Extracting by manifest.
273 silly tarball no local data for sprintf-js@https://registry.npmjs.org/sprintf-js/-/sprintf-js-1.0.3.tgz. Extracting by manifest.
274 silly tarball no local data for split-string@https://registry.npmjs.org/split-string/-/split-string-3.1.0.tgz. Extracting by manifest.
275 silly tarball no local data for spdy-transport@https://registry.npmjs.org/spdy-transport/-/spdy-transport-2.1.0.tgz. Extracting by manifest.
276 silly tarball no local data for spdy@https://registry.npmjs.org/spdy/-/spdy-3.4.7.tgz. Extracting by manifest.
277 silly tarball no local data for spdx-exceptions@https://registry.npmjs.org/spdx-exceptions/-/spdx-exceptions-2.1.0.tgz. Extracting by manifest.
278 silly tarball no local data for spdx-expression-parse@https://registry.npmjs.org/spdx-expression-parse/-/spdx-expression-parse-3.0.0.tgz. Extracting by manifest.
279 silly tarball no local data for spdx-license-ids@https://registry.npmjs.org/spdx-license-ids/-/spdx-license-ids-3.0.0.tgz. Extracting by manifest.
280 silly tarball no local data for spdx-correct@https://registry.npmjs.org/spdx-correct/-/spdx-correct-3.0.0.tgz. Extracting by manifest.
281 silly tarball no local data for source-map-url@https://registry.npmjs.org/source-map-url/-/source-map-url-0.4.0.tgz. Extracting by manifest.
282 silly tarball no local data for source-map-support@https://registry.npmjs.org/source-map-support/-/source-map-support-0.5.6.tgz. Extracting by manifest.
283 silly tarball no local data for source-map-resolve@https://registry.npmjs.org/source-map-resolve/-/source-map-resolve-0.5.2.tgz. Extracting by manifest.
284 silly tarball no local data for source-map@https://registry.npmjs.org/source-map/-/source-map-0.5.7.tgz. Extracting by manifest.
285 silly tarball no local data for source-list-map@https://registry.npmjs.org/source-list-map/-/source-list-map-2.0.0.tgz. Extracting by manifest.
286 silly tarball no local data for sockjs-client@https://registry.npmjs.org/sockjs-client/-/sockjs-client-1.1.5.tgz. Extracting by manifest.
287 silly tarball no local data for sockjs@https://registry.npmjs.org/sockjs/-/sockjs-0.3.19.tgz. Extracting by manifest.
288 silly tarball no local data for socket.io-parser@https://registry.npmjs.org/socket.io-parser/-/socket.io-parser-2.3.1.tgz. Extracting by manifest.
289 silly tarball no local data for socket.io-client@https://registry.npmjs.org/socket.io-client/-/socket.io-client-1.7.3.tgz. Extracting by manifest.
290 silly tarball no local data for socket.io-adapter@https://registry.npmjs.org/socket.io-adapter/-/socket.io-adapter-0.5.0.tgz. Extracting by manifest.
291 silly tarball no local data for socket.io@https://registry.npmjs.org/socket.io/-/socket.io-1.7.3.tgz. Extracting by manifest.
292 silly tarball no local data for sntp@https://registry.npmjs.org/sntp/-/sntp-1.0.9.tgz. Extracting by manifest.
293 silly tarball no local data for snapdragon-util@https://registry.npmjs.org/snapdragon-util/-/snapdragon-util-3.0.1.tgz. Extracting by manifest.
294 silly tarball no local data for snapdragon@https://registry.npmjs.org/snapdragon/-/snapdragon-0.8.2.tgz. Extracting by manifest.
295 silly tarball no local data for snapdragon-node@https://registry.npmjs.org/snapdragon-node/-/snapdragon-node-2.1.1.tgz. Extracting by manifest.
296 silly tarball no local data for slide@https://registry.npmjs.org/slide/-/slide-1.1.6.tgz. Extracting by manifest.
297 silly tarball no local data for silent-error@https://registry.npmjs.org/silent-error/-/silent-error-1.1.0.tgz. Extracting by manifest.
298 silly tarball no local data for slash@https://registry.npmjs.org/slash/-/slash-1.0.0.tgz. Extracting by manifest.
299 silly tarball no local data for signal-exit@https://registry.npmjs.org/signal-exit/-/signal-exit-3.0.2.tgz. Extracting by manifest.
300 silly tarball no local data for shebang-regex@https://registry.npmjs.org/shebang-regex/-/shebang-regex-1.0.0.tgz. Extracting by manifest.
301 silly tarball no local data for shebang-command@https://registry.npmjs.org/shebang-command/-/shebang-command-1.2.0.tgz. Extracting by manifest.
302 silly tarball no local data for shallow-clone@https://registry.npmjs.org/shallow-clone/-/shallow-clone-1.0.0.tgz. Extracting by manifest.
303 silly tarball no local data for setprototypeof@https://registry.npmjs.org/setprototypeof/-/setprototypeof-1.1.0.tgz. Extracting by manifest.
304 silly tarball no local data for sha.js@https://registry.npmjs.org/sha.js/-/sha.js-2.4.11.tgz. Extracting by manifest.
305 silly tarball no local data for setimmediate@https://registry.npmjs.org/setimmediate/-/setimmediate-1.0.5.tgz. Extracting by manifest.
306 silly tarball no local data for set-value@https://registry.npmjs.org/set-value/-/set-value-2.0.0.tgz. Extracting by manifest.
307 silly tarball no local data for set-immediate-shim@https://registry.npmjs.org/set-immediate-shim/-/set-immediate-shim-1.0.1.tgz. Extracting by manifest.
308 silly tarball no local data for set-blocking@https://registry.npmjs.org/set-blocking/-/set-blocking-2.0.0.tgz. Extracting by manifest.
309 silly tarball no local data for serve-static@https://registry.npmjs.org/serve-static/-/serve-static-1.13.2.tgz. Extracting by manifest.
310 silly tarball no local data for serve-index@https://registry.npmjs.org/serve-index/-/serve-index-1.9.1.tgz. Extracting by manifest.
311 silly tarball no local data for serialize-javascript@https://registry.npmjs.org/serialize-javascript/-/serialize-javascript-1.5.0.tgz. Extracting by manifest.
312 silly tarball no local data for semver-intersect@https://registry.npmjs.org/semver-intersect/-/semver-intersect-1.3.1.tgz. Extracting by manifest.
313 silly tarball no local data for send@https://registry.npmjs.org/send/-/send-0.16.2.tgz. Extracting by manifest.
314 silly tarball no local data for semver-dsl@https://registry.npmjs.org/semver-dsl/-/semver-dsl-1.0.1.tgz. Extracting by manifest.
315 silly tarball no local data for semver@https://registry.npmjs.org/semver/-/semver-5.5.0.tgz. Extracting by manifest.
316 silly tarball no local data for selfsigned@https://registry.npmjs.org/selfsigned/-/selfsigned-1.10.3.tgz. Extracting by manifest.
317 silly tarball no local data for selenium-webdriver@https://registry.npmjs.org/selenium-webdriver/-/selenium-webdriver-3.6.0.tgz. Extracting by manifest.
318 silly tarball no local data for scss-tokenizer@https://registry.npmjs.org/scss-tokenizer/-/scss-tokenizer-0.2.3.tgz. Extracting by manifest.
319 silly tarball no local data for select-hose@https://registry.npmjs.org/select-hose/-/select-hose-2.0.0.tgz. Extracting by manifest.
320 silly tarball no local data for schema-utils@https://registry.npmjs.org/schema-utils/-/schema-utils-0.4.5.tgz. Extracting by manifest.
321 silly tarball no local data for saucelabs@https://registry.npmjs.org/saucelabs/-/saucelabs-1.5.0.tgz. Extracting by manifest.
322 silly tarball no local data for sax@https://registry.npmjs.org/sax/-/sax-0.5.8.tgz. Extracting by manifest.
323 silly tarball no local data for sass-graph@https://registry.npmjs.org/sass-graph/-/sass-graph-2.2.4.tgz. Extracting by manifest.
324 silly tarball no local data for safe-buffer@https://registry.npmjs.org/safe-buffer/-/safe-buffer-5.1.2.tgz. Extracting by manifest.
325 silly tarball no local data for sass-loader@https://registry.npmjs.org/sass-loader/-/sass-loader-7.0.3.tgz. Extracting by manifest.
326 silly tarball no local data for safer-buffer@https://registry.npmjs.org/safer-buffer/-/safer-buffer-2.1.2.tgz. Extracting by manifest.
327 silly tarball no local data for safe-regex@https://registry.npmjs.org/safe-regex/-/safe-regex-1.1.0.tgz. Extracting by manifest.
328 silly tarball no local data for rxjs@https://registry.npmjs.org/rxjs/-/rxjs-6.2.2.tgz. Extracting by manifest.
329 silly tarball no local data for run-queue@https://registry.npmjs.org/run-queue/-/run-queue-1.0.3.tgz. Extracting by manifest.
330 silly tarball no local data for ripemd160@https://registry.npmjs.org/ripemd160/-/ripemd160-2.0.2.tgz. Extracting by manifest.
331 silly tarball no local data for right-align@https://registry.npmjs.org/right-align/-/right-align-0.1.3.tgz. Extracting by manifest.
332 silly tarball no local data for rimraf@https://registry.npmjs.org/rimraf/-/rimraf-2.6.2.tgz. Extracting by manifest.
333 silly tarball no local data for retry@https://registry.npmjs.org/retry/-/retry-0.10.1.tgz. Extracting by manifest.
334 silly tarball no local data for resolve-url@https://registry.npmjs.org/resolve-url/-/resolve-url-0.2.1.tgz. Extracting by manifest.
335 silly tarball no local data for ret@https://registry.npmjs.org/ret/-/ret-0.1.15.tgz. Extracting by manifest.
336 silly tarball no local data for resolve-from@https://registry.npmjs.org/resolve-from/-/resolve-from-3.0.0.tgz. Extracting by manifest.
337 silly tarball no local data for resolve@https://registry.npmjs.org/resolve/-/resolve-1.8.1.tgz. Extracting by manifest.
338 silly tarball no local data for requires-port@https://registry.npmjs.org/requires-port/-/requires-port-1.0.0.tgz. Extracting by manifest.
339 silly tarball no local data for require-from-string@https://registry.npmjs.org/require-from-string/-/require-from-string-2.0.2.tgz. Extracting by manifest.
340 silly tarball no local data for resolve-cwd@https://registry.npmjs.org/resolve-cwd/-/resolve-cwd-2.0.0.tgz. Extracting by manifest.
341 silly tarball no local data for require-main-filename@https://registry.npmjs.org/require-main-filename/-/require-main-filename-1.0.1.tgz. Extracting by manifest.
342 silly tarball no local data for require-directory@https://registry.npmjs.org/require-directory/-/require-directory-2.1.1.tgz. Extracting by manifest.
343 silly tarball no local data for request@https://registry.npmjs.org/request/-/request-2.87.0.tgz. Extracting by manifest.
344 silly tarball no local data for repeating@https://registry.npmjs.org/repeating/-/repeating-2.0.1.tgz. Extracting by manifest.
345 silly tarball no local data for repeat-string@https://registry.npmjs.org/repeat-string/-/repeat-string-1.6.1.tgz. Extracting by manifest.
346 silly tarball no local data for repeat-element@https://registry.npmjs.org/repeat-element/-/repeat-element-1.1.2.tgz. Extracting by manifest.
347 silly tarball no local data for renderkid@https://registry.npmjs.org/renderkid/-/renderkid-2.0.1.tgz. Extracting by manifest.
348 silly tarball no local data for relateurl@https://registry.npmjs.org/relateurl/-/relateurl-0.2.7.tgz. Extracting by manifest.
349 silly tarball no local data for remove-trailing-separator@https://registry.npmjs.org/remove-trailing-separator/-/remove-trailing-separator-1.1.0.tgz. Extracting by manifest.
350 silly tarball no local data for regjsparser@https://registry.npmjs.org/regjsparser/-/regjsparser-0.1.5.tgz. Extracting by manifest.
351 silly tarball no local data for regexpu-core@https://registry.npmjs.org/regexpu-core/-/regexpu-core-1.0.0.tgz. Extracting by manifest.
352 silly tarball no local data for regex-not@https://registry.npmjs.org/regex-not/-/regex-not-1.0.2.tgz. Extracting by manifest.
353 silly tarball no local data for regjsgen@https://registry.npmjs.org/regjsgen/-/regjsgen-0.2.0.tgz. Extracting by manifest.
354 silly tarball no local data for regex-cache@https://registry.npmjs.org/regex-cache/-/regex-cache-0.4.4.tgz. Extracting by manifest.
355 silly tarball no local data for regenerator-runtime@https://registry.npmjs.org/regenerator-runtime/-/regenerator-runtime-0.11.1.tgz. Extracting by manifest.
356 silly tarball no local data for regenerate@https://registry.npmjs.org/regenerate/-/regenerate-1.4.0.tgz. Extracting by manifest.
357 silly tarball no local data for reflect-metadata@https://registry.npmjs.org/reflect-metadata/-/reflect-metadata-0.1.12.tgz. Extracting by manifest.
358 silly tarball no local data for redent@https://registry.npmjs.org/redent/-/redent-1.0.0.tgz. Extracting by manifest.
359 silly tarball no local data for readable-stream@https://registry.npmjs.org/readable-stream/-/readable-stream-2.3.6.tgz. Extracting by manifest.
360 silly tarball no local data for readdirp@https://registry.npmjs.org/readdirp/-/readdirp-2.1.0.tgz. Extracting by manifest.
361 silly tarball no local data for read-pkg-up@https://registry.npmjs.org/read-pkg-up/-/read-pkg-up-1.0.1.tgz. Extracting by manifest.
362 silly tarball no local data for read-cache@https://registry.npmjs.org/read-cache/-/read-cache-1.0.0.tgz. Extracting by manifest.
363 silly tarball no local data for raw-loader@https://registry.npmjs.org/raw-loader/-/raw-loader-0.5.1.tgz. Extracting by manifest.
364 silly tarball no local data for raw-body@https://registry.npmjs.org/raw-body/-/raw-body-2.3.2.tgz. Extracting by manifest.
365 silly tarball no local data for read-pkg@https://registry.npmjs.org/read-pkg/-/read-pkg-1.1.0.tgz. Extracting by manifest.
366 silly tarball no local data for randomfill@https://registry.npmjs.org/randomfill/-/randomfill-1.0.4.tgz. Extracting by manifest.
367 silly tarball no local data for randombytes@https://registry.npmjs.org/randombytes/-/randombytes-2.0.6.tgz. Extracting by manifest.
368 silly tarball no local data for randomatic@https://registry.npmjs.org/randomatic/-/randomatic-3.0.0.tgz. Extracting by manifest.
369 silly tarball no local data for querystringify@https://registry.npmjs.org/querystringify/-/querystringify-2.0.0.tgz. Extracting by manifest.
370 silly tarball no local data for querystring-es3@https://registry.npmjs.org/querystring-es3/-/querystring-es3-0.2.1.tgz. Extracting by manifest.
371 silly tarball no local data for qs@https://registry.npmjs.org/qs/-/qs-6.5.2.tgz. Extracting by manifest.
372 silly tarball no local data for querystring@https://registry.npmjs.org/querystring/-/querystring-0.2.0.tgz. Extracting by manifest.
373 silly tarball no local data for range-parser@https://registry.npmjs.org/range-parser/-/range-parser-1.2.0.tgz. Extracting by manifest.
374 silly tarball no local data for qjobs@https://registry.npmjs.org/qjobs/-/qjobs-1.2.0.tgz. Extracting by manifest.
375 silly tarball no local data for q@https://registry.npmjs.org/q/-/q-1.4.1.tgz. Extracting by manifest.
376 silly tarball no local data for punycode@https://registry.npmjs.org/punycode/-/punycode-2.1.1.tgz. Extracting by manifest.
377 silly tarball no local data for pumpify@https://registry.npmjs.org/pumpify/-/pumpify-1.5.1.tgz. Extracting by manifest.
378 silly tarball no local data for pump@https://registry.npmjs.org/pump/-/pump-2.0.1.tgz. Extracting by manifest.
379 silly tarball no local data for prr@https://registry.npmjs.org/prr/-/prr-1.0.1.tgz. Extracting by manifest.
380 silly tarball no local data for public-encrypt@https://registry.npmjs.org/public-encrypt/-/public-encrypt-4.0.2.tgz. Extracting by manifest.
381 silly tarball no local data for pseudomap@https://registry.npmjs.org/pseudomap/-/pseudomap-1.0.2.tgz. Extracting by manifest.
382 silly tarball no local data for proxy-addr@https://registry.npmjs.org/proxy-addr/-/proxy-addr-2.0.3.tgz. Extracting by manifest.
383 silly tarball no local data for promise-inflight@https://registry.npmjs.org/promise-inflight/-/promise-inflight-1.0.1.tgz. Extracting by manifest.
384 silly tarball no local data for protractor@https://registry.npmjs.org/protractor/-/protractor-5.3.2.tgz. Extracting by manifest.
385 silly tarball no local data for promise@https://registry.npmjs.org/promise/-/promise-7.3.1.tgz. Extracting by manifest.
386 silly tarball no local data for process-nextick-args@https://registry.npmjs.org/process-nextick-args/-/process-nextick-args-2.0.0.tgz. Extracting by manifest.
387 silly tarball no local data for process@https://registry.npmjs.org/process/-/process-0.11.10.tgz. Extracting by manifest.
388 silly tarball no local data for preserve@https://registry.npmjs.org/preserve/-/preserve-0.2.0.tgz. Extracting by manifest.
389 silly tarball no local data for pretty-error@https://registry.npmjs.org/pretty-error/-/pretty-error-2.1.1.tgz. Extracting by manifest.
390 silly tarball no local data for prelude-ls@https://registry.npmjs.org/prelude-ls/-/prelude-ls-1.1.2.tgz. Extracting by manifest.
391 silly tarball no local data for postcss-url@https://registry.npmjs.org/postcss-url/-/postcss-url-7.3.2.tgz. Extracting by manifest.
392 silly tarball no local data for postcss-value-parser@https://registry.npmjs.org/postcss-value-parser/-/postcss-value-parser-3.3.0.tgz. Extracting by manifest.
393 silly tarball no local data for postcss-loader@https://registry.npmjs.org/postcss-loader/-/postcss-loader-2.1.6.tgz. Extracting by manifest.
394 silly tarball no local data for postcss-load-config@https://registry.npmjs.org/postcss-load-config/-/postcss-load-config-2.0.0.tgz. Extracting by manifest.
395 silly tarball no local data for postcss@https://registry.npmjs.org/postcss/-/postcss-6.0.23.tgz. Extracting by manifest.
396 silly tarball no local data for postcss-import@https://registry.npmjs.org/postcss-import/-/postcss-import-11.1.0.tgz. Extracting by manifest.
397 silly tarball no local data for posix-character-classes@https://registry.npmjs.org/posix-character-classes/-/posix-character-classes-0.1.1.tgz. Extracting by manifest.
398 silly tarball no local data for pkg-dir@https://registry.npmjs.org/pkg-dir/-/pkg-dir-2.0.0.tgz. Extracting by manifest.
399 silly tarball no local data for portfinder@https://registry.npmjs.org/portfinder/-/portfinder-1.0.13.tgz. Extracting by manifest.
400 silly tarball no local data for pinkie-promise@https://registry.npmjs.org/pinkie-promise/-/pinkie-promise-2.0.1.tgz. Extracting by manifest.
401 silly tarball no local data for pinkie@https://registry.npmjs.org/pinkie/-/pinkie-2.0.4.tgz. Extracting by manifest.
402 silly tarball no local data for pify@https://registry.npmjs.org/pify/-/pify-3.0.0.tgz. Extracting by manifest.
403 silly tarball no local data for performance-now@https://registry.npmjs.org/performance-now/-/performance-now-2.1.0.tgz. Extracting by manifest.
404 silly tarball no local data for pbkdf2@https://registry.npmjs.org/pbkdf2/-/pbkdf2-3.0.16.tgz. Extracting by manifest.
405 silly tarball no local data for path-type@https://registry.npmjs.org/path-type/-/path-type-3.0.0.tgz. Extracting by manifest.
406 silly tarball no local data for path-to-regexp@https://registry.npmjs.org/path-to-regexp/-/path-to-regexp-0.1.7.tgz. Extracting by manifest.
407 silly tarball no local data for path-parse@https://registry.npmjs.org/path-parse/-/path-parse-1.0.5.tgz. Extracting by manifest.
408 silly tarball no local data for path-is-inside@https://registry.npmjs.org/path-is-inside/-/path-is-inside-1.0.2.tgz. Extracting by manifest.
409 silly tarball no local data for path-key@https://registry.npmjs.org/path-key/-/path-key-2.0.1.tgz. Extracting by manifest.
410 silly tarball no local data for path-is-absolute@https://registry.npmjs.org/path-is-absolute/-/path-is-absolute-1.0.1.tgz. Extracting by manifest.
411 silly tarball no local data for path-exists@https://registry.npmjs.org/path-exists/-/path-exists-3.0.0.tgz. Extracting by manifest.
412 silly tarball no local data for path-dirname@https://registry.npmjs.org/path-dirname/-/path-dirname-1.0.2.tgz. Extracting by manifest.
413 silly tarball no local data for path-browserify@https://registry.npmjs.org/path-browserify/-/path-browserify-0.0.0.tgz. Extracting by manifest.
414 silly tarball no local data for pascalcase@https://registry.npmjs.org/pascalcase/-/pascalcase-0.1.1.tgz. Extracting by manifest.
415 silly tarball no local data for parseurl@https://registry.npmjs.org/parseurl/-/parseurl-1.3.2.tgz. Extracting by manifest.
416 silly tarball no local data for parseuri@https://registry.npmjs.org/parseuri/-/parseuri-0.0.5.tgz. Extracting by manifest.
417 silly tarball no local data for parsejson@https://registry.npmjs.org/parsejson/-/parsejson-0.0.3.tgz. Extracting by manifest.
418 silly tarball no local data for parseqs@https://registry.npmjs.org/parseqs/-/parseqs-0.0.5.tgz. Extracting by manifest.
419 silly tarball no local data for parse-glob@https://registry.npmjs.org/parse-glob/-/parse-glob-3.0.4.tgz. Extracting by manifest.
420 silly tarball no local data for parse5@https://registry.npmjs.org/parse5/-/parse5-4.0.0.tgz. Extracting by manifest.
421 silly tarball no local data for parse-json@https://registry.npmjs.org/parse-json/-/parse-json-2.2.0.tgz. Extracting by manifest.
422 silly tarball no local data for parse-asn1@https://registry.npmjs.org/parse-asn1/-/parse-asn1-5.1.1.tgz. Extracting by manifest.
423 silly tarball no local data for param-case@https://registry.npmjs.org/param-case/-/param-case-2.1.1.tgz. Extracting by manifest.
424 silly tarball no local data for parallel-transform@https://registry.npmjs.org/parallel-transform/-/parallel-transform-1.1.0.tgz. Extracting by manifest.
425 silly tarball no local data for pako@https://registry.npmjs.org/pako/-/pako-1.0.6.tgz. Extracting by manifest.
426 silly tarball no local data for p-try@https://registry.npmjs.org/p-try/-/p-try-1.0.0.tgz. Extracting by manifest.
427 silly tarball no local data for p-map@https://registry.npmjs.org/p-map/-/p-map-1.2.0.tgz. Extracting by manifest.
428 silly tarball no local data for p-locate@https://registry.npmjs.org/p-locate/-/p-locate-2.0.0.tgz. Extracting by manifest.
429 silly tarball no local data for p-limit@https://registry.npmjs.org/p-limit/-/p-limit-1.3.0.tgz. Extracting by manifest.
430 silly tarball no local data for p-finally@https://registry.npmjs.org/p-finally/-/p-finally-1.0.0.tgz. Extracting by manifest.
431 silly tarball no local data for osenv@https://registry.npmjs.org/osenv/-/osenv-0.1.5.tgz. Extracting by manifest.
432 silly tarball no local data for os-locale@https://registry.npmjs.org/os-locale/-/os-locale-1.4.0.tgz. Extracting by manifest.
433 silly tarball no local data for os-tmpdir@https://registry.npmjs.org/os-tmpdir/-/os-tmpdir-1.0.2.tgz. Extracting by manifest.
434 silly tarball no local data for os-homedir@https://registry.npmjs.org/os-homedir/-/os-homedir-1.0.2.tgz. Extracting by manifest.
435 silly tarball no local data for os-browserify@https://registry.npmjs.org/os-browserify/-/os-browserify-0.3.0.tgz. Extracting by manifest.
436 silly tarball no local data for original@https://registry.npmjs.org/original/-/original-1.0.1.tgz. Extracting by manifest.
437 silly tarball no local data for optionator@https://registry.npmjs.org/optionator/-/optionator-0.8.2.tgz. Extracting by manifest.
438 silly tarball no local data for options@https://registry.npmjs.org/options/-/options-0.0.6.tgz. Extracting by manifest.
439 silly tarball no local data for optimist@https://registry.npmjs.org/optimist/-/optimist-0.6.1.tgz. Extracting by manifest.
440 silly tarball no local data for opn@https://registry.npmjs.org/opn/-/opn-5.3.0.tgz. Extracting by manifest.
441 silly tarball no local data for once@https://registry.npmjs.org/once/-/once-1.4.0.tgz. Extracting by manifest.
442 silly tarball no local data for on-headers@https://registry.npmjs.org/on-headers/-/on-headers-1.0.1.tgz. Extracting by manifest.
443 silly tarball no local data for on-finished@https://registry.npmjs.org/on-finished/-/on-finished-2.3.0.tgz. Extracting by manifest.
444 silly tarball no local data for obuf@https://registry.npmjs.org/obuf/-/obuf-1.1.2.tgz. Extracting by manifest.
445 silly tarball no local data for object.omit@https://registry.npmjs.org/object.omit/-/object.omit-2.0.1.tgz. Extracting by manifest.
446 silly tarball no local data for object.pick@https://registry.npmjs.org/object.pick/-/object.pick-1.3.0.tgz. Extracting by manifest.
447 silly tarball no local data for object-visit@https://registry.npmjs.org/object-visit/-/object-visit-1.0.1.tgz. Extracting by manifest.
448 silly tarball no local data for object.getownpropertydescriptors@https://registry.npmjs.org/object.getownpropertydescriptors/-/object.getownpropertydescriptors-2.0.3.tgz. Extracting by manifest.
449 silly tarball no local data for object.assign@https://registry.npmjs.org/object.assign/-/object.assign-4.1.0.tgz. Extracting by manifest.
450 silly tarball no local data for object-copy@https://registry.npmjs.org/object-copy/-/object-copy-0.1.0.tgz. Extracting by manifest.
451 silly tarball no local data for object-assign@https://registry.npmjs.org/object-assign/-/object-assign-4.1.1.tgz. Extracting by manifest.
452 silly tarball no local data for object-keys@https://registry.npmjs.org/object-keys/-/object-keys-1.0.12.tgz. Extracting by manifest.
453 silly tarball no local data for oauth-sign@https://registry.npmjs.org/oauth-sign/-/oauth-sign-0.8.2.tgz. Extracting by manifest.
454 silly tarball no local data for object-component@https://registry.npmjs.org/object-component/-/object-component-0.0.3.tgz. Extracting by manifest.
455 silly tarball no local data for number-is-nan@https://registry.npmjs.org/number-is-nan/-/number-is-nan-1.0.1.tgz. Extracting by manifest.
456 silly tarball no local data for num2fraction@https://registry.npmjs.org/num2fraction/-/num2fraction-1.2.2.tgz. Extracting by manifest.
457 silly tarball no local data for null-check@https://registry.npmjs.org/null-check/-/null-check-1.0.0.tgz. Extracting by manifest.
458 silly tarball no local data for nth-check@https://registry.npmjs.org/nth-check/-/nth-check-1.0.1.tgz. Extracting by manifest.
459 silly tarball no local data for npmlog@https://registry.npmjs.org/npmlog/-/npmlog-4.1.2.tgz. Extracting by manifest.
460 silly tarball no local data for npm-run-path@https://registry.npmjs.org/npm-run-path/-/npm-run-path-2.0.2.tgz. Extracting by manifest.
461 silly tarball no local data for npm-package-arg@https://registry.npmjs.org/npm-package-arg/-/npm-package-arg-6.1.0.tgz. Extracting by manifest.
462 silly tarball no local data for npm-registry-client@https://registry.npmjs.org/npm-registry-client/-/npm-registry-client-8.6.0.tgz. Extracting by manifest.
463 silly tarball no local data for normalize-range@https://registry.npmjs.org/normalize-range/-/normalize-range-0.1.2.tgz. Extracting by manifest.
464 silly tarball no local data for normalize-path@https://registry.npmjs.org/normalize-path/-/normalize-path-2.1.1.tgz. Extracting by manifest.
465 silly tarball no local data for normalize-package-data@https://registry.npmjs.org/normalize-package-data/-/normalize-package-data-2.4.0.tgz. Extracting by manifest.
466 silly tarball no local data for nopt@https://registry.npmjs.org/nopt/-/nopt-3.0.6.tgz. Extracting by manifest.
467 silly tarball no local data for node-sass@https://registry.npmjs.org/node-sass/-/node-sass-4.9.2.tgz. Extracting by manifest.
468 silly tarball no local data for node-libs-browser@https://registry.npmjs.org/node-libs-browser/-/node-libs-browser-2.1.0.tgz. Extracting by manifest.
469 silly tarball no local data for node-gyp@https://registry.npmjs.org/node-gyp/-/node-gyp-3.7.0.tgz. Extracting by manifest.
470 silly tarball no local data for node-forge@https://registry.npmjs.org/node-forge/-/node-forge-0.7.5.tgz. Extracting by manifest.
471 silly tarball no local data for no-case@https://registry.npmjs.org/no-case/-/no-case-2.3.2.tgz. Extracting by manifest.
472 silly tarball no local data for next-tick@https://registry.npmjs.org/next-tick/-/next-tick-1.0.0.tgz. Extracting by manifest.
473 silly tarball no local data for neo-async@https://registry.npmjs.org/neo-async/-/neo-async-2.5.1.tgz. Extracting by manifest.
474 silly tarball no local data for negotiator@https://registry.npmjs.org/negotiator/-/negotiator-0.6.1.tgz. Extracting by manifest.
475 silly tarball no local data for nanomatch@https://registry.npmjs.org/nanomatch/-/nanomatch-1.2.13.tgz. Extracting by manifest.
476 silly tarball no local data for multicast-dns-service-types@https://registry.npmjs.org/multicast-dns-service-types/-/multicast-dns-service-types-1.1.0.tgz. Extracting by manifest.
477 silly tarball no local data for nan@https://registry.npmjs.org/nan/-/nan-2.10.0.tgz. Extracting by manifest.
478 silly tarball no local data for multicast-dns@https://registry.npmjs.org/multicast-dns/-/multicast-dns-6.2.3.tgz. Extracting by manifest.
479 silly tarball no local data for ms@https://registry.npmjs.org/ms/-/ms-2.0.0.tgz. Extracting by manifest.
480 silly tarball no local data for move-concurrently@https://registry.npmjs.org/move-concurrently/-/move-concurrently-1.0.1.tgz. Extracting by manifest.
481 silly tarball no local data for mkdirp@https://registry.npmjs.org/mkdirp/-/mkdirp-0.5.1.tgz. Extracting by manifest.
482 silly tarball no local data for mixin-object@https://registry.npmjs.org/mixin-object/-/mixin-object-2.0.1.tgz. Extracting by manifest.
483 silly tarball no local data for mississippi@https://registry.npmjs.org/mississippi/-/mississippi-2.0.0.tgz. Extracting by manifest.
484 silly tarball no local data for minimist@https://registry.npmjs.org/minimist/-/minimist-0.0.8.tgz. Extracting by manifest.
485 silly tarball no local data for mixin-deep@https://registry.npmjs.org/mixin-deep/-/mixin-deep-1.3.1.tgz. Extracting by manifest.
486 silly tarball no local data for minimatch@https://registry.npmjs.org/minimatch/-/minimatch-3.0.4.tgz. Extracting by manifest.
487 silly tarball no local data for minimalistic-crypto-utils@https://registry.npmjs.org/minimalistic-crypto-utils/-/minimalistic-crypto-utils-1.0.1.tgz. Extracting by manifest.
488 silly tarball no local data for mini-css-extract-plugin@https://registry.npmjs.org/mini-css-extract-plugin/-/mini-css-extract-plugin-0.4.1.tgz. Extracting by manifest.
489 silly tarball no local data for minimalistic-assert@https://registry.npmjs.org/minimalistic-assert/-/minimalistic-assert-1.0.1.tgz. Extracting by manifest.
490 silly tarball no local data for mimic-fn@https://registry.npmjs.org/mimic-fn/-/mimic-fn-1.2.0.tgz. Extracting by manifest.
491 silly tarball no local data for mime-types@https://registry.npmjs.org/mime-types/-/mime-types-2.1.19.tgz. Extracting by manifest.
492 silly tarball no local data for mime-db@https://registry.npmjs.org/mime-db/-/mime-db-1.35.0.tgz. Extracting by manifest.
493 silly tarball no local data for mime@https://registry.npmjs.org/mime/-/mime-1.6.0.tgz. Extracting by manifest.
494 silly tarball no local data for micromatch@https://registry.npmjs.org/micromatch/-/micromatch-3.1.10.tgz. Extracting by manifest.
495 silly tarball no local data for miller-rabin@https://registry.npmjs.org/miller-rabin/-/miller-rabin-4.0.1.tgz. Extracting by manifest.
496 silly tarball no local data for methods@https://registry.npmjs.org/methods/-/methods-1.1.2.tgz. Extracting by manifest.
497 silly tarball no local data for meow@https://registry.npmjs.org/meow/-/meow-3.7.0.tgz. Extracting by manifest.
498 silly tarball no local data for merge-descriptors@https://registry.npmjs.org/merge-descriptors/-/merge-descriptors-1.0.1.tgz. Extracting by manifest.
499 silly tarball no local data for memory-fs@https://registry.npmjs.org/memory-fs/-/memory-fs-0.4.1.tgz. Extracting by manifest.
500 silly tarball no local data for mem@https://registry.npmjs.org/mem/-/mem-1.1.0.tgz. Extracting by manifest.
501 silly tarball no local data for media-typer@https://registry.npmjs.org/media-typer/-/media-typer-0.3.0.tgz. Extracting by manifest.
502 silly tarball no local data for md5.js@https://registry.npmjs.org/md5.js/-/md5.js-1.3.4.tgz. Extracting by manifest.
503 silly tarball no local data for math-random@https://registry.npmjs.org/math-random/-/math-random-1.0.1.tgz. Extracting by manifest.
504 silly tarball no local data for map-visit@https://registry.npmjs.org/map-visit/-/map-visit-1.0.0.tgz. Extracting by manifest.
505 silly tarball no local data for map-obj@https://registry.npmjs.org/map-obj/-/map-obj-1.0.1.tgz. Extracting by manifest.
506 silly tarball no local data for map-cache@https://registry.npmjs.org/map-cache/-/map-cache-0.2.2.tgz. Extracting by manifest.
507 silly tarball no local data for make-dir@https://registry.npmjs.org/make-dir/-/make-dir-1.3.0.tgz. Extracting by manifest.
508 silly tarball no local data for lower-case@https://registry.npmjs.org/lower-case/-/lower-case-1.1.4.tgz. Extracting by manifest.
509 silly tarball no local data for loud-rejection@https://registry.npmjs.org/loud-rejection/-/loud-rejection-1.6.0.tgz. Extracting by manifest.
510 silly tarball no local data for loose-envify@https://registry.npmjs.org/loose-envify/-/loose-envify-1.4.0.tgz. Extracting by manifest.
511 silly tarball no local data for lru-cache@https://registry.npmjs.org/lru-cache/-/lru-cache-4.1.3.tgz. Extracting by manifest.
512 silly tarball no local data for longest@https://registry.npmjs.org/longest/-/longest-1.0.1.tgz. Extracting by manifest.
513 silly tarball no local data for loglevelnext@https://registry.npmjs.org/loglevelnext/-/loglevelnext-1.0.5.tgz. Extracting by manifest.
514 silly tarball no local data for log4js@https://registry.npmjs.org/log4js/-/log4js-0.6.38.tgz. Extracting by manifest.
515 silly tarball no local data for loglevel@https://registry.npmjs.org/loglevel/-/loglevel-1.6.1.tgz. Extracting by manifest.
516 silly tarball no local data for make-error@https://registry.npmjs.org/make-error/-/make-error-1.3.4.tgz. Extracting by manifest.
517 silly tarball no local data for lodash.tail@https://registry.npmjs.org/lodash.tail/-/lodash.tail-4.1.1.tgz. Extracting by manifest.
518 silly tarball no local data for lodash.mergewith@https://registry.npmjs.org/lodash.mergewith/-/lodash.mergewith-4.6.1.tgz. Extracting by manifest.
519 silly tarball no local data for log-symbols@https://registry.npmjs.org/log-symbols/-/log-symbols-2.2.0.tgz. Extracting by manifest.
520 silly tarball no local data for lodash.clonedeep@https://registry.npmjs.org/lodash.clonedeep/-/lodash.clonedeep-4.5.0.tgz. Extracting by manifest.
521 silly tarball no local data for lodash.debounce@https://registry.npmjs.org/lodash.debounce/-/lodash.debounce-4.0.8.tgz. Extracting by manifest.
522 silly tarball no local data for lodash.assign@https://registry.npmjs.org/lodash.assign/-/lodash.assign-4.2.0.tgz. Extracting by manifest.
523 silly tarball no local data for long@https://registry.npmjs.org/long/-/long-3.2.0.tgz. Extracting by manifest.
524 silly tarball no local data for lodash@https://registry.npmjs.org/lodash/-/lodash-4.17.10.tgz. Extracting by manifest.
525 silly tarball no local data for loader-utils@https://registry.npmjs.org/loader-utils/-/loader-utils-1.1.0.tgz. Extracting by manifest.
526 silly tarball no local data for locate-path@https://registry.npmjs.org/locate-path/-/locate-path-2.0.0.tgz. Extracting by manifest.
527 silly tarball no local data for loader-runner@https://registry.npmjs.org/loader-runner/-/loader-runner-2.3.0.tgz. Extracting by manifest.
528 silly tarball no local data for load-json-file@https://registry.npmjs.org/load-json-file/-/load-json-file-1.1.0.tgz. Extracting by manifest.
529 silly tarball no local data for lie@https://registry.npmjs.org/lie/-/lie-3.1.1.tgz. Extracting by manifest.
530 silly tarball no local data for license-webpack-plugin@https://registry.npmjs.org/license-webpack-plugin/-/license-webpack-plugin-1.3.1.tgz. Extracting by manifest.
531 silly tarball no local data for levn@https://registry.npmjs.org/levn/-/levn-0.3.0.tgz. Extracting by manifest.
532 silly tarball no local data for less-loader@https://registry.npmjs.org/less-loader/-/less-loader-4.1.0.tgz. Extracting by manifest.
533 silly tarball no local data for less@https://registry.npmjs.org/less/-/less-3.7.1.tgz. Extracting by manifest.
534 silly tarball no local data for leb@https://registry.npmjs.org/leb/-/leb-0.3.0.tgz. Extracting by manifest.
535 silly tarball no local data for lcid@https://registry.npmjs.org/lcid/-/lcid-1.0.0.tgz. Extracting by manifest.
536 silly tarball no local data for lazy-cache@https://registry.npmjs.org/lazy-cache/-/lazy-cache-1.0.4.tgz. Extracting by manifest.
537 silly tarball no local data for kind-of@https://registry.npmjs.org/kind-of/-/kind-of-6.0.2.tgz. Extracting by manifest.
538 silly tarball no local data for karma-source-map-support@https://registry.npmjs.org/karma-source-map-support/-/karma-source-map-support-1.3.0.tgz. Extracting by manifest.
539 silly tarball no local data for karma-jasmine-html-reporter@https://registry.npmjs.org/karma-jasmine-html-reporter/-/karma-jasmine-html-reporter-0.2.2.tgz. Extracting by manifest.
540 silly tarball no local data for killable@https://registry.npmjs.org/killable/-/killable-1.0.0.tgz. Extracting by manifest.
541 silly tarball no local data for karma-jasmine@https://registry.npmjs.org/karma-jasmine/-/karma-jasmine-1.1.2.tgz. Extracting by manifest.
542 silly tarball no local data for karma-chrome-launcher@https://registry.npmjs.org/karma-chrome-launcher/-/karma-chrome-launcher-2.2.0.tgz. Extracting by manifest.
543 silly tarball no local data for karma-coverage-istanbul-reporter@https://registry.npmjs.org/karma-coverage-istanbul-reporter/-/karma-coverage-istanbul-reporter-2.0.1.tgz. Extracting by manifest.
544 silly tarball no local data for karma@https://registry.npmjs.org/karma/-/karma-1.7.1.tgz. Extracting by manifest.
545 silly tarball no local data for jszip@https://registry.npmjs.org/jszip/-/jszip-3.1.5.tgz. Extracting by manifest.
546 silly tarball no local data for jsprim@https://registry.npmjs.org/jsprim/-/jsprim-1.4.1.tgz. Extracting by manifest.
547 silly tarball no local data for jsonify@https://registry.npmjs.org/jsonify/-/jsonify-0.0.0.tgz. Extracting by manifest.
548 silly tarball no local data for json3@https://registry.npmjs.org/json3/-/json3-3.3.2.tgz. Extracting by manifest.
549 silly tarball no local data for json5@https://registry.npmjs.org/json5/-/json5-0.5.1.tgz. Extracting by manifest.
550 silly tarball no local data for json-stringify-safe@https://registry.npmjs.org/json-stringify-safe/-/json-stringify-safe-5.0.1.tgz. Extracting by manifest.
551 silly tarball no local data for json-stable-stringify@https://registry.npmjs.org/json-stable-stringify/-/json-stable-stringify-1.0.1.tgz. Extracting by manifest.
552 silly tarball no local data for json-schema-traverse@https://registry.npmjs.org/json-schema-traverse/-/json-schema-traverse-0.3.1.tgz. Extracting by manifest.
553 silly tarball no local data for json-parse-better-errors@https://registry.npmjs.org/json-parse-better-errors/-/json-parse-better-errors-1.0.2.tgz. Extracting by manifest.
554 silly tarball no local data for json-schema@https://registry.npmjs.org/json-schema/-/json-schema-0.2.3.tgz. Extracting by manifest.
555 silly tarball no local data for jsesc@https://registry.npmjs.org/jsesc/-/jsesc-1.3.0.tgz. Extracting by manifest.
556 silly tarball no local data for jsbn@https://registry.npmjs.org/jsbn/-/jsbn-0.1.1.tgz. Extracting by manifest.
557 silly tarball no local data for js-yaml@https://registry.npmjs.org/js-yaml/-/js-yaml-3.12.0.tgz. Extracting by manifest.
558 silly tarball no local data for js-base64@https://registry.npmjs.org/js-base64/-/js-base64-2.4.8.tgz. Extracting by manifest.
559 silly tarball no local data for js-tokens@https://registry.npmjs.org/js-tokens/-/js-tokens-3.0.2.tgz. Extracting by manifest.
560 silly tarball no local data for jasmine-spec-reporter@https://registry.npmjs.org/jasmine-spec-reporter/-/jasmine-spec-reporter-4.2.1.tgz. Extracting by manifest.
561 silly tarball no local data for jasminewd2@https://registry.npmjs.org/jasminewd2/-/jasminewd2-2.2.0.tgz. Extracting by manifest.
562 silly tarball no local data for jasmine-core@https://registry.npmjs.org/jasmine-core/-/jasmine-core-2.99.1.tgz. Extracting by manifest.
563 silly tarball no local data for istanbul-reports@https://registry.npmjs.org/istanbul-reports/-/istanbul-reports-1.3.0.tgz. Extracting by manifest.
564 silly tarball no local data for istanbul-lib-source-maps@https://registry.npmjs.org/istanbul-lib-source-maps/-/istanbul-lib-source-maps-1.2.5.tgz. Extracting by manifest.
565 silly tarball no local data for istanbul-lib-report@https://registry.npmjs.org/istanbul-lib-report/-/istanbul-lib-report-1.1.4.tgz. Extracting by manifest.
566 silly tarball no local data for jasmine@https://registry.npmjs.org/jasmine/-/jasmine-2.8.0.tgz. Extracting by manifest.
567 silly tarball no local data for istanbul-lib-instrument@https://registry.npmjs.org/istanbul-lib-instrument/-/istanbul-lib-instrument-1.10.1.tgz. Extracting by manifest.
568 silly tarball no local data for istanbul-lib-hook@https://registry.npmjs.org/istanbul-lib-hook/-/istanbul-lib-hook-1.2.1.tgz. Extracting by manifest.
569 silly tarball no local data for istanbul-instrumenter-loader@https://registry.npmjs.org/istanbul-instrumenter-loader/-/istanbul-instrumenter-loader-3.0.1.tgz. Extracting by manifest.
570 silly tarball no local data for istanbul-lib-coverage@https://registry.npmjs.org/istanbul-lib-coverage/-/istanbul-lib-coverage-1.2.0.tgz. Extracting by manifest.
571 silly tarball no local data for istanbul-api@https://registry.npmjs.org/istanbul-api/-/istanbul-api-1.3.1.tgz. Extracting by manifest.
572 silly tarball no local data for isstream@https://registry.npmjs.org/isstream/-/isstream-0.1.2.tgz. Extracting by manifest.
573 silly tarball no local data for istanbul@https://registry.npmjs.org/istanbul/-/istanbul-0.4.5.tgz. Extracting by manifest.
574 silly tarball no local data for isobject@https://registry.npmjs.org/isobject/-/isobject-3.0.1.tgz. Extracting by manifest.
575 silly tarball no local data for isbinaryfile@https://registry.npmjs.org/isbinaryfile/-/isbinaryfile-3.0.2.tgz. Extracting by manifest.
576 silly tarball no local data for isarray@https://registry.npmjs.org/isarray/-/isarray-1.0.0.tgz. Extracting by manifest.
577 silly tarball no local data for isexe@https://registry.npmjs.org/isexe/-/isexe-2.0.0.tgz. Extracting by manifest.
578 silly tarball no local data for is-wsl@https://registry.npmjs.org/is-wsl/-/is-wsl-1.1.0.tgz. Extracting by manifest.
579 silly tarball no local data for is-utf8@https://registry.npmjs.org/is-utf8/-/is-utf8-0.2.1.tgz. Extracting by manifest.
580 silly tarball no local data for is-windows@https://registry.npmjs.org/is-windows/-/is-windows-1.0.2.tgz. Extracting by manifest.
581 silly tarball no local data for is-stream@https://registry.npmjs.org/is-stream/-/is-stream-1.1.0.tgz. Extracting by manifest.
582 silly tarball no local data for is-symbol@https://registry.npmjs.org/is-symbol/-/is-symbol-1.0.1.tgz. Extracting by manifest.
583 silly tarball no local data for is-regex@https://registry.npmjs.org/is-regex/-/is-regex-1.0.4.tgz. Extracting by manifest.
584 silly tarball no local data for is-typedarray@https://registry.npmjs.org/is-typedarray/-/is-typedarray-1.0.0.tgz. Extracting by manifest.
585 silly tarball no local data for is-primitive@https://registry.npmjs.org/is-primitive/-/is-primitive-2.0.0.tgz. Extracting by manifest.
586 silly tarball no local data for is-posix-bracket@https://registry.npmjs.org/is-posix-bracket/-/is-posix-bracket-0.1.1.tgz. Extracting by manifest.
587 silly tarball no local data for is-plain-object@https://registry.npmjs.org/is-plain-object/-/is-plain-object-2.0.4.tgz. Extracting by manifest.
588 silly tarball no local data for is-path-inside@https://registry.npmjs.org/is-path-inside/-/is-path-inside-1.0.1.tgz. Extracting by manifest.
589 silly tarball no local data for is-path-cwd@https://registry.npmjs.org/is-path-cwd/-/is-path-cwd-1.0.0.tgz. Extracting by manifest.
590 silly tarball no local data for is-number@https://registry.npmjs.org/is-number/-/is-number-3.0.0.tgz. Extracting by manifest.
591 silly tarball no local data for is-path-in-cwd@https://registry.npmjs.org/is-path-in-cwd/-/is-path-in-cwd-1.0.1.tgz. Extracting by manifest.
592 silly tarball no local data for is-glob@https://registry.npmjs.org/is-glob/-/is-glob-4.0.0.tgz. Extracting by manifest.
593 silly tarball no local data for is-fullwidth-code-point@https://registry.npmjs.org/is-fullwidth-code-point/-/is-fullwidth-code-point-1.0.0.tgz. Extracting by manifest.
594 silly tarball no local data for is-finite@https://registry.npmjs.org/is-finite/-/is-finite-1.0.2.tgz. Extracting by manifest.
595 silly tarball no local data for is-extglob@https://registry.npmjs.org/is-extglob/-/is-extglob-2.1.1.tgz. Extracting by manifest.
596 silly tarball no local data for is-equal-shallow@https://registry.npmjs.org/is-equal-shallow/-/is-equal-shallow-0.1.3.tgz. Extracting by manifest.
597 silly tarball no local data for is-extendable@https://registry.npmjs.org/is-extendable/-/is-extendable-0.1.1.tgz. Extracting by manifest.
598 silly tarball no local data for is-dotfile@https://registry.npmjs.org/is-dotfile/-/is-dotfile-1.0.3.tgz. Extracting by manifest.
599 silly tarball no local data for is-descriptor@https://registry.npmjs.org/is-descriptor/-/is-descriptor-0.1.6.tgz. Extracting by manifest.
600 silly tarball no local data for is-directory@https://registry.npmjs.org/is-directory/-/is-directory-0.3.1.tgz. Extracting by manifest.
601 silly tarball no local data for is-date-object@https://registry.npmjs.org/is-date-object/-/is-date-object-1.0.1.tgz. Extracting by manifest.
602 silly tarball no local data for is-data-descriptor@https://registry.npmjs.org/is-data-descriptor/-/is-data-descriptor-0.1.4.tgz. Extracting by manifest.
603 silly tarball no local data for is-callable@https://registry.npmjs.org/is-callable/-/is-callable-1.1.4.tgz. Extracting by manifest.
604 silly tarball no local data for is-buffer@https://registry.npmjs.org/is-buffer/-/is-buffer-1.1.6.tgz. Extracting by manifest.
605 silly tarball no local data for is-binary-path@https://registry.npmjs.org/is-binary-path/-/is-binary-path-1.0.1.tgz. Extracting by manifest.
606 silly tarball no local data for is-builtin-module@https://registry.npmjs.org/is-builtin-module/-/is-builtin-module-1.0.0.tgz. Extracting by manifest.
607 silly tarball no local data for is-arrayish@https://registry.npmjs.org/is-arrayish/-/is-arrayish-0.2.1.tgz. Extracting by manifest.
608 silly tarball no local data for is-accessor-descriptor@https://registry.npmjs.org/is-accessor-descriptor/-/is-accessor-descriptor-0.1.6.tgz. Extracting by manifest.
609 silly tarball no local data for ipaddr.js@https://registry.npmjs.org/ipaddr.js/-/ipaddr.js-1.6.0.tgz. Extracting by manifest.
610 silly tarball no local data for ip@https://registry.npmjs.org/ip/-/ip-1.1.5.tgz. Extracting by manifest.
611 silly tarball no local data for invert-kv@https://registry.npmjs.org/invert-kv/-/invert-kv-1.0.0.tgz. Extracting by manifest.
612 silly tarball no local data for invariant@https://registry.npmjs.org/invariant/-/invariant-2.2.4.tgz. Extracting by manifest.
613 silly tarball no local data for internal-ip@https://registry.npmjs.org/internal-ip/-/internal-ip-1.2.0.tgz. Extracting by manifest.
614 silly tarball no local data for ini@https://registry.npmjs.org/ini/-/ini-1.3.5.tgz. Extracting by manifest.
615 silly tarball no local data for inflight@https://registry.npmjs.org/inflight/-/inflight-1.0.6.tgz. Extracting by manifest.
616 silly tarball no local data for inherits@https://registry.npmjs.org/inherits/-/inherits-2.0.3.tgz. Extracting by manifest.
617 silly tarball no local data for indexof@https://registry.npmjs.org/indexof/-/indexof-0.0.1.tgz. Extracting by manifest.
618 silly tarball no local data for indent-string@https://registry.npmjs.org/indent-string/-/indent-string-2.1.0.tgz. Extracting by manifest.
619 silly tarball no local data for in-publish@https://registry.npmjs.org/in-publish/-/in-publish-2.0.0.tgz. Extracting by manifest.
620 silly tarball no local data for imurmurhash@https://registry.npmjs.org/imurmurhash/-/imurmurhash-0.1.4.tgz. Extracting by manifest.
621 silly tarball no local data for import-local@https://registry.npmjs.org/import-local/-/import-local-1.0.0.tgz. Extracting by manifest.
622 silly tarball no local data for import-from@https://registry.npmjs.org/import-from/-/import-from-2.1.0.tgz. Extracting by manifest.
623 silly tarball no local data for immediate@https://registry.npmjs.org/immediate/-/immediate-3.0.6.tgz. Extracting by manifest.
624 silly tarball no local data for image-size@https://registry.npmjs.org/image-size/-/image-size-0.5.5.tgz. Extracting by manifest.
625 silly tarball no local data for import-cwd@https://registry.npmjs.org/import-cwd/-/import-cwd-2.1.0.tgz. Extracting by manifest.
626 silly tarball no local data for ignore@https://registry.npmjs.org/ignore/-/ignore-3.3.10.tgz. Extracting by manifest.
627 silly tarball no local data for iferr@https://registry.npmjs.org/iferr/-/iferr-0.1.5.tgz. Extracting by manifest.
628 silly tarball no local data for ieee754@https://registry.npmjs.org/ieee754/-/ieee754-1.1.12.tgz. Extracting by manifest.
629 silly tarball no local data for iconv-lite@https://registry.npmjs.org/iconv-lite/-/iconv-lite-0.4.19.tgz. Extracting by manifest.
630 silly tarball no local data for https-browserify@https://registry.npmjs.org/https-browserify/-/https-browserify-1.0.0.tgz. Extracting by manifest.
631 silly tarball no local data for https-proxy-agent@https://registry.npmjs.org/https-proxy-agent/-/https-proxy-agent-2.2.1.tgz. Extracting by manifest.
632 silly tarball no local data for http-signature@https://registry.npmjs.org/http-signature/-/http-signature-1.2.0.tgz. Extracting by manifest.
633 silly tarball no local data for http-proxy-middleware@https://registry.npmjs.org/http-proxy-middleware/-/http-proxy-middleware-0.18.0.tgz. Extracting by manifest.
634 silly tarball no local data for http-parser-js@https://registry.npmjs.org/http-parser-js/-/http-parser-js-0.4.13.tgz. Extracting by manifest.
635 silly tarball no local data for http-proxy@https://registry.npmjs.org/http-proxy/-/http-proxy-1.17.0.tgz. Extracting by manifest.
636 silly tarball no local data for http-errors@https://registry.npmjs.org/http-errors/-/http-errors-1.6.3.tgz. Extracting by manifest.
637 silly tarball no local data for http-deceiver@https://registry.npmjs.org/http-deceiver/-/http-deceiver-1.2.7.tgz. Extracting by manifest.
638 silly tarball no local data for htmlparser2@https://registry.npmjs.org/htmlparser2/-/htmlparser2-3.3.0.tgz. Extracting by manifest.
639 silly tarball no local data for html-minifier@https://registry.npmjs.org/html-minifier/-/html-minifier-3.5.19.tgz. Extracting by manifest.
640 silly tarball no local data for html-webpack-plugin@https://registry.npmjs.org/html-webpack-plugin/-/html-webpack-plugin-3.2.0.tgz. Extracting by manifest.
641 silly tarball no local data for html-entities@https://registry.npmjs.org/html-entities/-/html-entities-1.2.1.tgz. Extracting by manifest.
642 silly tarball no local data for hpack.js@https://registry.npmjs.org/hpack.js/-/hpack.js-2.1.6.tgz. Extracting by manifest.
643 silly tarball no local data for hosted-git-info@https://registry.npmjs.org/hosted-git-info/-/hosted-git-info-2.7.1.tgz. Extracting by manifest.
644 silly tarball no local data for hoek@https://registry.npmjs.org/hoek/-/hoek-2.16.3.tgz. Extracting by manifest.
645 silly tarball no local data for hmac-drbg@https://registry.npmjs.org/hmac-drbg/-/hmac-drbg-1.0.1.tgz. Extracting by manifest.
646 silly tarball no local data for he@https://registry.npmjs.org/he/-/he-1.1.1.tgz. Extracting by manifest.
647 silly tarball no local data for hawk@https://registry.npmjs.org/hawk/-/hawk-3.1.3.tgz. Extracting by manifest.
648 silly tarball no local data for hash.js@https://registry.npmjs.org/hash.js/-/hash.js-1.1.5.tgz. Extracting by manifest.
649 silly tarball no local data for hash-base@https://registry.npmjs.org/hash-base/-/hash-base-3.0.4.tgz. Extracting by manifest.
650 silly tarball no local data for has-values@https://registry.npmjs.org/has-values/-/has-values-1.0.0.tgz. Extracting by manifest.
651 silly tarball no local data for has-unicode@https://registry.npmjs.org/has-unicode/-/has-unicode-2.0.1.tgz. Extracting by manifest.
652 silly tarball no local data for has-value@https://registry.npmjs.org/has-value/-/has-value-1.0.0.tgz. Extracting by manifest.
653 silly tarball no local data for has-symbols@https://registry.npmjs.org/has-symbols/-/has-symbols-1.0.0.tgz. Extracting by manifest.
654 silly tarball no local data for has-flag@https://registry.npmjs.org/has-flag/-/has-flag-3.0.0.tgz. Extracting by manifest.
655 silly tarball no local data for has-cors@https://registry.npmjs.org/has-cors/-/has-cors-1.1.0.tgz. Extracting by manifest.
656 silly tarball no local data for has-binary@https://registry.npmjs.org/has-binary/-/has-binary-0.1.7.tgz. Extracting by manifest.
657 silly tarball no local data for has-ansi@https://registry.npmjs.org/has-ansi/-/has-ansi-2.0.0.tgz. Extracting by manifest.
658 silly tarball no local data for has@https://registry.npmjs.org/has/-/has-1.0.3.tgz. Extracting by manifest.
659 silly tarball no local data for har-schema@https://registry.npmjs.org/har-schema/-/har-schema-2.0.0.tgz. Extracting by manifest.
660 silly tarball no local data for har-validator@https://registry.npmjs.org/har-validator/-/har-validator-5.0.3.tgz. Extracting by manifest.
661 silly tarball no local data for handlebars@https://registry.npmjs.org/handlebars/-/handlebars-4.0.11.tgz. Extracting by manifest.
662 silly tarball no local data for handle-thing@https://registry.npmjs.org/handle-thing/-/handle-thing-1.2.5.tgz. Extracting by manifest.
663 silly tarball no local data for graceful-fs@https://registry.npmjs.org/graceful-fs/-/graceful-fs-4.1.11.tgz. Extracting by manifest.
664 silly tarball no local data for globule@https://registry.npmjs.org/globule/-/globule-1.2.1.tgz. Extracting by manifest.
665 silly tarball no local data for globby@https://registry.npmjs.org/globby/-/globby-7.1.1.tgz. Extracting by manifest.
666 silly tarball no local data for globals@https://registry.npmjs.org/globals/-/globals-9.18.0.tgz. Extracting by manifest.
667 silly tarball no local data for glob-parent@https://registry.npmjs.org/glob-parent/-/glob-parent-3.1.0.tgz. Extracting by manifest.
668 silly tarball no local data for glob-base@https://registry.npmjs.org/glob-base/-/glob-base-0.3.0.tgz. Extracting by manifest.
669 silly tarball no local data for glob@https://registry.npmjs.org/glob/-/glob-7.1.2.tgz. Extracting by manifest.
670 silly tarball no local data for getpass@https://registry.npmjs.org/getpass/-/getpass-0.1.7.tgz. Extracting by manifest.
671 silly tarball no local data for get-stream@https://registry.npmjs.org/get-stream/-/get-stream-3.0.0.tgz. Extracting by manifest.
672 silly tarball no local data for get-value@https://registry.npmjs.org/get-value/-/get-value-2.0.6.tgz. Extracting by manifest.
673 silly tarball no local data for get-stdin@https://registry.npmjs.org/get-stdin/-/get-stdin-4.0.1.tgz. Extracting by manifest.
674 silly tarball no local data for get-caller-file@https://registry.npmjs.org/get-caller-file/-/get-caller-file-1.0.3.tgz. Extracting by manifest.
675 silly tarball no local data for gaze@https://registry.npmjs.org/gaze/-/gaze-1.1.3.tgz. Extracting by manifest.
676 silly tarball no local data for gauge@https://registry.npmjs.org/gauge/-/gauge-2.7.4.tgz. Extracting by manifest.
677 silly tarball no local data for function-bind@https://registry.npmjs.org/function-bind/-/function-bind-1.1.1.tgz. Extracting by manifest.
678 silly tarball no local data for fstream@https://registry.npmjs.org/fstream/-/fstream-1.0.11.tgz. Extracting by manifest.
679 silly tarball no local data for fs.realpath@https://registry.npmjs.org/fs.realpath/-/fs.realpath-1.0.0.tgz. Extracting by manifest.
680 silly tarball no local data for fs-write-stream-atomic@https://registry.npmjs.org/fs-write-stream-atomic/-/fs-write-stream-atomic-1.0.10.tgz. Extracting by manifest.
681 silly tarball no local data for from2@https://registry.npmjs.org/from2/-/from2-2.3.0.tgz. Extracting by manifest.
682 silly tarball no local data for fs-access@https://registry.npmjs.org/fs-access/-/fs-access-1.0.1.tgz. Extracting by manifest.
683 silly tarball no local data for fresh@https://registry.npmjs.org/fresh/-/fresh-0.5.2.tgz. Extracting by manifest.
684 silly tarball no local data for fragment-cache@https://registry.npmjs.org/fragment-cache/-/fragment-cache-0.2.1.tgz. Extracting by manifest.
685 silly tarball no local data for forwarded@https://registry.npmjs.org/forwarded/-/forwarded-0.1.2.tgz. Extracting by manifest.
686 silly tarball no local data for form-data@https://registry.npmjs.org/form-data/-/form-data-2.3.2.tgz. Extracting by manifest.
687 silly tarball no local data for forever-agent@https://registry.npmjs.org/forever-agent/-/forever-agent-0.6.1.tgz. Extracting by manifest.
688 silly tarball no local data for foreach@https://registry.npmjs.org/foreach/-/foreach-2.0.5.tgz. Extracting by manifest.
689 silly tarball no local data for for-own@https://registry.npmjs.org/for-own/-/for-own-1.0.0.tgz. Extracting by manifest.
690 silly tarball no local data for for-in@https://registry.npmjs.org/for-in/-/for-in-1.0.2.tgz. Extracting by manifest.
691 silly tarball no local data for follow-redirects@https://registry.npmjs.org/follow-redirects/-/follow-redirects-1.5.1.tgz. Extracting by manifest.
692 silly tarball no local data for flush-write-stream@https://registry.npmjs.org/flush-write-stream/-/flush-write-stream-1.0.3.tgz. Extracting by manifest.
693 silly tarball no local data for find-up@https://registry.npmjs.org/find-up/-/find-up-2.1.0.tgz. Extracting by manifest.
694 silly tarball no local data for find-cache-dir@https://registry.npmjs.org/find-cache-dir/-/find-cache-dir-1.0.0.tgz. Extracting by manifest.
695 silly tarball no local data for finalhandler@https://registry.npmjs.org/finalhandler/-/finalhandler-1.1.1.tgz. Extracting by manifest.
696 silly tarball no local data for fill-range@https://registry.npmjs.org/fill-range/-/fill-range-4.0.0.tgz. Extracting by manifest.
697 silly tarball no local data for fileset@https://registry.npmjs.org/fileset/-/fileset-2.0.3.tgz. Extracting by manifest.
698 silly tarball no local data for filename-regex@https://registry.npmjs.org/filename-regex/-/filename-regex-2.0.1.tgz. Extracting by manifest.
699 silly tarball no local data for file-loader@https://registry.npmjs.org/file-loader/-/file-loader-1.1.11.tgz. Extracting by manifest.
700 silly tarball no local data for faye-websocket@https://registry.npmjs.org/faye-websocket/-/faye-websocket-0.10.0.tgz. Extracting by manifest.
701 silly tarball no local data for fastparse@https://registry.npmjs.org/fastparse/-/fastparse-1.1.1.tgz. Extracting by manifest.
702 silly tarball no local data for fast-levenshtein@https://registry.npmjs.org/fast-levenshtein/-/fast-levenshtein-2.0.6.tgz. Extracting by manifest.
703 silly tarball no local data for fast-json-stable-stringify@https://registry.npmjs.org/fast-json-stable-stringify/-/fast-json-stable-stringify-2.0.0.tgz. Extracting by manifest.
704 silly tarball no local data for fast-deep-equal@https://registry.npmjs.org/fast-deep-equal/-/fast-deep-equal-1.1.0.tgz. Extracting by manifest.
705 silly tarball no local data for extsprintf@https://registry.npmjs.org/extsprintf/-/extsprintf-1.3.0.tgz. Extracting by manifest.
706 silly tarball no local data for extglob@https://registry.npmjs.org/extglob/-/extglob-2.0.4.tgz. Extracting by manifest.
707 silly tarball no local data for extend-shallow@https://registry.npmjs.org/extend-shallow/-/extend-shallow-3.0.2.tgz. Extracting by manifest.
708 silly tarball no local data for extend@https://registry.npmjs.org/extend/-/extend-3.0.2.tgz. Extracting by manifest.
709 silly tarball no local data for express@https://registry.npmjs.org/express/-/express-4.16.3.tgz. Extracting by manifest.
710 silly tarball no local data for expand-range@https://registry.npmjs.org/expand-range/-/expand-range-1.8.2.tgz. Extracting by manifest.
711 silly tarball no local data for expand-brackets@https://registry.npmjs.org/expand-brackets/-/expand-brackets-2.1.4.tgz. Extracting by manifest.
712 silly tarball no local data for expand-braces@https://registry.npmjs.org/expand-braces/-/expand-braces-0.1.2.tgz. Extracting by manifest.
713 silly tarball no local data for exit@https://registry.npmjs.org/exit/-/exit-0.1.2.tgz. Extracting by manifest.
714 silly tarball no local data for execa@https://registry.npmjs.org/execa/-/execa-0.7.0.tgz. Extracting by manifest.
715 silly tarball no local data for evp_bytestokey@https://registry.npmjs.org/evp_bytestokey/-/evp_bytestokey-1.0.3.tgz. Extracting by manifest.
716 silly tarball no local data for eventsource@https://registry.npmjs.org/eventsource/-/eventsource-0.1.6.tgz. Extracting by manifest.
717 silly tarball no local data for events@https://registry.npmjs.org/events/-/events-1.1.1.tgz. Extracting by manifest.
718 silly tarball no local data for eventemitter3@https://registry.npmjs.org/eventemitter3/-/eventemitter3-3.1.0.tgz. Extracting by manifest.
719 silly tarball no local data for etag@https://registry.npmjs.org/etag/-/etag-1.8.1.tgz. Extracting by manifest.
720 silly tarball no local data for esutils@https://registry.npmjs.org/esutils/-/esutils-2.0.2.tgz. Extracting by manifest.
721 silly tarball no local data for esrecurse@https://registry.npmjs.org/esrecurse/-/esrecurse-4.2.1.tgz. Extracting by manifest.
722 silly tarball no local data for estraverse@https://registry.npmjs.org/estraverse/-/estraverse-1.9.3.tgz. Extracting by manifest.
723 silly tarball no local data for esprima@https://registry.npmjs.org/esprima/-/esprima-2.7.3.tgz. Extracting by manifest.
724 silly tarball no local data for eslint-scope@https://registry.npmjs.org/eslint-scope/-/eslint-scope-3.7.3.tgz. Extracting by manifest.
725 silly tarball no local data for escodegen@https://registry.npmjs.org/escodegen/-/escodegen-1.8.1.tgz. Extracting by manifest.
726 silly tarball no local data for escape-string-regexp@https://registry.npmjs.org/escape-string-regexp/-/escape-string-regexp-1.0.5.tgz. Extracting by manifest.
727 silly tarball no local data for escape-html@https://registry.npmjs.org/escape-html/-/escape-html-1.0.3.tgz. Extracting by manifest.
728 silly tarball no local data for es6-symbol@https://registry.npmjs.org/es6-symbol/-/es6-symbol-3.1.1.tgz. Extracting by manifest.
729 silly tarball no local data for es6-promisify@https://registry.npmjs.org/es6-promisify/-/es6-promisify-5.0.0.tgz. Extracting by manifest.
730 silly tarball no local data for es6-promise@https://registry.npmjs.org/es6-promise/-/es6-promise-4.2.4.tgz. Extracting by manifest.
731 silly tarball no local data for es6-iterator@https://registry.npmjs.org/es6-iterator/-/es6-iterator-2.0.3.tgz. Extracting by manifest.
732 silly tarball no local data for es5-ext@https://registry.npmjs.org/es5-ext/-/es5-ext-0.10.45.tgz. Extracting by manifest.
733 silly tarball no local data for es-to-primitive@https://registry.npmjs.org/es-to-primitive/-/es-to-primitive-1.1.1.tgz. Extracting by manifest.
734 silly tarball no local data for es-abstract@https://registry.npmjs.org/es-abstract/-/es-abstract-1.12.0.tgz. Extracting by manifest.
735 silly tarball no local data for error-ex@https://registry.npmjs.org/error-ex/-/error-ex-1.3.2.tgz. Extracting by manifest.
736 silly tarball no local data for errno@https://registry.npmjs.org/errno/-/errno-0.1.7.tgz. Extracting by manifest.
737 silly tarball no local data for entities@https://registry.npmjs.org/entities/-/entities-1.1.1.tgz. Extracting by manifest.
738 silly tarball no local data for ent@https://registry.npmjs.org/ent/-/ent-2.2.0.tgz. Extracting by manifest.
739 silly tarball no local data for enhanced-resolve@https://registry.npmjs.org/enhanced-resolve/-/enhanced-resolve-4.1.0.tgz. Extracting by manifest.
740 silly tarball no local data for engine.io-client@https://registry.npmjs.org/engine.io-client/-/engine.io-client-1.8.3.tgz. Extracting by manifest.
741 silly tarball no local data for engine.io-parser@https://registry.npmjs.org/engine.io-parser/-/engine.io-parser-1.3.2.tgz. Extracting by manifest.
742 silly tarball no local data for engine.io@https://registry.npmjs.org/engine.io/-/engine.io-1.8.3.tgz. Extracting by manifest.
743 silly tarball no local data for encodeurl@https://registry.npmjs.org/encodeurl/-/encodeurl-1.0.2.tgz. Extracting by manifest.
744 silly tarball no local data for end-of-stream@https://registry.npmjs.org/end-of-stream/-/end-of-stream-1.4.1.tgz. Extracting by manifest.
745 silly tarball no local data for emojis-list@https://registry.npmjs.org/emojis-list/-/emojis-list-2.1.0.tgz. Extracting by manifest.
746 silly tarball no local data for elliptic@https://registry.npmjs.org/elliptic/-/elliptic-6.4.0.tgz. Extracting by manifest.
747 silly tarball no local data for electron-to-chromium@https://registry.npmjs.org/electron-to-chromium/-/electron-to-chromium-1.3.52.tgz. Extracting by manifest.
748 silly tarball no local data for ejs@https://registry.npmjs.org/ejs/-/ejs-2.6.1.tgz. Extracting by manifest.
749 silly tarball no local data for ee-first@https://registry.npmjs.org/ee-first/-/ee-first-1.1.1.tgz. Extracting by manifest.
750 silly tarball no local data for ecc-jsbn@https://registry.npmjs.org/ecc-jsbn/-/ecc-jsbn-0.1.1.tgz. Extracting by manifest.
751 silly tarball no local data for duplexify@https://registry.npmjs.org/duplexify/-/duplexify-3.6.0.tgz. Extracting by manifest.
752 silly tarball no local data for domutils@https://registry.npmjs.org/domutils/-/domutils-1.5.1.tgz. Extracting by manifest.
753 silly tarball no local data for domhandler@https://registry.npmjs.org/domhandler/-/domhandler-2.1.0.tgz. Extracting by manifest.
754 silly tarball no local data for domelementtype@https://registry.npmjs.org/domelementtype/-/domelementtype-1.3.0.tgz. Extracting by manifest.
755 silly tarball no local data for dom-serializer@https://registry.npmjs.org/dom-serializer/-/dom-serializer-0.1.0.tgz. Extracting by manifest.
756 silly tarball no local data for domain-browser@https://registry.npmjs.org/domain-browser/-/domain-browser-1.2.0.tgz. Extracting by manifest.
757 silly tarball no local data for dom-serialize@https://registry.npmjs.org/dom-serialize/-/dom-serialize-2.2.1.tgz. Extracting by manifest.
758 silly tarball no local data for dns-txt@https://registry.npmjs.org/dns-txt/-/dns-txt-2.0.2.tgz. Extracting by manifest.
759 silly tarball no local data for dom-converter@https://registry.npmjs.org/dom-converter/-/dom-converter-0.1.4.tgz. Extracting by manifest.
760 silly tarball no local data for dns-packet@https://registry.npmjs.org/dns-packet/-/dns-packet-1.3.1.tgz. Extracting by manifest.
761 silly tarball no local data for dns-equal@https://registry.npmjs.org/dns-equal/-/dns-equal-1.0.0.tgz. Extracting by manifest.
762 silly tarball no local data for dir-glob@https://registry.npmjs.org/dir-glob/-/dir-glob-2.0.0.tgz. Extracting by manifest.
763 silly tarball no local data for diffie-hellman@https://registry.npmjs.org/diffie-hellman/-/diffie-hellman-5.0.3.tgz. Extracting by manifest.
764 silly tarball no local data for diff@https://registry.npmjs.org/diff/-/diff-3.5.0.tgz. Extracting by manifest.
765 silly tarball no local data for di@https://registry.npmjs.org/di/-/di-0.0.1.tgz. Extracting by manifest.
766 silly tarball no local data for detect-node@https://registry.npmjs.org/detect-node/-/detect-node-2.0.3.tgz. Extracting by manifest.
767 silly tarball no local data for detect-indent@https://registry.npmjs.org/detect-indent/-/detect-indent-4.0.0.tgz. Extracting by manifest.
768 silly tarball no local data for destroy@https://registry.npmjs.org/destroy/-/destroy-1.0.4.tgz. Extracting by manifest.
769 silly tarball no local data for des.js@https://registry.npmjs.org/des.js/-/des.js-1.0.0.tgz. Extracting by manifest.
770 silly tarball no local data for depd@https://registry.npmjs.org/depd/-/depd-1.1.2.tgz. Extracting by manifest.
771 silly tarball no local data for delegates@https://registry.npmjs.org/delegates/-/delegates-1.0.0.tgz. Extracting by manifest.
772 silly tarball no local data for delayed-stream@https://registry.npmjs.org/delayed-stream/-/delayed-stream-1.0.0.tgz. Extracting by manifest.
773 silly tarball no local data for define-property@https://registry.npmjs.org/define-property/-/define-property-2.0.2.tgz. Extracting by manifest.
774 silly tarball no local data for del@https://registry.npmjs.org/del/-/del-3.0.0.tgz. Extracting by manifest.
775 silly tarball no local data for define-properties@https://registry.npmjs.org/define-properties/-/define-properties-1.1.2.tgz. Extracting by manifest.
776 silly tarball no local data for default-require-extensions@https://registry.npmjs.org/default-require-extensions/-/default-require-extensions-2.0.0.tgz. Extracting by manifest.
777 silly tarball no local data for deep-is@https://registry.npmjs.org/deep-is/-/deep-is-0.1.3.tgz. Extracting by manifest.
778 silly tarball no local data for decode-uri-component@https://registry.npmjs.org/decode-uri-component/-/decode-uri-component-0.2.0.tgz. Extracting by manifest.
779 silly tarball no local data for deep-equal@https://registry.npmjs.org/deep-equal/-/deep-equal-1.0.1.tgz. Extracting by manifest.
780 silly tarball no local data for decamelize@https://registry.npmjs.org/decamelize/-/decamelize-1.2.0.tgz. Extracting by manifest.
781 silly tarball no local data for debug@https://registry.npmjs.org/debug/-/debug-2.6.9.tgz. Extracting by manifest.
782 silly tarball no local data for date-now@https://registry.npmjs.org/date-now/-/date-now-0.1.4.tgz. Extracting by manifest.
783 silly tarball no local data for dashdash@https://registry.npmjs.org/dashdash/-/dashdash-1.14.1.tgz. Extracting by manifest.
784 silly tarball no local data for d@https://registry.npmjs.org/d/-/d-1.0.0.tgz. Extracting by manifest.
785 silly tarball no local data for cyclist@https://registry.npmjs.org/cyclist/-/cyclist-0.2.2.tgz. Extracting by manifest.
786 silly tarball no local data for custom-event@https://registry.npmjs.org/custom-event/-/custom-event-1.0.1.tgz. Extracting by manifest.
787 silly tarball no local data for currently-unhandled@https://registry.npmjs.org/currently-unhandled/-/currently-unhandled-0.4.1.tgz. Extracting by manifest.
788 silly tarball no local data for cuint@https://registry.npmjs.org/cuint/-/cuint-0.2.2.tgz. Extracting by manifest.
789 silly tarball no local data for cssesc@https://registry.npmjs.org/cssesc/-/cssesc-0.1.0.tgz. Extracting by manifest.
790 silly tarball no local data for cssauron@https://registry.npmjs.org/cssauron/-/cssauron-1.4.0.tgz. Extracting by manifest.
791 silly tarball no local data for css-what@https://registry.npmjs.org/css-what/-/css-what-2.1.0.tgz. Extracting by manifest.
792 silly tarball no local data for css-selector-tokenizer@https://registry.npmjs.org/css-selector-tokenizer/-/css-selector-tokenizer-0.7.0.tgz. Extracting by manifest.
793 silly tarball no local data for css-select@https://registry.npmjs.org/css-select/-/css-select-1.2.0.tgz. Extracting by manifest.
794 silly tarball no local data for css-parse@https://registry.npmjs.org/css-parse/-/css-parse-1.7.0.tgz. Extracting by manifest.
795 silly tarball no local data for crypto-browserify@https://registry.npmjs.org/crypto-browserify/-/crypto-browserify-3.12.0.tgz. Extracting by manifest.
796 silly tarball no local data for cryptiles@https://registry.npmjs.org/cryptiles/-/cryptiles-2.0.5.tgz. Extracting by manifest.
797 silly tarball no local data for cross-spawn@https://registry.npmjs.org/cross-spawn/-/cross-spawn-3.0.1.tgz. Extracting by manifest.
798 silly tarball no local data for create-hmac@https://registry.npmjs.org/create-hmac/-/create-hmac-1.1.7.tgz. Extracting by manifest.
799 silly tarball no local data for create-hash@https://registry.npmjs.org/create-hash/-/create-hash-1.2.0.tgz. Extracting by manifest.
800 silly tarball no local data for create-ecdh@https://registry.npmjs.org/create-ecdh/-/create-ecdh-4.0.3.tgz. Extracting by manifest.
801 silly tarball no local data for cosmiconfig@https://registry.npmjs.org/cosmiconfig/-/cosmiconfig-4.0.0.tgz. Extracting by manifest.
802 silly tarball no local data for core-util-is@https://registry.npmjs.org/core-util-is/-/core-util-is-1.0.2.tgz. Extracting by manifest.
803 silly tarball no local data for core-js@https://registry.npmjs.org/core-js/-/core-js-2.5.7.tgz. Extracting by manifest.
804 silly tarball no local data for copy-webpack-plugin@https://registry.npmjs.org/copy-webpack-plugin/-/copy-webpack-plugin-4.5.2.tgz. Extracting by manifest.
805 silly tarball no local data for copy-descriptor@https://registry.npmjs.org/copy-descriptor/-/copy-descriptor-0.1.1.tgz. Extracting by manifest.
806 silly tarball no local data for copy-concurrently@https://registry.npmjs.org/copy-concurrently/-/copy-concurrently-1.0.5.tgz. Extracting by manifest.
807 silly tarball no local data for cookie-signature@https://registry.npmjs.org/cookie-signature/-/cookie-signature-1.0.6.tgz. Extracting by manifest.
808 silly tarball no local data for cookie@https://registry.npmjs.org/cookie/-/cookie-0.3.1.tgz. Extracting by manifest.
809 silly tarball no local data for convert-source-map@https://registry.npmjs.org/convert-source-map/-/convert-source-map-1.5.1.tgz. Extracting by manifest.
810 silly tarball no local data for content-type@https://registry.npmjs.org/content-type/-/content-type-1.0.4.tgz. Extracting by manifest.
811 silly tarball no local data for content-disposition@https://registry.npmjs.org/content-disposition/-/content-disposition-0.5.2.tgz. Extracting by manifest.
812 silly tarball no local data for constants-browserify@https://registry.npmjs.org/constants-browserify/-/constants-browserify-1.0.0.tgz. Extracting by manifest.
813 silly tarball no local data for console-control-strings@https://registry.npmjs.org/console-control-strings/-/console-control-strings-1.1.0.tgz. Extracting by manifest.
814 silly tarball no local data for console-browserify@https://registry.npmjs.org/console-browserify/-/console-browserify-1.1.0.tgz. Extracting by manifest.
815 silly tarball no local data for connect-history-api-fallback@https://registry.npmjs.org/connect-history-api-fallback/-/connect-history-api-fallback-1.5.0.tgz. Extracting by manifest.
816 silly tarball no local data for connect@https://registry.npmjs.org/connect/-/connect-3.6.6.tgz. Extracting by manifest.
817 silly tarball no local data for concat-stream@https://registry.npmjs.org/concat-stream/-/concat-stream-1.6.2.tgz. Extracting by manifest.
818 silly tarball no local data for concat-map@https://registry.npmjs.org/concat-map/-/concat-map-0.0.1.tgz. Extracting by manifest.
819 silly tarball no local data for compression@https://registry.npmjs.org/compression/-/compression-1.7.3.tgz. Extracting by manifest.
820 silly tarball no local data for compressible@https://registry.npmjs.org/compressible/-/compressible-2.0.14.tgz. Extracting by manifest.
821 silly tarball no local data for component-emitter@https://registry.npmjs.org/component-emitter/-/component-emitter-1.2.1.tgz. Extracting by manifest.
822 silly tarball no local data for component-inherit@https://registry.npmjs.org/component-inherit/-/component-inherit-0.0.3.tgz. Extracting by manifest.
823 silly tarball no local data for component-bind@https://registry.npmjs.org/component-bind/-/component-bind-1.0.0.tgz. Extracting by manifest.
824 silly tarball no local data for compare-versions@https://registry.npmjs.org/compare-versions/-/compare-versions-3.3.0.tgz. Extracting by manifest.
825 silly tarball no local data for commondir@https://registry.npmjs.org/commondir/-/commondir-1.0.1.tgz. Extracting by manifest.
826 silly tarball no local data for commander@https://registry.npmjs.org/commander/-/commander-2.16.0.tgz. Extracting by manifest.
827 silly tarball no local data for combined-stream@https://registry.npmjs.org/combined-stream/-/combined-stream-1.0.6.tgz. Extracting by manifest.
828 silly tarball no local data for combine-lists@https://registry.npmjs.org/combine-lists/-/combine-lists-1.0.1.tgz. Extracting by manifest.
829 silly tarball no local data for color-name@https://registry.npmjs.org/color-name/-/color-name-1.1.1.tgz. Extracting by manifest.
830 silly tarball no local data for colors@https://registry.npmjs.org/colors/-/colors-1.1.2.tgz. Extracting by manifest.
831 silly tarball no local data for color-convert@https://registry.npmjs.org/color-convert/-/color-convert-1.9.2.tgz. Extracting by manifest.
832 silly tarball no local data for collection-visit@https://registry.npmjs.org/collection-visit/-/collection-visit-1.0.0.tgz. Extracting by manifest.
833 silly tarball no local data for codelyzer@https://registry.npmjs.org/codelyzer/-/codelyzer-4.2.1.tgz. Extracting by manifest.
834 silly tarball no local data for code-point-at@https://registry.npmjs.org/code-point-at/-/code-point-at-1.1.0.tgz. Extracting by manifest.
835 silly tarball no local data for clone-deep@https://registry.npmjs.org/clone-deep/-/clone-deep-2.0.2.tgz. Extracting by manifest.
836 silly tarball no local data for co@https://registry.npmjs.org/co/-/co-4.6.0.tgz. Extracting by manifest.
837 silly tarball no local data for clone@https://registry.npmjs.org/clone/-/clone-2.1.1.tgz. Extracting by manifest.
838 silly tarball no local data for cliui@https://registry.npmjs.org/cliui/-/cliui-2.1.0.tgz. Extracting by manifest.
839 silly tarball no local data for clean-css@https://registry.npmjs.org/clean-css/-/clean-css-4.1.11.tgz. Extracting by manifest.
840 silly tarball no local data for class-utils@https://registry.npmjs.org/class-utils/-/class-utils-0.3.6.tgz. Extracting by manifest.
841 silly tarball no local data for chrome-trace-event@https://registry.npmjs.org/chrome-trace-event/-/chrome-trace-event-0.1.3.tgz. Extracting by manifest.
842 silly tarball no local data for circular-dependency-plugin@https://registry.npmjs.org/circular-dependency-plugin/-/circular-dependency-plugin-5.0.2.tgz. Extracting by manifest.
843 silly tarball no local data for chokidar@https://registry.npmjs.org/chokidar/-/chokidar-2.0.4.tgz. Extracting by manifest.
844 silly tarball no local data for chalk@https://registry.npmjs.org/chalk/-/chalk-2.2.2.tgz. Extracting by manifest.
845 silly tarball no local data for cipher-base@https://registry.npmjs.org/cipher-base/-/cipher-base-1.0.4.tgz. Extracting by manifest.
846 silly tarball no local data for chownr@https://registry.npmjs.org/chownr/-/chownr-1.0.1.tgz. Extracting by manifest.
847 silly tarball no local data for center-align@https://registry.npmjs.org/center-align/-/center-align-0.1.3.tgz. Extracting by manifest.
848 silly tarball no local data for caniuse-lite@https://registry.npmjs.org/caniuse-lite/-/caniuse-lite-1.0.30000865.tgz. Extracting by manifest.
849 silly tarball no local data for caseless@https://registry.npmjs.org/caseless/-/caseless-0.12.0.tgz. Extracting by manifest.
850 silly tarball no local data for camelcase-keys@https://registry.npmjs.org/camelcase-keys/-/camelcase-keys-2.1.0.tgz. Extracting by manifest.
851 silly tarball no local data for camelcase@https://registry.npmjs.org/camelcase/-/camelcase-1.2.1.tgz. Extracting by manifest.
852 silly tarball no local data for camel-case@https://registry.npmjs.org/camel-case/-/camel-case-3.0.0.tgz. Extracting by manifest.
853 silly tarball no local data for cache-loader@https://registry.npmjs.org/cache-loader/-/cache-loader-1.2.2.tgz. Extracting by manifest.
854 silly tarball no local data for callsite@https://registry.npmjs.org/callsite/-/callsite-1.0.0.tgz. Extracting by manifest.
855 silly tarball no local data for cache-base@https://registry.npmjs.org/cache-base/-/cache-base-1.0.1.tgz. Extracting by manifest.
856 silly tarball no local data for cacache@https://registry.npmjs.org/cacache/-/cacache-10.0.4.tgz. Extracting by manifest.
857 silly tarball no local data for bytes@https://registry.npmjs.org/bytes/-/bytes-3.0.0.tgz. Extracting by manifest.
858 silly tarball no local data for builtins@https://registry.npmjs.org/builtins/-/builtins-1.0.3.tgz. Extracting by manifest.
859 silly tarball no local data for builtin-status-codes@https://registry.npmjs.org/builtin-status-codes/-/builtin-status-codes-3.0.0.tgz. Extracting by manifest.
860 silly tarball no local data for builtin-modules@https://registry.npmjs.org/builtin-modules/-/builtin-modules-1.1.1.tgz. Extracting by manifest.
861 silly tarball no local data for buffer-indexof@https://registry.npmjs.org/buffer-indexof/-/buffer-indexof-1.1.1.tgz. Extracting by manifest.
862 silly tarball no local data for buffer-xor@https://registry.npmjs.org/buffer-xor/-/buffer-xor-1.0.3.tgz. Extracting by manifest.
863 silly tarball no local data for buffer-from@https://registry.npmjs.org/buffer-from/-/buffer-from-1.1.0.tgz. Extracting by manifest.
864 silly tarball no local data for buffer@https://registry.npmjs.org/buffer/-/buffer-4.9.1.tgz. Extracting by manifest.
865 silly tarball no local data for browserslist@https://registry.npmjs.org/browserslist/-/browserslist-3.2.8.tgz. Extracting by manifest.
866 silly tarball no local data for browserify-zlib@https://registry.npmjs.org/browserify-zlib/-/browserify-zlib-0.2.0.tgz. Extracting by manifest.
867 silly tarball no local data for browserify-sign@https://registry.npmjs.org/browserify-sign/-/browserify-sign-4.0.4.tgz. Extracting by manifest.
868 silly tarball no local data for browserify-rsa@https://registry.npmjs.org/browserify-rsa/-/browserify-rsa-4.0.1.tgz. Extracting by manifest.
869 silly tarball no local data for browserify-des@https://registry.npmjs.org/browserify-des/-/browserify-des-1.0.2.tgz. Extracting by manifest.
870 silly tarball no local data for browserify-cipher@https://registry.npmjs.org/browserify-cipher/-/browserify-cipher-1.0.1.tgz. Extracting by manifest.
871 silly tarball no local data for browserify-aes@https://registry.npmjs.org/browserify-aes/-/browserify-aes-1.2.0.tgz. Extracting by manifest.
872 silly tarball no local data for brorand@https://registry.npmjs.org/brorand/-/brorand-1.1.0.tgz. Extracting by manifest.
873 silly tarball no local data for brace-expansion@https://registry.npmjs.org/brace-expansion/-/brace-expansion-1.1.11.tgz. Extracting by manifest.
874 silly tarball no local data for braces@https://registry.npmjs.org/braces/-/braces-2.3.2.tgz. Extracting by manifest.
875 silly tarball no local data for bootstrap@https://registry.npmjs.org/bootstrap/-/bootstrap-4.1.2.tgz. Extracting by manifest.
876 silly tarball no local data for boom@https://registry.npmjs.org/boom/-/boom-2.10.1.tgz. Extracting by manifest.
877 silly tarball no local data for boolbase@https://registry.npmjs.org/boolbase/-/boolbase-1.0.0.tgz. Extracting by manifest.
878 silly tarball no local data for body-parser@https://registry.npmjs.org/body-parser/-/body-parser-1.18.2.tgz. Extracting by manifest.
879 silly tarball no local data for bn.js@https://registry.npmjs.org/bn.js/-/bn.js-4.11.8.tgz. Extracting by manifest.
880 silly tarball no local data for bluebird@https://registry.npmjs.org/bluebird/-/bluebird-3.5.1.tgz. Extracting by manifest.
881 silly tarball no local data for blocking-proxy@https://registry.npmjs.org/blocking-proxy/-/blocking-proxy-1.0.1.tgz. Extracting by manifest.
882 silly tarball no local data for bonjour@https://registry.npmjs.org/bonjour/-/bonjour-3.5.0.tgz. Extracting by manifest.
883 silly tarball no local data for blob@https://registry.npmjs.org/blob/-/blob-0.0.4.tgz. Extracting by manifest.
884 silly tarball no local data for block-stream@https://registry.npmjs.org/block-stream/-/block-stream-0.0.9.tgz. Extracting by manifest.
885 silly tarball no local data for binary-extensions@https://registry.npmjs.org/binary-extensions/-/binary-extensions-1.11.0.tgz. Extracting by manifest.
886 silly tarball no local data for big.js@https://registry.npmjs.org/big.js/-/big.js-3.2.0.tgz. Extracting by manifest.
887 silly tarball no local data for better-assert@https://registry.npmjs.org/better-assert/-/better-assert-1.0.2.tgz. Extracting by manifest.
888 silly tarball no local data for bcrypt-pbkdf@https://registry.npmjs.org/bcrypt-pbkdf/-/bcrypt-pbkdf-1.0.2.tgz. Extracting by manifest.
889 silly tarball no local data for batch@https://registry.npmjs.org/batch/-/batch-0.6.1.tgz. Extracting by manifest.
890 silly tarball no local data for base64id@https://registry.npmjs.org/base64id/-/base64id-1.0.0.tgz. Extracting by manifest.
891 silly tarball no local data for base64-arraybuffer@https://registry.npmjs.org/base64-arraybuffer/-/base64-arraybuffer-0.1.5.tgz. Extracting by manifest.
892 silly tarball no local data for base64-js@https://registry.npmjs.org/base64-js/-/base64-js-1.3.0.tgz. Extracting by manifest.
893 silly tarball no local data for base@https://registry.npmjs.org/base/-/base-0.11.2.tgz. Extracting by manifest.
894 silly tarball no local data for balanced-match@https://registry.npmjs.org/balanced-match/-/balanced-match-1.0.0.tgz. Extracting by manifest.
895 silly tarball no local data for backo2@https://registry.npmjs.org/backo2/-/backo2-1.0.2.tgz. Extracting by manifest.
896 silly tarball no local data for babylon@https://registry.npmjs.org/babylon/-/babylon-6.18.0.tgz. Extracting by manifest.
897 silly tarball no local data for babel-traverse@https://registry.npmjs.org/babel-traverse/-/babel-traverse-6.26.0.tgz. Extracting by manifest.
898 silly tarball no local data for babel-template@https://registry.npmjs.org/babel-template/-/babel-template-6.26.0.tgz. Extracting by manifest.
899 silly tarball no local data for babel-types@https://registry.npmjs.org/babel-types/-/babel-types-6.26.0.tgz. Extracting by manifest.
900 silly tarball no local data for babel-runtime@https://registry.npmjs.org/babel-runtime/-/babel-runtime-6.26.0.tgz. Extracting by manifest.
901 silly tarball no local data for babel-messages@https://registry.npmjs.org/babel-messages/-/babel-messages-6.23.0.tgz. Extracting by manifest.
902 silly tarball no local data for babel-code-frame@https://registry.npmjs.org/babel-code-frame/-/babel-code-frame-6.26.0.tgz. Extracting by manifest.
903 silly tarball no local data for babel-generator@https://registry.npmjs.org/babel-generator/-/babel-generator-6.26.1.tgz. Extracting by manifest.
904 silly tarball no local data for aws4@https://registry.npmjs.org/aws4/-/aws4-1.7.0.tgz. Extracting by manifest.
905 silly tarball no local data for aws-sign2@https://registry.npmjs.org/aws-sign2/-/aws-sign2-0.7.0.tgz. Extracting by manifest.
906 silly tarball no local data for autoprefixer@https://registry.npmjs.org/autoprefixer/-/autoprefixer-8.6.5.tgz. Extracting by manifest.
907 silly tarball no local data for atob@https://registry.npmjs.org/atob/-/atob-2.1.1.tgz. Extracting by manifest.
908 silly tarball no local data for asynckit@https://registry.npmjs.org/asynckit/-/asynckit-0.4.0.tgz. Extracting by manifest.
909 silly tarball no local data for async-each@https://registry.npmjs.org/async-each/-/async-each-1.0.1.tgz. Extracting by manifest.
910 silly tarball no local data for async-foreach@https://registry.npmjs.org/async-foreach/-/async-foreach-0.1.3.tgz. Extracting by manifest.
911 silly tarball no local data for assign-symbols@https://registry.npmjs.org/assign-symbols/-/assign-symbols-1.0.0.tgz. Extracting by manifest.
912 silly tarball no local data for async@https://registry.npmjs.org/async/-/async-1.5.2.tgz. Extracting by manifest.
913 silly tarball no local data for assert-plus@https://registry.npmjs.org/assert-plus/-/assert-plus-1.0.0.tgz. Extracting by manifest.
914 silly tarball no local data for assert@https://registry.npmjs.org/assert/-/assert-1.4.1.tgz. Extracting by manifest.
915 silly tarball no local data for asn1.js@https://registry.npmjs.org/asn1.js/-/asn1.js-4.10.1.tgz. Extracting by manifest.
916 silly tarball no local data for asn1@https://registry.npmjs.org/asn1/-/asn1-0.2.3.tgz. Extracting by manifest.
917 silly tarball no local data for asap@https://registry.npmjs.org/asap/-/asap-2.0.6.tgz. Extracting by manifest.
918 silly tarball no local data for arrify@https://registry.npmjs.org/arrify/-/arrify-1.0.1.tgz. Extracting by manifest.
919 silly tarball no local data for arraybuffer.slice@https://registry.npmjs.org/arraybuffer.slice/-/arraybuffer.slice-0.0.6.tgz. Extracting by manifest.
920 silly tarball no local data for array-uniq@https://registry.npmjs.org/array-uniq/-/array-uniq-1.0.3.tgz. Extracting by manifest.
921 silly tarball no local data for array-unique@https://registry.npmjs.org/array-unique/-/array-unique-0.3.2.tgz. Extracting by manifest.
922 silly tarball no local data for array-union@https://registry.npmjs.org/array-union/-/array-union-1.0.2.tgz. Extracting by manifest.
923 silly tarball no local data for array-includes@https://registry.npmjs.org/array-includes/-/array-includes-3.0.3.tgz. Extracting by manifest.
924 silly tarball no local data for array-slice@https://registry.npmjs.org/array-slice/-/array-slice-0.2.3.tgz. Extracting by manifest.
925 silly tarball no local data for array-flatten@https://registry.npmjs.org/array-flatten/-/array-flatten-2.1.1.tgz. Extracting by manifest.
926 silly tarball no local data for array-find-index@https://registry.npmjs.org/array-find-index/-/array-find-index-1.0.2.tgz. Extracting by manifest.
927 silly tarball no local data for arr-flatten@https://registry.npmjs.org/arr-flatten/-/arr-flatten-1.1.0.tgz. Extracting by manifest.
928 silly tarball no local data for arr-diff@https://registry.npmjs.org/arr-diff/-/arr-diff-4.0.0.tgz. Extracting by manifest.
929 silly tarball no local data for arr-union@https://registry.npmjs.org/arr-union/-/arr-union-3.1.0.tgz. Extracting by manifest.
930 silly tarball no local data for argparse@https://registry.npmjs.org/argparse/-/argparse-1.0.10.tgz. Extracting by manifest.
931 silly tarball no local data for are-we-there-yet@https://registry.npmjs.org/are-we-there-yet/-/are-we-there-yet-1.1.5.tgz. Extracting by manifest.
932 silly tarball no local data for aproba@https://registry.npmjs.org/aproba/-/aproba-1.2.0.tgz. Extracting by manifest.
933 silly tarball no local data for append-transform@https://registry.npmjs.org/append-transform/-/append-transform-1.0.0.tgz. Extracting by manifest.
934 silly tarball no local data for app-root-path@https://registry.npmjs.org/app-root-path/-/app-root-path-2.1.0.tgz. Extracting by manifest.
935 silly tarball no local data for ansi-styles@https://registry.npmjs.org/ansi-styles/-/ansi-styles-3.2.1.tgz. Extracting by manifest.
936 silly tarball no local data for ansi-regex@https://registry.npmjs.org/ansi-regex/-/ansi-regex-2.1.1.tgz. Extracting by manifest.
937 silly tarball no local data for anymatch@https://registry.npmjs.org/anymatch/-/anymatch-2.0.0.tgz. Extracting by manifest.
938 silly tarball no local data for ansi-html@https://registry.npmjs.org/ansi-html/-/ansi-html-0.0.7.tgz. Extracting by manifest.
939 silly tarball no local data for align-text@https://registry.npmjs.org/align-text/-/align-text-0.1.4.tgz. Extracting by manifest.
940 silly tarball no local data for amdefine@https://registry.npmjs.org/amdefine/-/amdefine-1.0.1.tgz. Extracting by manifest.
941 silly tarball no local data for ajv-keywords@https://registry.npmjs.org/ajv-keywords/-/ajv-keywords-3.2.0.tgz. Extracting by manifest.
942 silly tarball no local data for ajv@https://registry.npmjs.org/ajv/-/ajv-6.4.0.tgz. Extracting by manifest.
943 silly tarball no local data for agent-base@https://registry.npmjs.org/agent-base/-/agent-base-4.2.1.tgz. Extracting by manifest.
944 silly tarball no local data for after@https://registry.npmjs.org/after/-/after-0.8.2.tgz. Extracting by manifest.
945 silly tarball no local data for adm-zip@https://registry.npmjs.org/adm-zip/-/adm-zip-0.4.4.tgz. Extracting by manifest.
946 silly tarball no local data for acorn-dynamic-import@https://registry.npmjs.org/acorn-dynamic-import/-/acorn-dynamic-import-3.0.0.tgz. Extracting by manifest.
947 silly tarball no local data for acorn@https://registry.npmjs.org/acorn/-/acorn-5.7.1.tgz. Extracting by manifest.
948 silly tarball no local data for accepts@https://registry.npmjs.org/accepts/-/accepts-1.3.5.tgz. Extracting by manifest.
949 silly tarball no local data for abbrev@https://registry.npmjs.org/abbrev/-/abbrev-1.0.9.tgz. Extracting by manifest.
950 silly tarball no local data for @webpack-contrib/schema-utils@https://registry.npmjs.org/@webpack-contrib/schema-utils/-/schema-utils-1.0.0-beta.0.tgz. Extracting by manifest.
951 silly tarball no local data for @webassemblyjs/wast-printer@https://registry.npmjs.org/@webassemblyjs/wast-printer/-/wast-printer-1.4.3.tgz. Extracting by manifest.
952 silly tarball no local data for @webassemblyjs/wasm-parser@https://registry.npmjs.org/@webassemblyjs/wasm-parser/-/wasm-parser-1.4.3.tgz. Extracting by manifest.
953 silly tarball no local data for @webassemblyjs/wast-parser@https://registry.npmjs.org/@webassemblyjs/wast-parser/-/wast-parser-1.4.3.tgz. Extracting by manifest.
954 silly tarball no local data for @webassemblyjs/wasm-gen@https://registry.npmjs.org/@webassemblyjs/wasm-gen/-/wasm-gen-1.4.3.tgz. Extracting by manifest.
955 silly tarball no local data for @webassemblyjs/wasm-opt@https://registry.npmjs.org/@webassemblyjs/wasm-opt/-/wasm-opt-1.4.3.tgz. Extracting by manifest.
956 silly tarball no local data for @webassemblyjs/wasm-edit@https://registry.npmjs.org/@webassemblyjs/wasm-edit/-/wasm-edit-1.4.3.tgz. Extracting by manifest.
957 silly tarball no local data for @webassemblyjs/validation@https://registry.npmjs.org/@webassemblyjs/validation/-/validation-1.4.3.tgz. Extracting by manifest.
958 silly tarball no local data for @webassemblyjs/leb128@https://registry.npmjs.org/@webassemblyjs/leb128/-/leb128-1.4.3.tgz. Extracting by manifest.
959 silly tarball no local data for @webassemblyjs/helper-wasm-section@https://registry.npmjs.org/@webassemblyjs/helper-wasm-section/-/helper-wasm-section-1.4.3.tgz. Extracting by manifest.
960 silly tarball no local data for @webassemblyjs/helper-wasm-bytecode@https://registry.npmjs.org/@webassemblyjs/helper-wasm-bytecode/-/helper-wasm-bytecode-1.4.3.tgz. Extracting by manifest.
961 silly tarball no local data for @webassemblyjs/helper-fsm@https://registry.npmjs.org/@webassemblyjs/helper-fsm/-/helper-fsm-1.4.3.tgz. Extracting by manifest.
962 silly tarball no local data for @webassemblyjs/helper-buffer@https://registry.npmjs.org/@webassemblyjs/helper-buffer/-/helper-buffer-1.4.3.tgz. Extracting by manifest.
963 silly tarball no local data for @webassemblyjs/helper-code-frame@https://registry.npmjs.org/@webassemblyjs/helper-code-frame/-/helper-code-frame-1.4.3.tgz. Extracting by manifest.
964 silly tarball no local data for @webassemblyjs/floating-point-hex-parser@https://registry.npmjs.org/@webassemblyjs/floating-point-hex-parser/-/floating-point-hex-parser-1.4.3.tgz. Extracting by manifest.
965 silly tarball no local data for @webassemblyjs/ast@https://registry.npmjs.org/@webassemblyjs/ast/-/ast-1.4.3.tgz. Extracting by manifest.
966 silly tarball no local data for @types/selenium-webdriver@https://registry.npmjs.org/@types/selenium-webdriver/-/selenium-webdriver-2.53.43.tgz. Extracting by manifest.
967 silly tarball no local data for @types/q@https://registry.npmjs.org/@types/q/-/q-0.0.32.tgz. Extracting by manifest.
968 silly tarball no local data for @types/node@https://registry.npmjs.org/@types/node/-/node-8.9.5.tgz. Extracting by manifest.
969 silly tarball no local data for @types/jasminewd2@https://registry.npmjs.org/@types/jasminewd2/-/jasminewd2-2.0.3.tgz. Extracting by manifest.
970 silly tarball no local data for @schematics/update@https://registry.npmjs.org/@schematics/update/-/update-0.6.8.tgz. Extracting by manifest.
971 silly tarball no local data for @types/jasmine@https://registry.npmjs.org/@types/jasmine/-/jasmine-2.8.8.tgz. Extracting by manifest.
972 silly tarball no local data for @schematics/angular@https://registry.npmjs.org/@schematics/angular/-/angular-0.6.8.tgz. Extracting by manifest.
973 silly tarball no local data for @ngtools/webpack@https://registry.npmjs.org/@ngtools/webpack/-/webpack-6.0.8.tgz. Extracting by manifest.
974 silly tarball no local data for @angular/platform-browser-dynamic@https://registry.npmjs.org/@angular/platform-browser-dynamic/-/platform-browser-dynamic-6.0.9.tgz. Extracting by manifest.
975 silly tarball no local data for @angular/router@https://registry.npmjs.org/@angular/router/-/router-6.0.9.tgz. Extracting by manifest.
976 silly tarball no local data for @angular/platform-browser@https://registry.npmjs.org/@angular/platform-browser/-/platform-browser-6.0.9.tgz. Extracting by manifest.
977 silly tarball no local data for @angular/language-service@https://registry.npmjs.org/@angular/language-service/-/language-service-6.0.9.tgz. Extracting by manifest.
978 silly tarball no local data for @angular/http@https://registry.npmjs.org/@angular/http/-/http-6.0.9.tgz. Extracting by manifest.
979 silly tarball no local data for @angular/forms@https://registry.npmjs.org/@angular/forms/-/forms-6.0.9.tgz. Extracting by manifest.
980 silly tarball no local data for @angular/core@https://registry.npmjs.org/@angular/core/-/core-6.0.9.tgz. Extracting by manifest.
981 silly tarball no local data for @angular/compiler-cli@https://registry.npmjs.org/@angular/compiler-cli/-/compiler-cli-6.0.9.tgz. Extracting by manifest.
982 silly tarball no local data for @angular/compiler@https://registry.npmjs.org/@angular/compiler/-/compiler-6.0.9.tgz. Extracting by manifest.
983 silly tarball no local data for @angular/common@https://registry.npmjs.org/@angular/common/-/common-6.0.9.tgz. Extracting by manifest.
984 silly tarball no local data for @angular/cli@https://registry.npmjs.org/@angular/cli/-/cli-6.0.8.tgz. Extracting by manifest.
985 silly tarball no local data for @angular/animations@https://registry.npmjs.org/@angular/animations/-/animations-6.0.9.tgz. Extracting by manifest.
986 silly tarball no local data for @angular-devkit/schematics@https://registry.npmjs.org/@angular-devkit/schematics/-/schematics-0.6.8.tgz. Extracting by manifest.
987 silly tarball no local data for @angular-devkit/core@https://registry.npmjs.org/@angular-devkit/core/-/core-0.6.8.tgz. Extracting by manifest.
988 silly tarball no local data for @angular-devkit/build-angular@https://registry.npmjs.org/@angular-devkit/build-angular/-/build-angular-0.6.8.tgz. Extracting by manifest.
989 silly tarball no local data for @angular-devkit/build-optimizer@https://registry.npmjs.org/@angular-devkit/build-optimizer/-/build-optimizer-0.6.8.tgz. Extracting by manifest.
990 silly tarball no local data for @angular-devkit/architect@https://registry.npmjs.org/@angular-devkit/architect/-/architect-0.6.8.tgz. Extracting by manifest.
991 silly tarball no local data for sax@https://registry.npmjs.org/sax/-/sax-1.2.4.tgz. Extracting by manifest.
992 silly tarball no local data for camelcase@https://registry.npmjs.org/camelcase/-/camelcase-3.0.0.tgz. Extracting by manifest.
993 silly tarball no local data for source-map@https://registry.npmjs.org/source-map/-/source-map-0.6.1.tgz. Extracting by manifest.
994 silly tarball no local data for yargs-parser@https://registry.npmjs.org/yargs-parser/-/yargs-parser-9.0.2.tgz. Extracting by manifest.
995 silly tarball no local data for y18n@https://registry.npmjs.org/y18n/-/y18n-3.2.1.tgz. Extracting by manifest.
996 silly tarball no local data for yargs@https://registry.npmjs.org/yargs/-/yargs-11.0.0.tgz. Extracting by manifest.
997 silly tarball no local data for which-module@https://registry.npmjs.org/which-module/-/which-module-2.0.0.tgz. Extracting by manifest.
998 silly tarball no local data for string-width@https://registry.npmjs.org/string-width/-/string-width-2.1.1.tgz. Extracting by manifest.
999 silly tarball no local data for is-fullwidth-code-point@https://registry.npmjs.org/is-fullwidth-code-point/-/is-fullwidth-code-point-2.0.0.tgz. Extracting by manifest.
1000 silly tarball no local data for os-locale@https://registry.npmjs.org/os-locale/-/os-locale-2.1.0.tgz. Extracting by manifest.
1001 silly tarball no local data for strip-ansi@https://registry.npmjs.org/strip-ansi/-/strip-ansi-4.0.0.tgz. Extracting by manifest.
1002 silly tarball no local data for debug@https://registry.npmjs.org/debug/-/debug-3.1.0.tgz. Extracting by manifest.
1003 silly tarball no local data for cliui@https://registry.npmjs.org/cliui/-/cliui-4.1.0.tgz. Extracting by manifest.
1004 silly tarball no local data for strip-ansi@https://registry.npmjs.org/strip-ansi/-/strip-ansi-4.0.0.tgz. Extracting by manifest.
1005 silly tarball no local data for ansi-regex@https://registry.npmjs.org/ansi-regex/-/ansi-regex-3.0.0.tgz. Extracting by manifest.
1006 silly tarball no local data for mime@https://registry.npmjs.org/mime/-/mime-2.3.1.tgz. Extracting by manifest.
1007 silly tarball no local data for source-map@https://registry.npmjs.org/source-map/-/source-map-0.4.4.tgz. Extracting by manifest.
1008 silly tarball no local data for camelcase@https://registry.npmjs.org/camelcase/-/camelcase-4.1.0.tgz. Extracting by manifest.
1009 silly tarball no local data for source-list-map@https://registry.npmjs.org/source-list-map/-/source-list-map-0.1.8.tgz. Extracting by manifest.
1010 silly tarball no local data for xml2js@https://registry.npmjs.org/xml2js/-/xml2js-0.4.4.tgz. Extracting by manifest.
1011 silly tarball no local data for tmp@https://registry.npmjs.org/tmp/-/tmp-0.0.24.tgz. Extracting by manifest.
1012 silly tarball no local data for selenium-webdriver@https://registry.npmjs.org/selenium-webdriver/-/selenium-webdriver-2.53.3.tgz. Extracting by manifest.
1013 silly tarball no local data for sax@https://registry.npmjs.org/sax/-/sax-0.6.1.tgz. Extracting by manifest.
1014 silly tarball no local data for mime@https://registry.npmjs.org/mime/-/mime-2.3.1.tgz. Extracting by manifest.
1015 silly tarball no local data for punycode@https://registry.npmjs.org/punycode/-/punycode-1.3.2.tgz. Extracting by manifest.
1016 silly tarball no local data for has-value@https://registry.npmjs.org/has-value/-/has-value-0.3.1.tgz. Extracting by manifest.
1017 silly tarball no local data for has-values@https://registry.npmjs.org/has-values/-/has-values-0.1.4.tgz. Extracting by manifest.
1018 silly tarball no local data for isobject@https://registry.npmjs.org/isobject/-/isobject-2.1.0.tgz. Extracting by manifest.
1019 silly tarball no local data for extend-shallow@https://registry.npmjs.org/extend-shallow/-/extend-shallow-2.0.1.tgz. Extracting by manifest.
1020 silly tarball no local data for set-value@https://registry.npmjs.org/set-value/-/set-value-0.4.3.tgz. Extracting by manifest.
1021 silly tarball no local data for uglify-es@https://registry.npmjs.org/uglify-es/-/uglify-es-3.3.9.tgz. Extracting by manifest.
1022 silly tarball no local data for source-map@https://registry.npmjs.org/source-map/-/source-map-0.6.1.tgz. Extracting by manifest.
1023 silly tarball no local data for commander@https://registry.npmjs.org/commander/-/commander-2.13.0.tgz. Extracting by manifest.
1024 silly tarball no local data for source-map@https://registry.npmjs.org/source-map/-/source-map-0.6.1.tgz. Extracting by manifest.
1025 silly tarball no local data for chalk@https://registry.npmjs.org/chalk/-/chalk-2.4.1.tgz. Extracting by manifest.
1026 silly tarball no local data for source-map@https://registry.npmjs.org/source-map/-/source-map-0.6.1.tgz. Extracting by manifest.
1027 silly tarball no local data for minimist@https://registry.npmjs.org/minimist/-/minimist-1.2.0.tgz. Extracting by manifest.
1028 silly tarball no local data for minimist@https://registry.npmjs.org/minimist/-/minimist-1.2.0.tgz. Extracting by manifest.
1029 silly tarball no local data for chalk@https://registry.npmjs.org/chalk/-/chalk-2.4.1.tgz. Extracting by manifest.
1030 silly tarball no local data for glob@https://registry.npmjs.org/glob/-/glob-6.0.4.tgz. Extracting by manifest.
1031 silly tarball no local data for kind-of@https://registry.npmjs.org/kind-of/-/kind-of-3.2.2.tgz. Extracting by manifest.
1032 silly tarball no local data for punycode@https://registry.npmjs.org/punycode/-/punycode-1.4.1.tgz. Extracting by manifest.
1033 silly tarball no local data for source-map@https://registry.npmjs.org/source-map/-/source-map-0.1.43.tgz. Extracting by manifest.
1034 silly tarball no local data for glob@https://registry.npmjs.org/glob/-/glob-7.0.6.tgz. Extracting by manifest.
1035 silly tarball no local data for define-property@https://registry.npmjs.org/define-property/-/define-property-0.2.5.tgz. Extracting by manifest.
1036 silly tarball no local data for source-map@https://registry.npmjs.org/source-map/-/source-map-0.6.1.tgz. Extracting by manifest.
1037 silly tarball no local data for faye-websocket@https://registry.npmjs.org/faye-websocket/-/faye-websocket-0.11.1.tgz. Extracting by manifest.
1038 silly tarball no local data for ms@https://registry.npmjs.org/ms/-/ms-0.7.1.tgz. Extracting by manifest.
1039 silly tarball no local data for isarray@https://registry.npmjs.org/isarray/-/isarray-0.0.1.tgz. Extracting by manifest.
1040 silly tarball no local data for component-emitter@https://registry.npmjs.org/component-emitter/-/component-emitter-1.1.2.tgz. Extracting by manifest.
1041 silly tarball no local data for ms@https://registry.npmjs.org/ms/-/ms-0.7.2.tgz. Extracting by manifest.
1042 silly tarball no local data for debug@https://registry.npmjs.org/debug/-/debug-2.2.0.tgz. Extracting by manifest.
1043 silly tarball no local data for debug@https://registry.npmjs.org/debug/-/debug-2.3.3.tgz. Extracting by manifest.
1044 silly tarball no local data for ms@https://registry.npmjs.org/ms/-/ms-0.7.2.tgz. Extracting by manifest.
1045 silly tarball no local data for debug@https://registry.npmjs.org/debug/-/debug-2.3.3.tgz. Extracting by manifest.
1046 silly tarball no local data for object-assign@https://registry.npmjs.org/object-assign/-/object-assign-4.1.0.tgz. Extracting by manifest.
1047 silly tarball no local data for ms@https://registry.npmjs.org/ms/-/ms-0.7.2.tgz. Extracting by manifest.
1048 silly tarball no local data for debug@https://registry.npmjs.org/debug/-/debug-2.3.3.tgz. Extracting by manifest.
1049 silly tarball no local data for kind-of@https://registry.npmjs.org/kind-of/-/kind-of-3.2.2.tgz. Extracting by manifest.
1050 silly tarball no local data for is-descriptor@https://registry.npmjs.org/is-descriptor/-/is-descriptor-1.0.2.tgz. Extracting by manifest.
1051 silly tarball no local data for is-data-descriptor@https://registry.npmjs.org/is-data-descriptor/-/is-data-descriptor-1.0.0.tgz. Extracting by manifest.
1052 silly tarball no local data for is-accessor-descriptor@https://registry.npmjs.org/is-accessor-descriptor/-/is-accessor-descriptor-1.0.0.tgz. Extracting by manifest.
1053 silly tarball no local data for define-property@https://registry.npmjs.org/define-property/-/define-property-1.0.0.tgz. Extracting by manifest.
1054 silly tarball no local data for extend-shallow@https://registry.npmjs.org/extend-shallow/-/extend-shallow-2.0.1.tgz. Extracting by manifest.
1055 silly tarball no local data for define-property@https://registry.npmjs.org/define-property/-/define-property-0.2.5.tgz. Extracting by manifest.
1056 silly tarball no local data for kind-of@https://registry.npmjs.org/kind-of/-/kind-of-5.1.0.tgz. Extracting by manifest.
1057 silly tarball no local data for extend-shallow@https://registry.npmjs.org/extend-shallow/-/extend-shallow-2.0.1.tgz. Extracting by manifest.
1058 silly tarball no local data for mime@https://registry.npmjs.org/mime/-/mime-1.4.1.tgz. Extracting by manifest.
1059 silly tarball no local data for tmp@https://registry.npmjs.org/tmp/-/tmp-0.0.30.tgz. Extracting by manifest.
1060 silly tarball no local data for source-map@https://registry.npmjs.org/source-map/-/source-map-0.4.4.tgz. Extracting by manifest.
1061 silly tarball no local data for yargs@https://registry.npmjs.org/yargs/-/yargs-7.1.0.tgz. Extracting by manifest.
1062 silly tarball no local data for y18n@https://registry.npmjs.org/y18n/-/y18n-3.2.1.tgz. Extracting by manifest.
1063 silly tarball no local data for cliui@https://registry.npmjs.org/cliui/-/cliui-3.2.0.tgz. Extracting by manifest.
1064 silly tarball no local data for camelcase@https://registry.npmjs.org/camelcase/-/camelcase-3.0.0.tgz. Extracting by manifest.
1065 silly tarball no local data for utila@https://registry.npmjs.org/utila/-/utila-0.3.3.tgz. Extracting by manifest.
1066 silly tarball no local data for jsesc@https://registry.npmjs.org/jsesc/-/jsesc-0.5.0.tgz. Extracting by manifest.
1067 silly tarball no local data for find-up@https://registry.npmjs.org/find-up/-/find-up-1.1.2.tgz. Extracting by manifest.
1068 silly tarball no local data for path-exists@https://registry.npmjs.org/path-exists/-/path-exists-2.1.0.tgz. Extracting by manifest.
1069 silly tarball no local data for pify@https://registry.npmjs.org/pify/-/pify-2.3.0.tgz. Extracting by manifest.
1070 silly tarball no local data for path-type@https://registry.npmjs.org/path-type/-/path-type-1.1.0.tgz. Extracting by manifest.
1071 silly tarball no local data for setprototypeof@https://registry.npmjs.org/setprototypeof/-/setprototypeof-1.0.3.tgz. Extracting by manifest.
1072 silly tarball no local data for pify@https://registry.npmjs.org/pify/-/pify-2.3.0.tgz. Extracting by manifest.
1073 silly tarball no local data for http-errors@https://registry.npmjs.org/http-errors/-/http-errors-1.6.2.tgz. Extracting by manifest.
1074 silly tarball no local data for depd@https://registry.npmjs.org/depd/-/depd-1.1.1.tgz. Extracting by manifest.
1075 silly tarball no local data for is-number@https://registry.npmjs.org/is-number/-/is-number-4.0.0.tgz. Extracting by manifest.
1076 silly tarball no local data for webdriver-manager@https://registry.npmjs.org/webdriver-manager/-/webdriver-manager-12.1.0.tgz. Extracting by manifest.
1077 silly tarball no local data for supports-color@https://registry.npmjs.org/supports-color/-/supports-color-2.0.0.tgz. Extracting by manifest.
1078 silly tarball no local data for pify@https://registry.npmjs.org/pify/-/pify-2.3.0.tgz. Extracting by manifest.
1079 silly tarball no local data for minimist@https://registry.npmjs.org/minimist/-/minimist-1.2.0.tgz. Extracting by manifest.
1080 silly tarball no local data for globby@https://registry.npmjs.org/globby/-/globby-5.0.0.tgz. Extracting by manifest.
1081 silly tarball no local data for source-map-support@https://registry.npmjs.org/source-map-support/-/source-map-support-0.4.18.tgz. Extracting by manifest.
1082 silly tarball no local data for del@https://registry.npmjs.org/del/-/del-2.2.2.tgz. Extracting by manifest.
1083 silly tarball no local data for chalk@https://registry.npmjs.org/chalk/-/chalk-1.1.3.tgz. Extracting by manifest.
1084 silly tarball no local data for ansi-styles@https://registry.npmjs.org/ansi-styles/-/ansi-styles-2.2.1.tgz. Extracting by manifest.
1085 silly tarball no local data for adm-zip@https://registry.npmjs.org/adm-zip/-/adm-zip-0.4.11.tgz. Extracting by manifest.
1086 silly tarball no local data for @types/node@https://registry.npmjs.org/@types/node/-/node-6.0.114.tgz. Extracting by manifest.
1087 silly tarball no local data for source-map@https://registry.npmjs.org/source-map/-/source-map-0.6.1.tgz. Extracting by manifest.
1088 silly tarball no local data for chalk@https://registry.npmjs.org/chalk/-/chalk-2.4.1.tgz. Extracting by manifest.
1089 silly tarball no local data for is-glob@https://registry.npmjs.org/is-glob/-/is-glob-2.0.1.tgz. Extracting by manifest.
1090 silly tarball no local data for is-extglob@https://registry.npmjs.org/is-extglob/-/is-extglob-1.0.0.tgz. Extracting by manifest.
1091 silly tarball no local data for wordwrap@https://registry.npmjs.org/wordwrap/-/wordwrap-0.0.3.tgz. Extracting by manifest.
1092 silly tarball no local data for for-own@https://registry.npmjs.org/for-own/-/for-own-0.1.5.tgz. Extracting by manifest.
1093 silly tarball no local data for kind-of@https://registry.npmjs.org/kind-of/-/kind-of-3.2.2.tgz. Extracting by manifest.
1094 silly tarball no local data for define-property@https://registry.npmjs.org/define-property/-/define-property-0.2.5.tgz. Extracting by manifest.
1095 silly tarball no local data for supports-color@https://registry.npmjs.org/supports-color/-/supports-color-2.0.0.tgz. Extracting by manifest.
1096 silly tarball no local data for chalk@https://registry.npmjs.org/chalk/-/chalk-1.1.3.tgz. Extracting by manifest.
1097 silly tarball no local data for ansi-styles@https://registry.npmjs.org/ansi-styles/-/ansi-styles-2.2.1.tgz. Extracting by manifest.
1098 silly tarball no local data for punycode@https://registry.npmjs.org/punycode/-/punycode-1.4.1.tgz. Extracting by manifest.
1099 silly tarball no local data for semver@https://registry.npmjs.org/semver/-/semver-5.3.0.tgz. Extracting by manifest.
1100 silly tarball no local data for request@https://registry.npmjs.org/request/-/request-2.81.0.tgz. Extracting by manifest.
1101 silly tarball no local data for performance-now@https://registry.npmjs.org/performance-now/-/performance-now-0.2.0.tgz. Extracting by manifest.
1102 silly tarball no local data for qs@https://registry.npmjs.org/qs/-/qs-6.4.0.tgz. Extracting by manifest.
1103 silly tarball no local data for http-signature@https://registry.npmjs.org/http-signature/-/http-signature-1.1.1.tgz. Extracting by manifest.
1104 silly tarball no local data for har-validator@https://registry.npmjs.org/har-validator/-/har-validator-4.2.1.tgz. Extracting by manifest.
1105 silly tarball no local data for form-data@https://registry.npmjs.org/form-data/-/form-data-2.1.4.tgz. Extracting by manifest.
1106 silly tarball no local data for har-schema@https://registry.npmjs.org/har-schema/-/har-schema-1.0.5.tgz. Extracting by manifest.
1107 silly tarball no local data for aws-sign2@https://registry.npmjs.org/aws-sign2/-/aws-sign2-0.6.0.tgz. Extracting by manifest.
1108 silly tarball no local data for assert-plus@https://registry.npmjs.org/assert-plus/-/assert-plus-0.2.0.tgz. Extracting by manifest.
1109 silly tarball no local data for ajv@https://registry.npmjs.org/ajv/-/ajv-4.11.8.tgz. Extracting by manifest.
1110 silly tarball no local data for for-in@https://registry.npmjs.org/for-in/-/for-in-0.1.8.tgz. Extracting by manifest.
1111 silly tarball no local data for is-extendable@https://registry.npmjs.org/is-extendable/-/is-extendable-1.0.1.tgz. Extracting by manifest.
1112 silly tarball no local data for minimist@https://registry.npmjs.org/minimist/-/minimist-1.2.0.tgz. Extracting by manifest.
1113 silly tarball no local data for semver@https://registry.npmjs.org/semver/-/semver-4.3.6.tgz. Extracting by manifest.
1114 silly tarball no local data for readable-stream@https://registry.npmjs.org/readable-stream/-/readable-stream-1.0.34.tgz. Extracting by manifest.
1115 silly tarball no local data for string_decoder@https://registry.npmjs.org/string_decoder/-/string_decoder-0.10.31.tgz. Extracting by manifest.
1116 silly tarball no local data for isarray@https://registry.npmjs.org/isarray/-/isarray-0.0.1.tgz. Extracting by manifest.
1117 silly tarball no local data for pify@https://registry.npmjs.org/pify/-/pify-2.3.0.tgz. Extracting by manifest.
1118 silly tarball no local data for source-map@https://registry.npmjs.org/source-map/-/source-map-0.6.1.tgz. Extracting by manifest.
1119 silly tarball no local data for lodash@https://registry.npmjs.org/lodash/-/lodash-3.10.1.tgz. Extracting by manifest.
1120 silly tarball no local data for micromatch@https://registry.npmjs.org/micromatch/-/micromatch-2.3.11.tgz. Extracting by manifest.
1121 silly tarball no local data for kind-of@https://registry.npmjs.org/kind-of/-/kind-of-3.2.2.tgz. Extracting by manifest.
1122 silly tarball no local data for is-glob@https://registry.npmjs.org/is-glob/-/is-glob-2.0.1.tgz. Extracting by manifest.
1123 silly tarball no local data for glob-parent@https://registry.npmjs.org/glob-parent/-/glob-parent-2.0.0.tgz. Extracting by manifest.
1124 silly tarball no local data for is-extglob@https://registry.npmjs.org/is-extglob/-/is-extglob-1.0.0.tgz. Extracting by manifest.
1125 silly tarball no local data for extglob@https://registry.npmjs.org/extglob/-/extglob-0.3.2.tgz. Extracting by manifest.
1126 silly tarball no local data for expand-brackets@https://registry.npmjs.org/expand-brackets/-/expand-brackets-0.1.5.tgz. Extracting by manifest.
1127 silly tarball no local data for chokidar@https://registry.npmjs.org/chokidar/-/chokidar-1.7.0.tgz. Extracting by manifest.
1128 silly tarball no local data for braces@https://registry.npmjs.org/braces/-/braces-1.8.5.tgz. Extracting by manifest.
1129 silly tarball no local data for arr-diff@https://registry.npmjs.org/arr-diff/-/arr-diff-2.0.0.tgz. Extracting by manifest.
1130 silly tarball no local data for array-unique@https://registry.npmjs.org/array-unique/-/array-unique-0.2.1.tgz. Extracting by manifest.
1131 silly tarball no local data for string_decoder@https://registry.npmjs.org/string_decoder/-/string_decoder-0.10.31.tgz. Extracting by manifest.
1132 silly tarball no local data for anymatch@https://registry.npmjs.org/anymatch/-/anymatch-1.3.2.tgz. Extracting by manifest.
1133 silly tarball no local data for readable-stream@https://registry.npmjs.org/readable-stream/-/readable-stream-2.0.6.tgz. Extracting by manifest.
1134 silly tarball no local data for process-nextick-args@https://registry.npmjs.org/process-nextick-args/-/process-nextick-args-1.0.7.tgz. Extracting by manifest.
1135 silly tarball no local data for es6-promise@https://registry.npmjs.org/es6-promise/-/es6-promise-3.0.2.tgz. Extracting by manifest.
1136 silly tarball no local data for esprima@https://registry.npmjs.org/esprima/-/esprima-4.0.1.tgz. Extracting by manifest.
1137 silly tarball no local data for core-js@https://registry.npmjs.org/core-js/-/core-js-2.3.0.tgz. Extracting by manifest.
1138 silly tarball no local data for jasmine-core@https://registry.npmjs.org/jasmine-core/-/jasmine-core-2.8.0.tgz. Extracting by manifest.
1139 silly tarball no local data for debug@https://registry.npmjs.org/debug/-/debug-3.1.0.tgz. Extracting by manifest.
1140 silly tarball no local data for supports-color@https://registry.npmjs.org/supports-color/-/supports-color-3.2.3.tgz. Extracting by manifest.
1141 silly tarball no local data for has-flag@https://registry.npmjs.org/has-flag/-/has-flag-1.0.0.tgz. Extracting by manifest.
1142 silly tarball no local data for schema-utils@https://registry.npmjs.org/schema-utils/-/schema-utils-0.3.0.tgz. Extracting by manifest.
1143 silly tarball no local data for ajv@https://registry.npmjs.org/ajv/-/ajv-5.5.2.tgz. Extracting by manifest.
1144 silly tarball no local data for async@https://registry.npmjs.org/async/-/async-2.6.1.tgz. Extracting by manifest.
1145 silly tarball no local data for supports-color@https://registry.npmjs.org/supports-color/-/supports-color-3.2.3.tgz. Extracting by manifest.
1146 silly tarball no local data for resolve@https://registry.npmjs.org/resolve/-/resolve-1.1.7.tgz. Extracting by manifest.
1147 silly tarball no local data for has-flag@https://registry.npmjs.org/has-flag/-/has-flag-1.0.0.tgz. Extracting by manifest.
1148 silly tarball no local data for glob@https://registry.npmjs.org/glob/-/glob-5.0.15.tgz. Extracting by manifest.
1149 silly tarball no local data for kind-of@https://registry.npmjs.org/kind-of/-/kind-of-3.2.2.tgz. Extracting by manifest.
1150 silly tarball no local data for kind-of@https://registry.npmjs.org/kind-of/-/kind-of-5.1.0.tgz. Extracting by manifest.
1151 silly tarball no local data for kind-of@https://registry.npmjs.org/kind-of/-/kind-of-3.2.2.tgz. Extracting by manifest.
1152 silly tarball no local data for kind-of@https://registry.npmjs.org/kind-of/-/kind-of-3.2.2.tgz. Extracting by manifest.
1153 silly tarball no local data for debug@https://registry.npmjs.org/debug/-/debug-3.1.0.tgz. Extracting by manifest.
1154 silly tarball no local data for string_decoder@https://registry.npmjs.org/string_decoder/-/string_decoder-0.10.31.tgz. Extracting by manifest.
1155 silly tarball no local data for readable-stream@https://registry.npmjs.org/readable-stream/-/readable-stream-1.0.34.tgz. Extracting by manifest.
1156 silly tarball no local data for isarray@https://registry.npmjs.org/isarray/-/isarray-0.0.1.tgz. Extracting by manifest.
1157 silly tarball no local data for domutils@https://registry.npmjs.org/domutils/-/domutils-1.1.6.tgz. Extracting by manifest.
1158 silly tarball no local data for loader-utils@https://registry.npmjs.org/loader-utils/-/loader-utils-0.2.17.tgz. Extracting by manifest.
1159 silly tarball no local data for kind-of@https://registry.npmjs.org/kind-of/-/kind-of-4.0.0.tgz. Extracting by manifest.
1160 silly tarball no local data for isarray@https://registry.npmjs.org/isarray/-/isarray-0.0.1.tgz. Extracting by manifest.
1161 silly tarball no local data for ajv@https://registry.npmjs.org/ajv/-/ajv-5.5.2.tgz. Extracting by manifest.
1162 silly tarball no local data for uglify-js@https://registry.npmjs.org/uglify-js/-/uglify-js-2.8.29.tgz. Extracting by manifest.
1163 silly tarball no local data for source-map@https://registry.npmjs.org/source-map/-/source-map-0.4.4.tgz. Extracting by manifest.
1164 silly tarball no local data for is-glob@https://registry.npmjs.org/is-glob/-/is-glob-3.1.0.tgz. Extracting by manifest.
1165 silly tarball no local data for is-glob@https://registry.npmjs.org/is-glob/-/is-glob-2.0.1.tgz. Extracting by manifest.
1166 silly tarball no local data for source-map@https://registry.npmjs.org/source-map/-/source-map-0.5.7.tgz. Extracting by manifest.
1167 silly tarball no local data for glob-parent@https://registry.npmjs.org/glob-parent/-/glob-parent-2.0.0.tgz. Extracting by manifest.
1168 silly tarball no local data for is-extglob@https://registry.npmjs.org/is-extglob/-/is-extglob-1.0.0.tgz. Extracting by manifest.
1169 silly tarball no local data for debug@https://registry.npmjs.org/debug/-/debug-3.1.0.tgz. Extracting by manifest.
1170 silly tarball no local data for extend-shallow@https://registry.npmjs.org/extend-shallow/-/extend-shallow-2.0.1.tgz. Extracting by manifest.
1171 silly tarball no local data for is-descriptor@https://registry.npmjs.org/is-descriptor/-/is-descriptor-1.0.2.tgz. Extracting by manifest.
1172 silly tarball no local data for is-data-descriptor@https://registry.npmjs.org/is-data-descriptor/-/is-data-descriptor-1.0.0.tgz. Extracting by manifest.
1173 silly tarball no local data for is-accessor-descriptor@https://registry.npmjs.org/is-accessor-descriptor/-/is-accessor-descriptor-1.0.0.tgz. Extracting by manifest.
1174 silly tarball no local data for extend-shallow@https://registry.npmjs.org/extend-shallow/-/extend-shallow-2.0.1.tgz. Extracting by manifest.
1175 silly tarball no local data for define-property@https://registry.npmjs.org/define-property/-/define-property-1.0.0.tgz. Extracting by manifest.
1176 silly tarball no local data for is-extendable@https://registry.npmjs.org/is-extendable/-/is-extendable-1.0.1.tgz. Extracting by manifest.
1177 silly tarball no local data for safe-buffer@https://registry.npmjs.org/safe-buffer/-/safe-buffer-5.1.1.tgz. Extracting by manifest.
1178 silly tarball no local data for array-flatten@https://registry.npmjs.org/array-flatten/-/array-flatten-1.1.1.tgz. Extracting by manifest.
1179 silly tarball no local data for qs@https://registry.npmjs.org/qs/-/qs-6.5.1.tgz. Extracting by manifest.
1180 silly tarball no local data for kind-of@https://registry.npmjs.org/kind-of/-/kind-of-3.2.2.tgz. Extracting by manifest.
1181 silly tarball no local data for isobject@https://registry.npmjs.org/isobject/-/isobject-2.1.0.tgz. Extracting by manifest.
1182 silly tarball no local data for is-number@https://registry.npmjs.org/is-number/-/is-number-2.1.0.tgz. Extracting by manifest.
1183 silly tarball no local data for fill-range@https://registry.npmjs.org/fill-range/-/fill-range-2.2.4.tgz. Extracting by manifest.
1184 silly tarball no local data for extend-shallow@https://registry.npmjs.org/extend-shallow/-/extend-shallow-2.0.1.tgz. Extracting by manifest.
1185 silly tarball no local data for define-property@https://registry.npmjs.org/define-property/-/define-property-0.2.5.tgz. Extracting by manifest.
1186 silly tarball no local data for repeat-string@https://registry.npmjs.org/repeat-string/-/repeat-string-0.2.2.tgz. Extracting by manifest.
1187 silly tarball no local data for is-number@https://registry.npmjs.org/is-number/-/is-number-0.1.1.tgz. Extracting by manifest.
1188 silly tarball no local data for expand-range@https://registry.npmjs.org/expand-range/-/expand-range-0.1.1.tgz. Extracting by manifest.
1189 silly tarball no local data for braces@https://registry.npmjs.org/braces/-/braces-0.1.5.tgz. Extracting by manifest.
1190 silly tarball no local data for array-unique@https://registry.npmjs.org/array-unique/-/array-unique-0.2.1.tgz. Extracting by manifest.
1191 silly tarball no local data for cross-spawn@https://registry.npmjs.org/cross-spawn/-/cross-spawn-5.1.0.tgz. Extracting by manifest.
1192 silly tarball no local data for estraverse@https://registry.npmjs.org/estraverse/-/estraverse-4.2.0.tgz. Extracting by manifest.
1193 silly tarball no local data for estraverse@https://registry.npmjs.org/estraverse/-/estraverse-4.2.0.tgz. Extracting by manifest.
1194 silly tarball no local data for source-map@https://registry.npmjs.org/source-map/-/source-map-0.2.0.tgz. Extracting by manifest.
1195 silly tarball no local data for ms@https://registry.npmjs.org/ms/-/ms-0.7.2.tgz. Extracting by manifest.
1196 silly tarball no local data for debug@https://registry.npmjs.org/debug/-/debug-2.3.3.tgz. Extracting by manifest.
1197 silly tarball no local data for ms@https://registry.npmjs.org/ms/-/ms-0.7.2.tgz. Extracting by manifest.
1198 silly tarball no local data for debug@https://registry.npmjs.org/debug/-/debug-2.3.3.tgz. Extracting by manifest.
1199 silly tarball no local data for accepts@https://registry.npmjs.org/accepts/-/accepts-1.3.3.tgz. Extracting by manifest.
1200 silly tarball no local data for domelementtype@https://registry.npmjs.org/domelementtype/-/domelementtype-1.1.3.tgz. Extracting by manifest.
1201 silly tarball no local data for utila@https://registry.npmjs.org/utila/-/utila-0.3.3.tgz. Extracting by manifest.
1202 silly tarball no local data for globby@https://registry.npmjs.org/globby/-/globby-6.1.0.tgz. Extracting by manifest.
1203 silly tarball no local data for pify@https://registry.npmjs.org/pify/-/pify-2.3.0.tgz. Extracting by manifest.
1204 silly tarball no local data for is-data-descriptor@https://registry.npmjs.org/is-data-descriptor/-/is-data-descriptor-1.0.0.tgz. Extracting by manifest.
1205 silly tarball no local data for is-descriptor@https://registry.npmjs.org/is-descriptor/-/is-descriptor-1.0.2.tgz. Extracting by manifest.
1206 silly tarball no local data for is-accessor-descriptor@https://registry.npmjs.org/is-accessor-descriptor/-/is-accessor-descriptor-1.0.0.tgz. Extracting by manifest.
1207 silly tarball no local data for strip-bom@https://registry.npmjs.org/strip-bom/-/strip-bom-3.0.0.tgz. Extracting by manifest.
1208 silly tarball no local data for parse-json@https://registry.npmjs.org/parse-json/-/parse-json-4.0.0.tgz. Extracting by manifest.
1209 silly tarball no local data for statuses@https://registry.npmjs.org/statuses/-/statuses-1.3.1.tgz. Extracting by manifest.
1210 silly tarball no local data for finalhandler@https://registry.npmjs.org/finalhandler/-/finalhandler-1.1.0.tgz. Extracting by manifest.
1211 silly tarball no local data for wordwrap@https://registry.npmjs.org/wordwrap/-/wordwrap-0.0.2.tgz. Extracting by manifest.
1212 silly tarball no local data for define-property@https://registry.npmjs.org/define-property/-/define-property-0.2.5.tgz. Extracting by manifest.
1213 silly tarball no local data for supports-color@https://registry.npmjs.org/supports-color/-/supports-color-4.5.0.tgz. Extracting by manifest.
1214 silly tarball no local data for has-flag@https://registry.npmjs.org/has-flag/-/has-flag-2.0.0.tgz. Extracting by manifest.
1215 silly tarball no local data for camelcase@https://registry.npmjs.org/camelcase/-/camelcase-2.1.1.tgz. Extracting by manifest.
1216 silly tarball no local data for qs@https://registry.npmjs.org/qs/-/qs-6.5.1.tgz. Extracting by manifest.
1217 silly tarball no local data for minimist@https://registry.npmjs.org/minimist/-/minimist-1.2.0.tgz. Extracting by manifest.
1218 silly tarball no local data for is-descriptor@https://registry.npmjs.org/is-descriptor/-/is-descriptor-1.0.2.tgz. Extracting by manifest.
1219 silly tarball no local data for extend-shallow@https://registry.npmjs.org/extend-shallow/-/extend-shallow-2.0.1.tgz. Extracting by manifest.
1220 silly tarball no local data for is-data-descriptor@https://registry.npmjs.org/is-data-descriptor/-/is-data-descriptor-1.0.0.tgz. Extracting by manifest.
1221 silly tarball no local data for is-accessor-descriptor@https://registry.npmjs.org/is-accessor-descriptor/-/is-accessor-descriptor-1.0.0.tgz. Extracting by manifest.
1222 silly tarball no local data for define-property@https://registry.npmjs.org/define-property/-/define-property-1.0.0.tgz. Extracting by manifest.
1223 silly tarball no local data for supports-color@https://registry.npmjs.org/supports-color/-/supports-color-2.0.0.tgz. Extracting by manifest.
1224 silly tarball no local data for chalk@https://registry.npmjs.org/chalk/-/chalk-1.1.3.tgz. Extracting by manifest.
1225 silly tarball no local data for ansi-styles@https://registry.npmjs.org/ansi-styles/-/ansi-styles-2.2.1.tgz. Extracting by manifest.
1226 silly tarball no local data for util@https://registry.npmjs.org/util/-/util-0.10.3.tgz. Extracting by manifest.
1227 silly tarball no local data for inherits@https://registry.npmjs.org/inherits/-/inherits-2.0.1.tgz. Extracting by manifest.
1228 silly tarball no local data for kind-of@https://registry.npmjs.org/kind-of/-/kind-of-3.2.2.tgz. Extracting by manifest.
1229 silly tarball no local data for strip-ansi@https://registry.npmjs.org/strip-ansi/-/strip-ansi-4.0.0.tgz. Extracting by manifest.
1230 silly tarball no local data for chalk@https://registry.npmjs.org/chalk/-/chalk-2.4.1.tgz. Extracting by manifest.
1231 silly tarball no local data for ansi-regex@https://registry.npmjs.org/ansi-regex/-/ansi-regex-3.0.0.tgz. Extracting by manifest.
1232 silly tarball no local data for debug@https://registry.npmjs.org/debug/-/debug-3.1.0.tgz. Extracting by manifest.
1233 silly tarball no local data for debug@https://registry.npmjs.org/debug/-/debug-3.1.0.tgz. Extracting by manifest.
1234 silly tarball no local data for debug@https://registry.npmjs.org/debug/-/debug-3.1.0.tgz. Extracting by manifest.
1235 silly tarball no local data for debug@https://registry.npmjs.org/debug/-/debug-3.1.0.tgz. Extracting by manifest.
1236 silly tarball no local data for debug@https://registry.npmjs.org/debug/-/debug-3.1.0.tgz. Extracting by manifest.
1237 silly tarball no local data for minimist@https://registry.npmjs.org/minimist/-/minimist-1.2.0.tgz. Extracting by manifest.
1238 silly tarball no local data for micromatch@https://registry.npmjs.org/micromatch/-/micromatch-2.3.11.tgz. Extracting by manifest.
1239 silly tarball no local data for kind-of@https://registry.npmjs.org/kind-of/-/kind-of-3.2.2.tgz. Extracting by manifest.
1240 silly tarball no local data for is-extglob@https://registry.npmjs.org/is-extglob/-/is-extglob-1.0.0.tgz. Extracting by manifest.
1241 silly tarball no local data for is-glob@https://registry.npmjs.org/is-glob/-/is-glob-2.0.1.tgz. Extracting by manifest.
1242 silly tarball no local data for glob-parent@https://registry.npmjs.org/glob-parent/-/glob-parent-2.0.0.tgz. Extracting by manifest.
1243 silly tarball no local data for extglob@https://registry.npmjs.org/extglob/-/extglob-0.3.2.tgz. Extracting by manifest.
1244 silly tarball no local data for expand-brackets@https://registry.npmjs.org/expand-brackets/-/expand-brackets-0.1.5.tgz. Extracting by manifest.
1245 silly tarball no local data for chokidar@https://registry.npmjs.org/chokidar/-/chokidar-1.7.0.tgz. Extracting by manifest.
1246 silly tarball no local data for braces@https://registry.npmjs.org/braces/-/braces-1.8.5.tgz. Extracting by manifest.
1247 silly tarball no local data for array-unique@https://registry.npmjs.org/array-unique/-/array-unique-0.2.1.tgz. Extracting by manifest.
1248 silly tarball no local data for arr-diff@https://registry.npmjs.org/arr-diff/-/arr-diff-2.0.0.tgz. Extracting by manifest.
1249 silly tarball no local data for anymatch@https://registry.npmjs.org/anymatch/-/anymatch-1.3.2.tgz. Extracting by manifest.
1250 silly tarball no local data for yargs-parser@https://registry.npmjs.org/yargs-parser/-/yargs-parser-10.1.0.tgz. Extracting by manifest.
1251 silly tarball no local data for camelcase@https://registry.npmjs.org/camelcase/-/camelcase-4.1.0.tgz. Extracting by manifest.
1252 silly tarball no local data for typescript@https://registry.npmjs.org/typescript/-/typescript-2.9.2.tgz. Extracting by manifest.
1253 http fetch POST 200 https://registry.npmjs.org/-/npm/v1/security/advisories/bulk 4367ms
1254 silly audit report {
1254 silly audit report   'yargs-parser': [
1254 silly audit report     {
1254 silly audit report       id: 1088783,
1254 silly audit report       url: 'https://github.com/advisories/GHSA-p9pc-299p-vxgp',
1254 silly audit report       title: 'yargs-parser Vulnerable to Prototype Pollution',
1254 silly audit report       severity: 'moderate',
1254 silly audit report       vulnerable_versions: '<=5.0.0',
1254 silly audit report       cwe: [Array],
1254 silly audit report       cvss: [Object]
1254 silly audit report     },
1254 silly audit report     {
1254 silly audit report       id: 1088811,
1254 silly audit report       url: 'https://github.com/advisories/GHSA-p9pc-299p-vxgp',
1254 silly audit report       title: 'yargs-parser Vulnerable to Prototype Pollution',
1254 silly audit report       severity: 'moderate',
1254 silly audit report       vulnerable_versions: '>=6.0.0 <13.1.2',
1254 silly audit report       cwe: [Array],
1254 silly audit report       cvss: [Object]
1254 silly audit report     }
1254 silly audit report   ],
1254 silly audit report   '@angular/common': [
1254 silly audit report     {
1254 silly audit report       id: 1111063,
1254 silly audit report       url: 'https://github.com/advisories/GHSA-58c5-g7wp-6w37',
1254 silly audit report       title: 'Angular is Vulnerable to XSRF Token Leakage via Protocol-Relative URLs in Angular HTTP Client',
1254 silly audit report       severity: 'high',
1254 silly audit report       vulnerable_versions: '<19.2.16',
1254 silly audit report       cwe: [Array],
1254 silly audit report       cvss: [Object]
1254 silly audit report     }
1254 silly audit report   ],
1254 silly audit report   '@angular/compiler': [
1254 silly audit report     {
1254 silly audit report       id: 1111180,
1254 silly audit report       url: 'https://github.com/advisories/GHSA-v4hv-rgfq-gp49',
1254 silly audit report       title: 'Angular Stored XSS Vulnerability via SVG Animation, SVG URL and MathML Attributes',
1254 silly audit report       severity: 'high',
1254 silly audit report       vulnerable_versions: '<=18.2.14',
1254 silly audit report       cwe: [Array],
1254 silly audit report       cvss: [Object]
1254 silly audit report     },
1254 silly audit report     {
1254 silly audit report       id: 1112156,
1254 silly audit report       url: 'https://github.com/advisories/GHSA-jrmj-c5cx-3cw6',
1254 silly audit report       title: 'Angular has XSS Vulnerability via Unsanitized SVG Script Attributes',
1254 silly audit report       severity: 'high',
1254 silly audit report       vulnerable_versions: '<=18.2.14',
1254 silly audit report       cwe: [Array],
1254 silly audit report       cvss: [Object]
1254 silly audit report     }
1254 silly audit report   ],
1254 silly audit report   braces: [
1254 silly audit report     {
1254 silly audit report       id: 1098094,
1254 silly audit report       url: 'https://github.com/advisories/GHSA-grv7-fg5c-xmjg',
1254 silly audit report       title: 'Uncontrolled resource consumption in braces',
1254 silly audit report       severity: 'high',
1254 silly audit report       vulnerable_versions: '<3.0.3',
1254 silly audit report       cwe: [Array],
1254 silly audit report       cvss: [Object]
1254 silly audit report     }
1254 silly audit report   ],
1254 silly audit report   'kind-of': [
1254 silly audit report     {
1254 silly audit report       id: 1095056,
1254 silly audit report       url: 'https://github.com/advisories/GHSA-6c8f-qphg-qjgp',
1254 silly audit report       title: 'Validation Bypass in kind-of',
1254 silly audit report       severity: 'high',
1254 silly audit report       vulnerable_versions: '>=6.0.0 <6.0.3',
1254 silly audit report       cwe: [Array],
1254 silly audit report       cvss: [Object]
1254 silly audit report     }
1254 silly audit report   ],
1254 silly audit report   micromatch: [
1254 silly audit report     {
1254 silly audit report       id: 1098681,
1254 silly audit report       url: 'https://github.com/advisories/GHSA-952p-6rrq-rcjv',
1254 silly audit report       title: 'Regular Expression Denial of Service (ReDoS) in micromatch',
1254 silly audit report       severity: 'moderate',
1254 silly audit report       vulnerable_versions: '<4.0.8',
1254 silly audit report       cwe: [Array],
1254 silly audit report       cvss: [Object]
1254 silly audit report     }
1254 silly audit report   ],
1254 silly audit report   minimist: [
1254 silly audit report     {
1254 silly audit report       id: 1097677,
1254 silly audit report       url: 'https://github.com/advisories/GHSA-xvch-5gv4-984h',
1254 silly audit report       title: 'Prototype Pollution in minimist',
1254 silly audit report       severity: 'critical',
1254 silly audit report       vulnerable_versions: '<0.2.4',
1254 silly audit report       cwe: [Array],
1254 silly audit report       cvss: [Object]
1254 silly audit report     },
1254 silly audit report     {
1254 silly audit report       id: 1097678,
1254 silly audit report       url: 'https://github.com/advisories/GHSA-xvch-5gv4-984h',
1254 silly audit report       title: 'Prototype Pollution in minimist',
1254 silly audit report       severity: 'critical',
1254 silly audit report       vulnerable_versions: '>=1.0.0 <1.2.6',
1254 silly audit report       cwe: [Array],
1254 silly audit report       cvss: [Object]
1254 silly audit report     },
1254 silly audit report     {
1254 silly audit report       id: 1096465,
1254 silly audit report       url: 'https://github.com/advisories/GHSA-vh95-rmgr-6w4m',
1254 silly audit report       title: 'Prototype Pollution in minimist',
1254 silly audit report       severity: 'moderate',
1254 silly audit report       vulnerable_versions: '>=1.0.0 <1.2.3',
1254 silly audit report       cwe: [Array],
1254 silly audit report       cvss: [Object]
1254 silly audit report     },
1254 silly audit report     {
1254 silly audit report       id: 1096466,
1254 silly audit report       url: 'https://github.com/advisories/GHSA-vh95-rmgr-6w4m',
1254 silly audit report       title: 'Prototype Pollution in minimist',
1254 silly audit report       severity: 'moderate',
1254 silly audit report       vulnerable_versions: '<0.2.1',
1254 silly audit report       cwe: [Array],
1254 silly audit report       cvss: [Object]
1254 silly audit report     }
1254 silly audit report   ],
1254 silly audit report   '@angular/core': [
1254 silly audit report     {
1254 silly audit report       id: 1112155,
1254 silly audit report       url: 'https://github.com/advisories/GHSA-jrmj-c5cx-3cw6',
1254 silly audit report       title: 'Angular has XSS Vulnerability via Unsanitized SVG Script Attributes',
1254 silly audit report       severity: 'high',
1254 silly audit report       vulnerable_versions: '<=18.2.14',
1254 silly audit report       cwe: [Array],
1254 silly audit report       cvss: [Object]
1254 silly audit report     },
1254 silly audit report     {
1254 silly audit report       id: 1109869,
1254 silly audit report       url: 'https://github.com/advisories/GHSA-c75v-2vq8-878f',
1254 silly audit report       title: 'Angular vulnerable to Cross-site Scripting',
1254 silly audit report       severity: 'moderate',
1254 silly audit report       vulnerable_versions: '<10.2.5',
1254 silly audit report       cwe: [Array],
1254 silly audit report       cvss: [Object]
1254 silly audit report     }
1254 silly audit report   ],
1254 silly audit report   debug: [
1254 silly audit report     {
1254 silly audit report       id: 1094457,
1254 silly audit report       url: 'https://github.com/advisories/GHSA-9vvw-cc9w-f27h',
1254 silly audit report       title: 'debug Inefficient Regular Expression Complexity vulnerability',
1254 silly audit report       severity: 'high',
1254 silly audit report       vulnerable_versions: '<2.6.9',
1254 silly audit report       cwe: [Array],
1254 silly audit report       cvss: [Object]
1254 silly audit report     },
1254 silly audit report     {
1254 silly audit report       id: 1096795,
1254 silly audit report       url: 'https://github.com/advisories/GHSA-gxpj-cx7g-858c',
1254 silly audit report       title: 'Regular Expression Denial of Service in debug',
1254 silly audit report       severity: 'low',
1254 silly audit report       vulnerable_versions: '<2.6.9',
1254 silly audit report       cwe: [Array],
1254 silly audit report       cvss: [Object]
1254 silly audit report     }
1254 silly audit report   ],
1254 silly audit report   'ansi-regex': [
1254 silly audit report     {
1254 silly audit report       id: 1094090,
1254 silly audit report       url: 'https://github.com/advisories/GHSA-93q8-gq69-wqmw',
1254 silly audit report       title: 'Inefficient Regular Expression Complexity in chalk/ansi-regex',
1254 silly audit report       severity: 'high',
1254 silly audit report       vulnerable_versions: '>=3.0.0 <3.0.1',
1254 silly audit report       cwe: [Array],
1254 silly audit report       cvss: [Object]
1254 silly audit report     }
1254 silly audit report   ],
1254 silly audit report   acorn: [
1254 silly audit report     {
1254 silly audit report       id: 1085596,
1254 silly audit report       url: 'https://github.com/advisories/GHSA-6chw-6frg-f759',
1254 silly audit report       title: 'Regular Expression Denial of Service in Acorn',
1254 silly audit report       severity: 'high',
1254 silly audit report       vulnerable_versions: '>=5.5.0 <5.7.4',
1254 silly audit report       cwe: [Array],
1254 silly audit report       cvss: [Object]
1254 silly audit report     }
1254 silly audit report   ],
1254 silly audit report   'adm-zip': [
1254 silly audit report     {
1254 silly audit report       id: 1093814,
1254 silly audit report       url: 'https://github.com/advisories/GHSA-3v6h-hqm4-2rg6',
1254 silly audit report       title: 'Arbitrary File Write in adm-zip',
1254 silly audit report       severity: 'moderate',
1254 silly audit report       vulnerable_versions: '<0.4.11',
1254 silly audit report       cwe: [Array],
1254 silly audit report       cvss: [Object]
1254 silly audit report     }
1254 silly audit report   ],
1254 silly audit report   ajv: [
1254 silly audit report     {
1254 silly audit report       id: 1113398,
1254 silly audit report       url: 'https://github.com/advisories/GHSA-2g4f-4pwh-qvx6',
1254 silly audit report       title: 'ajv has ReDoS when using `$data` option',
1254 silly audit report       severity: 'moderate',
1254 silly audit report       vulnerable_versions: '<6.14.0',
1254 silly audit report       cwe: [Array],
1254 silly audit report       cvss: [Object]
1254 silly audit report     },
1254 silly audit report     {
1254 silly audit report       id: 1097685,
1254 silly audit report       url: 'https://github.com/advisories/GHSA-v88g-cgmw-v5xw',
1254 silly audit report       title: 'Prototype Pollution in Ajv',
1254 silly audit report       severity: 'moderate',
1254 silly audit report       vulnerable_versions: '<6.12.3',
1254 silly audit report       cwe: [Array],
1254 silly audit report       cvss: [Object]
1254 silly audit report     }
1254 silly audit report   ],
1254 silly audit report   'ansi-html': [
1254 silly audit report     {
1254 silly audit report       id: 1102319,
1254 silly audit report       url: 'https://github.com/advisories/GHSA-whgm-jr23-g3j9',
1254 silly audit report       title: 'Uncontrolled Resource Consumption in ansi-html',
1254 silly audit report       severity: 'high',
1254 silly audit report       vulnerable_versions: '<0.0.8',
1254 silly audit report       cwe: [Array],
1254 silly audit report       cvss: [Object]
1254 silly audit report     }
1254 silly audit report   ],
1254 silly audit report   async: [
1254 silly audit report     {
1254 silly audit report       id: 1097691,
1254 silly audit report       url: 'https://github.com/advisories/GHSA-fwr7-v2mv-hh25',
1254 silly audit report       title: 'Prototype Pollution in async',
1254 silly audit report       severity: 'high',
1254 silly audit report       vulnerable_versions: '>=2.0.0 <2.6.4',
1254 silly audit report       cwe: [Array],
1254 silly audit report       cvss: [Object]
1254 silly audit report     }
1254 silly audit report   ],
1254 silly audit report   'babel-traverse': [
1254 silly audit report     {
1254 silly audit report       id: 1096879,
1254 silly audit report       url: 'https://github.com/advisories/GHSA-67hx-6x53-jw92',
1254 silly audit report       title: 'Babel vulnerable to arbitrary code execution when compiling specifically crafted malicious code',
1254 silly audit report       severity: 'critical',
1254 silly audit report       vulnerable_versions: '<7.23.2',
1254 silly audit report       cwe: [Array],
1254 silly audit report       cvss: [Object]
1254 silly audit report     }
1254 silly audit report   ],
1254 silly audit report   'bn.js': [
1254 silly audit report     {
1254 silly audit report       id: 1113402,
1254 silly audit report       url: 'https://github.com/advisories/GHSA-378v-28hj-76wf',
1254 silly audit report       title: 'bn.js affected by an infinite loop',
1254 silly audit report       severity: 'moderate',
1254 silly audit report       vulnerable_versions: '<5.2.3',
1254 silly audit report       cwe: [Array],
1254 silly audit report       cvss: [Object]
1254 silly audit report     }
1254 silly audit report   ],
1254 silly audit report   'body-parser': [
1254 silly audit report     {
1254 silly audit report       id: 1099520,
1254 silly audit report       url: 'https://github.com/advisories/GHSA-qwcr-r2fm-qrc7',
1254 silly audit report       title: 'body-parser vulnerable to denial of service when url encoding is enabled',
1254 silly audit report       severity: 'high',
1254 silly audit report       vulnerable_versions: '<1.20.3',
1254 silly audit report       cwe: [Array],
1254 silly audit report       cvss: [Object]
1254 silly audit report     }
1254 silly audit report   ],
1254 silly audit report   qs: [
1254 silly audit report     {
1254 silly audit report       id: 1104117,
1254 silly audit report       url: 'https://github.com/advisories/GHSA-hrpp-h998-j3pp',
1254 silly audit report       title: 'qs vulnerable to Prototype Pollution',
1254 silly audit report       severity: 'high',
1254 silly audit report       vulnerable_versions: '>=6.4.0 <6.4.1',
1254 silly audit report       cwe: [Array],
1254 silly audit report       cvss: [Object]
1254 silly audit report     },
1254 silly audit report     {
1254 silly audit report       id: 1104118,
1254 silly audit report       url: 'https://github.com/advisories/GHSA-hrpp-h998-j3pp',
1254 silly audit report       title: 'qs vulnerable to Prototype Pollution',
1254 silly audit report       severity: 'high',
1254 silly audit report       vulnerable_versions: '>=6.5.0 <6.5.3',
1254 silly audit report       cwe: [Array],
1254 silly audit report       cvss: [Object]
1254 silly audit report     },
1254 silly audit report     {
1254 silly audit report       id: 1113132,
1254 silly audit report       url: 'https://github.com/advisories/GHSA-6rw7-vpxm-498p',
1254 silly audit report       title: "qs's arrayLimit bypass in its bracket notation allows DoS via memory exhaustion",
1254 silly audit report       severity: 'high',
1254 silly audit report       vulnerable_versions: '<6.14.1',
1254 silly audit report       cwe: [Array],
1254 silly audit report       cvss: [Object]
1254 silly audit report     }
1254 silly audit report   ],
1254 silly audit report   bootstrap: [
1254 silly audit report     {
1254 silly audit report       id: 1098355,
1254 silly audit report       url: 'https://github.com/advisories/GHSA-9v3m-8fp8-mj99',
1254 silly audit report       title: 'Bootstrap Vulnerable to Cross-Site Scripting',
1254 silly audit report       severity: 'moderate',
1254 silly audit report       vulnerable_versions: '>=4.0.0 <4.3.1',
1254 silly audit report       cwe: [Array],
1254 silly audit report       cvss: [Object]
1254 silly audit report     }
1254 silly audit report   ],
1254 silly audit report   'brace-expansion': [
1254 silly audit report     {
1254 silly audit report       id: 1105443,
1254 silly audit report       url: 'https://github.com/advisories/GHSA-v6h2-p8h4-qcjw',
1254 silly audit report       title: 'brace-expansion Regular Expression Denial of Service vulnerability',
1254 silly audit report       severity: 'low',
1254 silly audit report       vulnerable_versions: '>=1.0.0 <=1.1.11',
1254 silly audit report       cwe: [Array],
1254 silly audit report       cvss: [Object]
1254 silly audit report     }
1254 silly audit report   ],
1254 silly audit report   'browserify-sign': [
1254 silly audit report     {
1254 silly audit report       id: 1102445,
1254 silly audit report       url: 'https://github.com/advisories/GHSA-x9w5-v3q2-3rhw',
1254 silly audit report       title: 'browserify-sign upper bound check issue in `dsaVerify` leads to a signature forgery attack',
1254 silly audit report       severity: 'high',
1254 silly audit report       vulnerable_versions: '>=2.6.0 <=4.2.1',
1254 silly audit report       cwe: [Array],
1254 silly audit report       cvss: [Object]
1254 silly audit report     }
1254 silly audit report   ],
1254 silly audit report   chownr: [
1254 silly audit report     {
1254 silly audit report       id: 1091617,
1254 silly audit report       url: 'https://github.com/advisories/GHSA-c6rq-rjc2-86v2',
1254 silly audit report       title: 'Time-of-check Time-of-use (TOCTOU) Race Condition in chownr',
1254 silly audit report       severity: 'low',
1254 silly audit report       vulnerable_versions: '<1.1.0',
1254 silly audit report       cwe: [Array],
1254 silly audit report       cvss: [Object]
1254 silly audit report     }
1254 silly audit report   ],
1254 silly audit report   'cipher-base': [
1254 silly audit report     {
1254 silly audit report       id: 1109536,
1254 silly audit report       url: 'https://github.com/advisories/GHSA-cpq7-6gpm-g9rc',
1254 silly audit report       title: 'cipher-base is missing type checks, leading to hash rewind and passing on crafted data',
1254 silly audit report       severity: 'critical',
1254 silly audit report       vulnerable_versions: '<=1.0.4',
1254 silly audit report       cwe: [Array],
1254 silly audit report       cvss: [Object]
1254 silly audit report     }
1254 silly audit report   ],
1254 silly audit report   cookie: [
1254 silly audit report     {
1254 silly audit report       id: 1103907,
1254 silly audit report       url: 'https://github.com/advisories/GHSA-pxg6-pf52-xh8x',
1254 silly audit report       title: 'cookie accepts cookie name, path, and domain with out of bounds characters',
1254 silly audit report       severity: 'low',
1254 silly audit report       vulnerable_versions: '<0.7.0',
1254 silly audit report       cwe: [Array],
1254 silly audit report       cvss: [Object]
1254 silly audit report     }
1254 silly audit report   ],
1254 silly audit report   'cross-spawn': [
1254 silly audit report     {
1254 silly audit report       id: 1104663,
1254 silly audit report       url: 'https://github.com/advisories/GHSA-3xgq-45jj-v275',
1254 silly audit report       title: 'Regular Expression Denial of Service (ReDoS) in cross-spawn',
1254 silly audit report       severity: 'high',
1254 silly audit report       vulnerable_versions: '<6.0.6',
1254 silly audit report       cwe: [Array],
1254 silly audit report       cvss: [Object]
1254 silly audit report     }
1254 silly audit report   ],
1254 silly audit report   'css-what': [
1254 silly audit report     {
1254 silly audit report       id: 1104680,
1254 silly audit report       url: 'https://github.com/advisories/GHSA-p28h-cc7q-c4fg',
1254 silly audit report       title: 'css-what vulnerable to ReDoS due to use of insecure regular expression',
1254 silly audit report       severity: 'high',
1254 silly audit report       vulnerable_versions: '<2.1.3',
1254 silly audit report       cwe: [Array],
1254 silly audit report       cvss: [Object]
1254 silly audit report     }
1254 silly audit report   ],
1254 silly audit report   'decode-uri-component': [
1254 silly audit report     {
1254 silly audit report       id: 1094087,
1254 silly audit report       url: 'https://github.com/advisories/GHSA-w573-4hg7-7wgq',
1254 silly audit report       title: 'decode-uri-component vulnerable to Denial of Service (DoS)',
1254 silly audit report       severity: 'high',
1254 silly audit report       vulnerable_versions: '<0.2.1',
1254 silly audit report       cwe: [Array],
1254 silly audit report       cvss: [Object]
1254 silly audit report     }
1254 silly audit report   ],
1254 silly audit report   diff: [
1254 silly audit report     {
1254 silly audit report       id: 1112703,
1254 silly audit report       url: 'https://github.com/advisories/GHSA-73rr-hh4g-fpgx',
1254 silly audit report       title: 'jsdiff has a Denial of Service vulnerability in parsePatch and applyPatch',
1254 silly audit report       severity: 'low',
1254 silly audit report       vulnerable_versions: '<3.5.1',
1254 silly audit report       cwe: [Array],
1254 silly audit report       cvss: [Object]
1254 silly audit report     }
1254 silly audit report   ],
1254 silly audit report   'dns-packet': [
1254 silly audit report     {
1254 silly audit report       id: 1102320,
1254 silly audit report       url: 'https://github.com/advisories/GHSA-3wcq-x3mq-6r9p',
1254 silly audit report       title: 'Potential memory exposure in dns-packet',
1254 silly audit report       severity: 'high',
1254 silly audit report       vulnerable_versions: '<1.3.2',
1254 silly audit report       cwe: [Array],
1254 silly audit report       cvss: [Object]
1254 silly audit report     }
1254 silly audit report   ],
1254 silly audit report   ejs: [
1254 silly audit report     {
1254 silly audit report       id: 1089270,
1254 silly audit report       url: 'https://github.com/advisories/GHSA-phwq-j96m-2c2q',
1254 silly audit report       title: 'ejs template injection vulnerability',
1254 silly audit report       severity: 'critical',
1254 silly audit report       vulnerable_versions: '<3.1.7',
1254 silly audit report       cwe: [Array],
1254 silly audit report       cvss: [Object]
1254 silly audit report     },
1254 silly audit report     {
1254 silly audit report       id: 1098366,
1254 silly audit report       url: 'https://github.com/advisories/GHSA-ghr5-ch3p-vcr6',
1254 silly audit report       title: 'ejs lacks certain pollution protection',
1254 silly audit report       severity: 'moderate',
1254 silly audit report       vulnerable_versions: '<3.1.10',
1254 silly audit report       cwe: [Array],
1254 silly audit report       cvss: [Object]
1254 silly audit report     }
1254 silly audit report   ],
1254 silly audit report   elliptic: [
1254 silly audit report     {
1254 silly audit report       id: 1100086,
1254 silly audit report       url: 'https://github.com/advisories/GHSA-vh7m-p724-62c2',
1254 silly audit report       title: 'Signature Malleabillity in elliptic',
1254 silly audit report       severity: 'high',
1254 silly audit report       vulnerable_versions: '<6.5.3',
1254 silly audit report       cwe: [Array],
1254 silly audit report       cvss: [Object]
1254 silly audit report     },
1254 silly audit report     {
1254 silly audit report       id: 1102901,
1254 silly audit report       url: 'https://github.com/advisories/GHSA-vjh7-7g9h-fjfh',
1254 silly audit report       title: "Elliptic's private key extraction in ECDSA upon signing a malformed input (e.g. a string)",
1254 silly audit report       severity: 'critical',
1254 silly audit report       vulnerable_versions: '<=6.6.0',
1254 silly audit report       cwe: [Array],
1254 silly audit report       cvss: [Object]
1254 silly audit report     },
1254 silly audit report     {
1254 silly audit report       id: 1111036,
1254 silly audit report       url: 'https://github.com/advisories/GHSA-fc9h-whq2-v747',
1254 silly audit report       title: 'Valid ECDSA signatures erroneously rejected in Elliptic',
1254 silly audit report       severity: 'low',
1254 silly audit report       vulnerable_versions: '<6.6.0',
1254 silly audit report       cwe: [Array],
1254 silly audit report       cvss: [Object]
1254 silly audit report     },
1254 silly audit report     {
1254 silly audit report       id: 1111037,
1254 silly audit report       url: 'https://github.com/advisories/GHSA-434g-2637-qmqr',
1254 silly audit report       title: "Elliptic's verify function omits uniqueness validation",
1254 silly audit report       severity: 'low',
1254 silly audit report       vulnerable_versions: '<6.5.6',
1254 silly audit report       cwe: [Array],
1254 silly audit report       cvss: [Object]
1254 silly audit report     },
1254 silly audit report     {
1254 silly audit report       id: 1112030,
1254 silly audit report       url: 'https://github.com/advisories/GHSA-848j-6mx2-7j84',
1254 silly audit report       title: 'Elliptic Uses a Cryptographic Primitive with a Risky Implementation',
1254 silly audit report       severity: 'low',
1254 silly audit report       vulnerable_versions: '<=6.6.1',
1254 silly audit report       cwe: [Array],
1254 silly audit report       cvss: [Object]
1254 silly audit report     },
1254 silly audit report     {
1254 silly audit report       id: 1109566,
1254 silly audit report       url: 'https://github.com/advisories/GHSA-f7q4-pwc6-w24p',
1254 silly audit report       title: "Elliptic's EDDSA missing signature length check",
1254 silly audit report       severity: 'low',
1254 silly audit report       vulnerable_versions: '>=4.0.0 <=6.5.6',
1254 silly audit report       cwe: [Array],
1254 silly audit report       cvss: [Object]
1254 silly audit report     },
1254 silly audit report     {
1254 silly audit report       id: 1109567,
1254 silly audit report       url: 'https://github.com/advisories/GHSA-977x-g7h5-7qgw',
1254 silly audit report       title: "Elliptic's ECDSA missing check for whether leading bit of r and s is zero",
1254 silly audit report       severity: 'low',
1254 silly audit report       vulnerable_versions: '>=2.0.0 <=6.5.6',
1254 silly audit report       cwe: [Array],
1254 silly audit report       cvss: [Object]
1254 silly audit report     },
1254 silly audit report     {
1254 silly audit report       id: 1109568,
1254 silly audit report       url: 'https://github.com/advisories/GHSA-49q7-c7j4-3p7m',
1254 silly audit report       title: 'Elliptic allows BER-encoded signatures',
1254 silly audit report       severity: 'low',
1254 silly audit report       vulnerable_versions: '>=5.2.1 <=6.5.6',
1254 silly audit report       cwe: [Array],
1254 silly audit report       cvss: [Object]
1254 silly audit report     },
1254 silly audit report     {
1254 silly audit report       id: 1093391,
1254 silly audit report       url: 'https://github.com/advisories/GHSA-r9p9-mrjm-926w',
1254 silly audit report       title: 'Elliptic Uses a Broken or Risky Cryptographic Algorithm',
1254 silly audit report       severity: 'moderate',
1254 silly audit report       vulnerable_versions: '<6.5.4',
1254 silly audit report       cwe: [Array],
1254 silly audit report       cvss: [Object]
1254 silly audit report     }
1254 silly audit report   ],
1254 silly audit report   'engine.io': [
1254 silly audit report     {
1254 silly audit report       id: 1105123,
1254 silly audit report       url: 'https://github.com/advisories/GHSA-j4f2-536g-r55m',
1254 silly audit report       title: 'Resource exhaustion in engine.io',
1254 silly audit report       severity: 'high',
1254 silly audit report       vulnerable_versions: '<3.6.0',
1254 silly audit report       cwe: [Array],
1254 silly audit report       cvss: [Object]
1254 silly audit report     },
1254 silly audit report     {
1254 silly audit report       id: 1089526,
1254 silly audit report       url: 'https://github.com/advisories/GHSA-r7qp-cfhv-p84w',
1254 silly audit report       title: 'Uncaught exception in engine.io',
1254 silly audit report       severity: 'moderate',
1254 silly audit report       vulnerable_versions: '<3.6.1',
1254 silly audit report       cwe: [Array],
1254 silly audit report       cvss: [Object]
1254 silly audit report     }
1254 silly audit report   ],
1254 silly audit report   ms: [
1254 silly audit report     {
1254 silly audit report       id: 1109573,
1254 silly audit report       url: 'https://github.com/advisories/GHSA-w9mr-4mfr-499f',
1254 silly audit report       title: 'Vercel ms Inefficient Regular Expression Complexity vulnerability',
1254 silly audit report       severity: 'moderate',
1254 silly audit report       vulnerable_versions: '<2.0.0',
1254 silly audit report       cwe: [Array],
1254 silly audit report       cvss: [Object]
1254 silly audit report     }
1254 silly audit report   ],
1254 silly audit report   'es5-ext': [
1254 silly audit report     {
1254 silly audit report       id: 1096592,
1254 silly audit report       url: 'https://github.com/advisories/GHSA-4gmj-3p3h-gm8h',
1254 silly audit report       title: 'es5-ext vulnerable to Regular Expression Denial of Service in `function#copy` and `function#toStringTokens`',
1254 silly audit report       severity: 'low',
1254 silly audit report       vulnerable_versions: '>=0.10.0 <0.10.63',
1254 silly audit report       cwe: [Array],
1254 silly audit report       cvss: [Object]
1254 silly audit report     }
1254 silly audit report   ],
1254 silly audit report   eventsource: [
1254 silly audit report     {
1254 silly audit report       id: 1095006,
1254 silly audit report       url: 'https://github.com/advisories/GHSA-6h5x-7c5m-7cr7',
1254 silly audit report       title: 'Exposure of Sensitive Information in eventsource',
1254 silly audit report       severity: 'critical',
1254 silly audit report       vulnerable_versions: '<1.1.1',
1254 silly audit report       cwe: [Array],
1254 silly audit report       cvss: [Object]
1254 silly audit report     }
1254 silly audit report   ],
1254 silly audit report   express: [
1254 silly audit report     {
1254 silly audit report       id: 1100530,
1254 silly audit report       url: 'https://github.com/advisories/GHSA-qw6h-vgh9-j6wx',
1254 silly audit report       title: 'express vulnerable to XSS via response.redirect()',
1254 silly audit report       severity: 'low',
1254 silly audit report       vulnerable_versions: '<4.20.0',
1254 silly audit report       cwe: [Array],
1254 silly audit report       cvss: [Object]
1254 silly audit report     },
1254 silly audit report     {
1254 silly audit report       id: 1111636,
1254 silly audit report       url: 'https://github.com/advisories/GHSA-rv95-896h-c2vc',
1254 silly audit report       title: 'Express.js Open Redirect in malformed URLs',
1254 silly audit report       severity: 'moderate',
1254 silly audit report       vulnerable_versions: '<4.19.2',
1254 silly audit report       cwe: [Array],
1254 silly audit report       cvss: [Object]
1254 silly audit report     }
1254 silly audit report   ],
1254 silly audit report   'follow-redirects': [
1254 silly audit report     {
1254 silly audit report       id: 1102323,
1254 silly audit report       url: 'https://github.com/advisories/GHSA-74fj-2j2h-c42q',
1254 silly audit report       title: 'Exposure of sensitive information in follow-redirects',
1254 silly audit report       severity: 'high',
1254 silly audit report       vulnerable_versions: '<1.14.7',
1254 silly audit report       cwe: [Array],
1254 silly audit report       cvss: [Object]
1254 silly audit report     },
1254 silly audit report     {
1254 silly audit report       id: 1109569,
1254 silly audit report       url: 'https://github.com/advisories/GHSA-jchw-25xp-jwwc',
1254 silly audit report       title: 'Follow Redirects improperly handles URLs in the url.parse() function',
1254 silly audit report       severity: 'moderate',
1254 silly audit report       vulnerable_versions: '<1.15.4',
1254 silly audit report       cwe: [Array],
1254 silly audit report       cvss: [Object]
1254 silly audit report     },
1254 silly audit report     {
1254 silly audit report       id: 1096856,
1254 silly audit report       url: 'https://github.com/advisories/GHSA-cxjh-pqwp-8mfp',
1254 silly audit report       title: "follow-redirects' Proxy-Authorization header kept across hosts",
1254 silly audit report       severity: 'moderate',
1254 silly audit report       vulnerable_versions: '<=1.15.5',
1254 silly audit report       cwe: [Array],
1254 silly audit report       cvss: [Object]
1254 silly audit report     },
1254 silly audit report     {
1254 silly audit report       id: 1092623,
1254 silly audit report       url: 'https://github.com/advisories/GHSA-pw2r-vq6v-hr8c',
1254 silly audit report       title: 'Exposure of Sensitive Information to an Unauthorized Actor in follow-redirects',
1254 silly audit report       severity: 'moderate',
1254 silly audit report       vulnerable_versions: '<1.14.8',
1254 silly audit report       cwe: [Array],
1254 silly audit report       cvss: [Object]
1254 silly audit report     }
1254 silly audit report   ],
1254 silly audit report   'form-data': [
1254 silly audit report     {
1254 silly audit report       id: 1109540,
1254 silly audit report       url: 'https://github.com/advisories/GHSA-fjxv-7rqg-78g4',
1254 silly audit report       title: 'form-data uses unsafe random function in form-data for choosing boundary',
1254 silly audit report       severity: 'critical',
1254 silly audit report       vulnerable_versions: '<2.5.4',
1254 silly audit report       cwe: [Array],
1254 silly audit report       cvss: [Object]
1254 silly audit report     }
1254 silly audit report   ],
1254 silly audit report   ini: [
1254 silly audit report     {
1254 silly audit report       id: 1093224,
1254 silly audit report       url: 'https://github.com/advisories/GHSA-qqgx-2p2h-9c37',
1254 silly audit report       title: 'ini before 1.3.6 vulnerable to Prototype Pollution via ini.parse',
1254 silly audit report       severity: 'high',
1254 silly audit report       vulnerable_versions: '<1.3.6',
1254 silly audit report       cwe: [Array],
1254 silly audit report       cvss: [Object]
1254 silly audit report     }
1254 silly audit report   ],
1254 silly audit report   minimatch: [
1254 silly audit report     {
1254 silly audit report       id: 1113371,
1254 silly audit report       url: 'https://github.com/advisories/GHSA-3ppc-4f35-3m26',
1254 silly audit report       title: 'minimatch has a ReDoS via repeated wildcards with non-matching literal in pattern',
1254 silly audit report       severity: 'high',
1254 silly audit report       vulnerable_versions: '<10.2.1',
1254 silly audit report       cwe: [Array],
1254 silly audit report       cvss: [Object]
1254 silly audit report     },
1254 silly audit report     {
1254 silly audit report       id: 1096485,
1254 silly audit report       url: 'https://github.com/advisories/GHSA-f8q6-p94x-37v3',
1254 silly audit report       title: 'minimatch ReDoS vulnerability',
1254 silly audit report       severity: 'high',
1254 silly audit report       vulnerable_versions: '<3.0.5',
1254 silly audit report       cwe: [Array],
1254 silly audit report       cvss: [Object]
1254 silly audit report     }
1254 silly audit report   ],
1254 silly audit report   semver: [
1254 silly audit report     {
1254 silly audit report       id: 1112918,
1254 silly audit report       url: 'https://github.com/advisories/GHSA-c2qf-rxjj-qqgw',
1254 silly audit report       title: 'semver vulnerable to Regular Expression Denial of Service',
1254 silly audit report       severity: 'high',
1254 silly audit report       vulnerable_versions: '>=2.0.0-alpha <5.7.2',
1254 silly audit report       cwe: [Array],
1254 silly audit report       cvss: [Object]
1254 silly audit report     }
1254 silly audit report   ],
1254 silly audit report   tar: [
1254 silly audit report     {
1254 silly audit report       id: 1112329,
1254 silly audit report       url: 'https://github.com/advisories/GHSA-r6q2-hw4h-h46w',
1254 silly audit report       title: 'Race Condition in node-tar Path Reservations via Unicode Ligature Collisions on macOS APFS',
1254 silly audit report       severity: 'high',
1254 silly audit report       vulnerable_versions: '<=7.5.3',
1254 silly audit report       cwe: [Array],
1254 silly audit report       cvss: [Object]
1254 silly audit report     },
1254 silly audit report     {
1254 silly audit report       id: 1112659,
1254 silly audit report       url: 'https://github.com/advisories/GHSA-34x7-hfp2-rc4v',
1254 silly audit report       title: 'node-tar Vulnerable to Arbitrary File Creation/Overwrite via Hardlink Path Traversal',
1254 silly audit report       severity: 'high',
1254 silly audit report       vulnerable_versions: '<7.5.7',
1254 silly audit report       cwe: [Array],
1254 silly audit report       cvss: [Object]
1254 silly audit report     },
1254 silly audit report     {
1254 silly audit report       id: 1113300,
1254 silly audit report       url: 'https://github.com/advisories/GHSA-8qq5-rm4j-mr97',
1254 silly audit report       title: 'node-tar is Vulnerable to Arbitrary File Overwrite and Symlink Poisoning via Insufficient Path Sanitization',
1254 silly audit report       severity: 'high',
1254 silly audit report       vulnerable_versions: '<=7.5.2',
1254 silly audit report       cwe: [Array],
1254 silly audit report       cvss: [Object]
1254 silly audit report     },
1254 silly audit report     {
1254 silly audit report       id: 1113375,
1254 silly audit report       url: 'https://github.com/advisories/GHSA-83g3-92jg-28cx',
1254 silly audit report       title: 'Arbitrary File Read/Write via Hardlink Target Escape Through Symlink Chain in node-tar Extraction',
1254 silly audit report       severity: 'high',
1254 silly audit report       vulnerable_versions: '<7.5.8',
1254 silly audit report       cwe: [Array],
1254 silly audit report       cvss: [Object]
1254 silly audit report     },
1254 silly audit report     {
1254 silly audit report       id: 1089684,
1254 silly audit report       url: 'https://github.com/advisories/GHSA-3jfq-g458-7qm9',
1254 silly audit report       title: 'Arbitrary File Creation/Overwrite due to insufficient absolute path sanitization',
1254 silly audit report       severity: 'high',
1254 silly audit report       vulnerable_versions: '>=4.0.0 <4.4.14',
1254 silly audit report       cwe: [Array],
1254 silly audit report       cvss: [Object]
1254 silly audit report     },
1254 silly audit report     {
1254 silly audit report       id: 1089685,
1254 silly audit report       url: 'https://github.com/advisories/GHSA-3jfq-g458-7qm9',
1254 silly audit report       title: 'Arbitrary File Creation/Overwrite due to insufficient absolute path sanitization',
1254 silly audit report       severity: 'high',
1254 silly audit report       vulnerable_versions: '<3.2.2',
1254 silly audit report       cwe: [Array],
1254 silly audit report       cvss: [Object]
1254 silly audit report     },
1254 silly audit report     {
1254 silly audit report       id: 1095117,
1254 silly audit report       url: 'https://github.com/advisories/GHSA-5955-9wpr-37jh',
1254 silly audit report       title: 'Arbitrary File Creation/Overwrite on Windows via insufficient relative path sanitization',
1254 silly audit report       severity: 'high',
1254 silly audit report       vulnerable_versions: '<4.4.18',
1254 silly audit report       cwe: [Array],
1254 silly audit report       cvss: [Object]
1254 silly audit report     },
1254 silly audit report     {
1254 silly audit report       id: 1097493,
1254 silly audit report       url: 'https://github.com/advisories/GHSA-f5x3-32g6-xq36',
1254 silly audit report       title: 'Denial of service while parsing a tar file due to lack of folders count validation',
1254 silly audit report       severity: 'moderate',
1254 silly audit report       vulnerable_versions: '<6.2.1',
1254 silly audit report       cwe: [Array],
1254 silly audit report       cvss: [Object]
1254 silly audit report     },
1254 silly audit report     {
1254 silly audit report       id: 1095118,
1254 silly audit report       url: 'https://github.com/advisories/GHSA-j44m-qm6p-hp7m',
1254 silly audit report       title: 'Arbitrary File Overwrite in tar',
1254 silly audit report       severity: 'high',
1254 silly audit report       vulnerable_versions: '>=3.0.0 <4.4.2',
1254 silly audit report       cwe: [Array],
1254 silly audit report       cvss: [Object]
1254 silly audit report     },
1254 silly audit report     {
1254 silly audit report       id: 1095119,
1254 silly audit report       url: 'https://github.com/advisories/GHSA-j44m-qm6p-hp7m',
1254 silly audit report       title: 'Arbitrary File Overwrite in tar',
1254 silly audit report       severity: 'high',
1254 silly audit report       vulnerable_versions: '<2.2.2',
1254 silly audit report       cwe: [Array],
1254 silly audit report       cvss: [Object]
1254 silly audit report     },
1254 silly audit report     {
1254 silly audit report       id: 1096309,
1254 silly audit report       url: 'https://github.com/advisories/GHSA-r628-mhmh-qjhw',
1254 silly audit report       title: 'Arbitrary File Creation/Overwrite via insufficient symlink protection due to directory cache poisoning',
1254 silly audit report       severity: 'high',
1254 silly audit report       vulnerable_versions: '>=4.0.0 <4.4.15',
1254 silly audit report       cwe: [Array],
1254 silly audit report       cvss: [Object]
1254 silly audit report     },
1254 silly audit report     {
1254 silly audit report       id: 1096376,
1254 silly audit report       url: 'https://github.com/advisories/GHSA-9r2w-394v-53qc',
1254 silly audit report       title: 'Arbitrary File Creation/Overwrite via insufficient symlink protection due to directory cache poisoning using symbolic links',
1254 silly audit report       severity: 'high',
1254 silly audit report       vulnerable_versions: '>=3.0.0 <4.4.16',
1254 silly audit report       cwe: [Array],
1254 silly audit report       cvss: [Object]
1254 silly audit report     },
1254 silly audit report     {
1254 silly audit report       id: 1096411,
1254 silly audit report       url: 'https://github.com/advisories/GHSA-qq89-hq3f-393p',
1254 silly audit report       title: 'Arbitrary File Creation/Overwrite via insufficient symlink protection due to directory cache poisoning using symbolic links',
1254 silly audit report       severity: 'high',
1254 silly audit report       vulnerable_versions: '>=3.0.0 <4.4.18',
1254 silly audit report       cwe: [Array],
1254 silly audit report       cvss: [Object]
1254 silly audit report     }
1254 silly audit report   ],
1254 silly audit report   fstream: [
1254 silly audit report     {
1254 silly audit report       id: 1102334,
1254 silly audit report       url: 'https://github.com/advisories/GHSA-xf7w-r453-m56c',
1254 silly audit report       title: 'Arbitrary File Overwrite in fstream',
1254 silly audit report       severity: 'high',
1254 silly audit report       vulnerable_versions: '<1.0.12',
1254 silly audit report       cwe: [Array],
1254 silly audit report       cvss: [Object]
1254 silly audit report     }
1254 silly audit report   ],
1254 silly audit report   handlebars: [
1254 silly audit report     {
1254 silly audit report       id: 1102332,
1254 silly audit report       url: 'https://github.com/advisories/GHSA-w457-6q6x-cgp9',
1254 silly audit report       title: 'Prototype Pollution in handlebars',
1254 silly audit report       severity: 'critical',
1254 silly audit report       vulnerable_versions: '>=4.0.0 <4.3.0',
1254 silly audit report       cwe: [Array],
1254 silly audit report       cvss: [Object]
1254 silly audit report     },
1254 silly audit report     {
1254 silly audit report       id: 1102335,
1254 silly audit report       url: 'https://github.com/advisories/GHSA-765h-qjxv-5f44',
1254 silly audit report       title: 'Prototype Pollution in handlebars',
1254 silly audit report       severity: 'critical',
1254 silly audit report       vulnerable_versions: '<4.7.7',
1254 silly audit report       cwe: [Array],
1254 silly audit report       cvss: [Object]
1254 silly audit report     },
1254 silly audit report     {
1254 silly audit report       id: 1086648,
1254 silly audit report       url: 'https://github.com/advisories/GHSA-q2c6-c6pm-g3gh',
1254 silly audit report       title: 'Arbitrary Code Execution in handlebars',
1254 silly audit report       severity: 'high',
1254 silly audit report       vulnerable_versions: '>=4.0.0 <4.5.3',
1254 silly audit report       cwe: [],
1254 silly audit report       cvss: [Object]
1254 silly audit report     },
1254 silly audit report     {
1254 silly audit report       id: 1086650,
1254 silly audit report       url: 'https://github.com/advisories/GHSA-g9r4-xpmj-mj65',
1254 silly audit report       title: 'Prototype Pollution in handlebars',
1254 silly audit report       severity: 'high',
1254 silly audit report       vulnerable_versions: '>=4.0.0 <4.5.3',
1254 silly audit report       cwe: [Array],
1254 silly audit report       cvss: [Object]
1254 silly audit report     },
1254 silly audit report     {
1254 silly audit report       id: 1086668,
1254 silly audit report       url: 'https://github.com/advisories/GHSA-f52g-6jhx-586p',
1254 silly audit report       title: 'Denial of Service in handlebars',
1254 silly audit report       severity: 'moderate',
1254 silly audit report       vulnerable_versions: '>=4.0.0 <4.4.5',
1254 silly audit report       cwe: [Array],
1254 silly audit report       cvss: [Object]
1254 silly audit report     },
1254 silly audit report     {
1254 silly audit report       id: 1095063,
1254 silly audit report       url: 'https://github.com/advisories/GHSA-f2jv-r9rf-7988',
1254 silly audit report       title: 'Remote code execution in handlebars when compiling templates',
1254 silly audit report       severity: 'critical',
1254 silly audit report       vulnerable_versions: '<4.7.7',
1254 silly audit report       cwe: [Array],
1254 silly audit report       cvss: [Object]
1254 silly audit report     },
1254 silly audit report     {
1254 silly audit report       id: 1095064,
1254 silly audit report       url: 'https://github.com/advisories/GHSA-3cqr-58rm-57f8',
1254 silly audit report       title: 'Arbitrary Code Execution in Handlebars',
1254 silly audit report       severity: 'high',
1254 silly audit report       vulnerable_versions: '>=4.0.0 <4.5.3',
1254 silly audit report       cwe: [Array],
1254 silly audit report       cvss: [Object]
1254 silly audit report     },
1254 silly audit report     {
1254 silly audit report       id: 1095067,
1254 silly audit report       url: 'https://github.com/advisories/GHSA-q42p-pg8m-cqh6',
1254 silly audit report       title: 'Prototype Pollution in handlebars',
1254 silly audit report       severity: 'high',
1254 silly audit report       vulnerable_versions: '>=4.0.0 <4.0.14',
1254 silly audit report       cwe: [Array],
1254 silly audit report       cvss: [Object]
1254 silly audit report     },
1254 silly audit report     {
1254 silly audit report       id: 1095069,
1254 silly audit report       url: 'https://github.com/advisories/GHSA-62gr-4qp9-h98f',
1254 silly audit report       title: 'Regular Expression Denial of Service in Handlebars',
1254 silly audit report       severity: 'high',
1254 silly audit report       vulnerable_versions: '>=4.0.0 <4.4.5',
1254 silly audit report       cwe: [Array],
1254 silly audit report       cvss: [Object]
1254 silly audit report     },
1254 silly audit report     {
1254 silly audit report       id: 1096404,
1254 silly audit report       url: 'https://github.com/advisories/GHSA-2cf5-4w76-r9qv',
1254 silly audit report       title: 'Arbitrary Code Execution in handlebars',
1254 silly audit report       severity: 'high',
1254 silly audit report       vulnerable_versions: '>=4.0.0 <4.5.2',
1254 silly audit report       cwe: [Array],
1254 silly audit report       cvss: [Object]
1254 silly audit report     }
1254 silly audit report   ],
1254 silly audit report   hawk: [
1254 silly audit report     {
1254 silly audit report       id: 1095062,
1254 silly audit report       url: 'https://github.com/advisories/GHSA-44pw-h2cw-w3vq',
1254 silly audit report       title: 'Uncontrolled Resource Consumption in Hawk',
1254 silly audit report       severity: 'high',
1254 silly audit report       vulnerable_versions: '<9.0.1',
1254 silly audit report       cwe: [Array],
1254 silly audit report       cvss: [Object]
1254 silly audit report     }
1254 silly audit report   ],
1254 silly audit report   hoek: [
1254 silly audit report     {
1254 silly audit report       id: 1105092,
1254 silly audit report       url: 'https://github.com/advisories/GHSA-c429-5p7v-vgjp',
1254 silly audit report       title: 'hoek subject to prototype pollution via the clone function.',
1254 silly audit report       severity: 'high',
1254 silly audit report       vulnerable_versions: '<=6.1.3',
1254 silly audit report       cwe: [Array],
1254 silly audit report       cvss: [Object]
1254 silly audit report     },
1254 silly audit report     {
1254 silly audit report       id: 1105121,
1254 silly audit report       url: 'https://github.com/advisories/GHSA-jp4x-w63m-7wgm',
1254 silly audit report       title: 'Prototype Pollution in hoek',
1254 silly audit report       severity: 'high',
1254 silly audit report       vulnerable_versions: '<4.2.1',
1254 silly audit report       cwe: [Array],
1254 silly audit report       cvss: [Object]
1254 silly audit report     }
1254 silly audit report   ],
1254 silly audit report   'hosted-git-info': [
1254 silly audit report     {
1254 silly audit report       id: 1089809,
1254 silly audit report       url: 'https://github.com/advisories/GHSA-43f8-2h32-f4cj',
1254 silly audit report       title: 'Regular Expression Denial of Service in hosted-git-info',
1254 silly audit report       severity: 'moderate',
1254 silly audit report       vulnerable_versions: '<2.8.9',
1254 silly audit report       cwe: [Array],
1254 silly audit report       cvss: [Object]
1254 silly audit report     }
1254 silly audit report   ],
1254 silly audit report   'html-minifier': [
1254 silly audit report     {
1254 silly audit report       id: 1105440,
1254 silly audit report       url: 'https://github.com/advisories/GHSA-pfq8-rq6v-vf5m',
1254 silly audit report       title: 'kangax html-minifier REDoS vulnerability',
1254 silly audit report       severity: 'high',
1254 silly audit report       vulnerable_versions: '<=4.0.0',
1254 silly audit report       cwe: [Array],
1254 silly audit report       cvss: [Object]
1254 silly audit report     }
1254 silly audit report   ],
1254 silly audit report   'loader-utils': [
1254 silly audit report     {
1254 silly audit report       id: 1109588,
1254 silly audit report       url: 'https://github.com/advisories/GHSA-hhq3-ff78-jv3g',
1254 silly audit report       title: 'loader-utils is vulnerable to Regular Expression Denial of Service (ReDoS)',
1254 silly audit report       severity: 'high',
1254 silly audit report       vulnerable_versions: '>=1.0.0 <1.4.2',
1254 silly audit report       cwe: [Array],
1254 silly audit report       cvss: [Object]
1254 silly audit report     },
1254 silly audit report     {
1254 silly audit report       id: 1095055,
1254 silly audit report       url: 'https://github.com/advisories/GHSA-3rfm-jhwj-7488',
1254 silly audit report       title: 'loader-utils is vulnerable to Regular Expression Denial of Service (ReDoS) via url variable',
1254 silly audit report       severity: 'high',
1254 silly audit report       vulnerable_versions: '>=1.0.0 <1.4.2',
1254 silly audit report       cwe: [Array],
1254 silly audit report       cvss: [Object]
1254 silly audit report     },
1254 silly audit report     {
1254 silly audit report       id: 1094088,
1254 silly audit report       url: 'https://github.com/advisories/GHSA-76p3-8jx3-jpfq',
1254 silly audit report       title: 'Prototype pollution in webpack loader-utils',
1254 silly audit report       severity: 'critical',
1254 silly audit report       vulnerable_versions: '<1.4.1',
1254 silly audit report       cwe: [Array],
1254 silly audit report       cvss: [Object]
1254 silly audit report     }
1254 silly audit report   ],
1254 silly audit report   'http-proxy': [
1254 silly audit report     {
1254 silly audit report       id: 1096334,
1254 silly audit report       url: 'https://github.com/advisories/GHSA-6x33-pw7p-hmpq',
1254 silly audit report       title: 'Denial of Service in http-proxy',
1254 silly audit report       severity: 'high',
1254 silly audit report       vulnerable_versions: '<1.18.1',
1254 silly audit report       cwe: [Array],
1254 silly audit report       cvss: [Object]
1254 silly audit report     }
1254 silly audit report   ],
1254 silly audit report   'http-proxy-middleware': [
1254 silly audit report     {
1254 silly audit report       id: 1100223,
1254 silly audit report       url: 'https://github.com/advisories/GHSA-c7qv-q95q-8v27',
1254 silly audit report       title: 'Denial of service in http-proxy-middleware',
1254 silly audit report       severity: 'high',
1254 silly audit report       vulnerable_versions: '<2.0.7',
1254 silly audit report       cwe: [Array],
1254 silly audit report       cvss: [Object]
1254 silly audit report     }
1254 silly audit report   ],
1254 silly audit report   'https-proxy-agent': [
1254 silly audit report     {
1254 silly audit report       id: 1094488,
1254 silly audit report       url: 'https://github.com/advisories/GHSA-pc5p-h8pf-mvwp',
1254 silly audit report       title: 'Machine-In-The-Middle in https-proxy-agent',
1254 silly audit report       severity: 'moderate',
1254 silly audit report       vulnerable_versions: '<2.2.3',
1254 silly audit report       cwe: [Array],
1254 silly audit report       cvss: [Object]
1254 silly audit report     }
1254 silly audit report   ],
1254 silly audit report   ip: [
1254 silly audit report     {
1254 silly audit report       id: 1101851,
1254 silly audit report       url: 'https://github.com/advisories/GHSA-2p57-rm9w-gvfp',
1254 silly audit report       title: 'ip SSRF improper categorization in isPublic',
1254 silly audit report       severity: 'high',
1254 silly audit report       vulnerable_versions: '<=2.0.1',
1254 silly audit report       cwe: [Array],
1254 silly audit report       cvss: [Object]
1254 silly audit report     },
1254 silly audit report     {
1254 silly audit report       id: 1097720,
1254 silly audit report       url: 'https://github.com/advisories/GHSA-78xj-cgh5-2h22',
1254 silly audit report       title: 'NPM IP package incorrectly identifies some private IP addresses as public',
1254 silly audit report       severity: 'low',
1254 silly audit report       vulnerable_versions: '<1.1.9',
1254 silly audit report       cwe: [Array],
1254 silly audit report       cvss: [Object]
1254 silly audit report     }
1254 silly audit report   ],
1254 silly audit report   'js-yaml': [
1254 silly audit report     {
1254 silly audit report       id: 1112714,
1254 silly audit report       url: 'https://github.com/advisories/GHSA-mh29-5h37-fv8m',
1254 silly audit report       title: 'js-yaml has prototype pollution in merge (<<)',
1254 silly audit report       severity: 'moderate',
1254 silly audit report       vulnerable_versions: '<3.14.2',
1254 silly audit report       cwe: [Array],
1254 silly audit report       cvss: [Object]
1254 silly audit report     },
1254 silly audit report     {
1254 silly audit report       id: 1095058,
1254 silly audit report       url: 'https://github.com/advisories/GHSA-8j8c-7jfh-h6hx',
1254 silly audit report       title: 'Code Injection in js-yaml',
1254 silly audit report       severity: 'high',
1254 silly audit report       vulnerable_versions: '<3.13.1',
1254 silly audit report       cwe: [Array],
1254 silly audit report       cvss: [Object]
1254 silly audit report     },
1254 silly audit report     {
1254 silly audit report       id: 1085724,
1254 silly audit report       url: 'https://github.com/advisories/GHSA-2pr6-76vf-7546',
1254 silly audit report       title: 'Denial of Service in js-yaml',
1254 silly audit report       severity: 'moderate',
1254 silly audit report       vulnerable_versions: '<3.13.0',
1254 silly audit report       cwe: [Array],
1254 silly audit report       cvss: [Object]
1254 silly audit report     }
1254 silly audit report   ],
1254 silly audit report   'json-schema': [
1254 silly audit report     {
1254 silly audit report       id: 1101855,
1254 silly audit report       url: 'https://github.com/advisories/GHSA-896r-f27r-55mw',
1254 silly audit report       title: 'json-schema is vulnerable to Prototype Pollution',
1254 silly audit report       severity: 'critical',
1254 silly audit report       vulnerable_versions: '<0.4.0',
1254 silly audit report       cwe: [Array],
1254 silly audit report       cvss: [Object]
1254 silly audit report     }
1254 silly audit report   ],
1254 silly audit report   json5: [
1254 silly audit report     {
1254 silly audit report       id: 1096543,
1254 silly audit report       url: 'https://github.com/advisories/GHSA-9c47-m6qq-7p4h',
1254 silly audit report       title: 'Prototype Pollution in JSON5 via Parse Method',
1254 silly audit report       severity: 'high',
1254 silly audit report       vulnerable_versions: '<1.0.2',
1254 silly audit report       cwe: [Array],
1254 silly audit report       cvss: [Object]
1254 silly audit report     }
1254 silly audit report   ],
1254 silly audit report   jszip: [
1254 silly audit report     {
1254 silly audit report       id: 1100538,
1254 silly audit report       url: 'https://github.com/advisories/GHSA-36fh-84j7-cv5h',
1254 silly audit report       title: 'JSZip contains Path Traversal via loadAsync',
1254 silly audit report       severity: 'moderate',
1254 silly audit report       vulnerable_versions: '<3.8.0',
1254 silly audit report       cwe: [Array],
1254 silly audit report       cvss: [Object]
1254 silly audit report     },
1254 silly audit report     {
1254 silly audit report       id: 1094051,
1254 silly audit report       url: 'https://github.com/advisories/GHSA-jg8v-48h5-wgxg',
1254 silly audit report       title: 'jszip Vulnerable to Prototype Pollution',
1254 silly audit report       severity: 'moderate',
1254 silly audit report       vulnerable_versions: '>=3.0.0 <3.7.0',
1254 silly audit report       cwe: [Array],
1254 silly audit report       cvss: [Object]
1254 silly audit report     }
1254 silly audit report   ],
1254 silly audit report   karma: [
1254 silly audit report     {
1254 silly audit report       id: 1090418,
1254 silly audit report       url: 'https://github.com/advisories/GHSA-rc3x-jf5g-xvc5',
1254 silly audit report       title: 'Open redirect in karma',
1254 silly audit report       severity: 'moderate',
1254 silly audit report       vulnerable_versions: '<6.3.16',
1254 silly audit report       cwe: [Array],
1254 silly audit report       cvss: [Object]
1254 silly audit report     },
1254 silly audit report     {
1254 silly audit report       id: 1090439,
1254 silly audit report       url: 'https://github.com/advisories/GHSA-7x7c-qm48-pq9c',
1254 silly audit report       title: 'Cross-site Scripting in karma',
1254 silly audit report       severity: 'moderate',
1254 silly audit report       vulnerable_versions: '<6.3.14',
1254 silly audit report       cwe: [Array],
1254 silly audit report       cvss: [Object]
1254 silly audit report     }
1254 silly audit report   ],
1254 silly audit report   lodash: [
1254 silly audit report     {
1254 silly audit report       id: 1106900,
1254 silly audit report       url: 'https://github.com/advisories/GHSA-fvqr-27wr-82fm',
1254 silly audit report       title: 'Prototype Pollution in lodash',
1254 silly audit report       severity: 'moderate',
1254 silly audit report       vulnerable_versions: '<4.17.5',
1254 silly audit report       cwe: [Array],
1254 silly audit report       cvss: [Object]
1254 silly audit report     },
1254 silly audit report     {
1254 silly audit report       id: 1106913,
1254 silly audit report       url: 'https://github.com/advisories/GHSA-35jh-r3h4-6jhm',
1254 silly audit report       title: 'Command Injection in lodash',
1254 silly audit report       severity: 'high',
1254 silly audit report       vulnerable_versions: '<4.17.21',
1254 silly audit report       cwe: [Array],
1254 silly audit report       cvss: [Object]
1254 silly audit report     },
1254 silly audit report     {
1254 silly audit report       id: 1106914,
1254 silly audit report       url: 'https://github.com/advisories/GHSA-4xc9-xhrj-v574',
1254 silly audit report       title: 'Prototype Pollution in lodash',
1254 silly audit report       severity: 'high',
1254 silly audit report       vulnerable_versions: '<4.17.11',
1254 silly audit report       cwe: [Array],
1254 silly audit report       cvss: [Object]
1254 silly audit report     },
1254 silly audit report     {
1254 silly audit report       id: 1106918,
1254 silly audit report       url: 'https://github.com/advisories/GHSA-jf85-cpcp-j695',
1254 silly audit report       title: 'Prototype Pollution in lodash',
1254 silly audit report       severity: 'critical',
1254 silly audit report       vulnerable_versions: '<4.17.12',
1254 silly audit report       cwe: [Array],
1254 silly audit report       cvss: [Object]
1254 silly audit report     },
1254 silly audit report     {
1254 silly audit report       id: 1106920,
1254 silly audit report       url: 'https://github.com/advisories/GHSA-p6mc-m468-83gw',
1254 silly audit report       title: 'Prototype Pollution in lodash',
1254 silly audit report       severity: 'high',
1254 silly audit report       vulnerable_versions: '>=3.7.0 <4.17.19',
1254 silly audit report       cwe: [Array],
1254 silly audit report       cvss: [Object]
1254 silly audit report     },
1254 silly audit report     {
1254 silly audit report       id: 1108258,
1254 silly audit report       url: 'https://github.com/advisories/GHSA-29mw-wpgm-hmr9',
1254 silly audit report       title: 'Regular Expression Denial of Service (ReDoS) in lodash',
1254 silly audit report       severity: 'moderate',
1254 silly audit report       vulnerable_versions: '>=4.0.0 <4.17.21',
1254 silly audit report       cwe: [Array],
1254 silly audit report       cvss: [Object]
1254 silly audit report     },
1254 silly audit report     {
1254 silly audit report       id: 1108261,
1254 silly audit report       url: 'https://github.com/advisories/GHSA-x5rq-j2xg-h7qm',
1254 silly audit report       title: 'Regular Expression Denial of Service (ReDoS) in lodash',
1254 silly audit report       severity: 'moderate',
1254 silly audit report       vulnerable_versions: '>=4.7.0 <4.17.11',
1254 silly audit report       cwe: [Array],
1254 silly audit report       cvss: [Object]
1254 silly audit report     },
1254 silly audit report     {
1254 silly audit report       id: 1112455,
1254 silly audit report       url: 'https://github.com/advisories/GHSA-xxjr-mmjv-4gpg',
1254 silly audit report       title: 'Lodash has Prototype Pollution Vulnerability in `_.unset` and `_.omit` functions',
1254 silly audit report       severity: 'moderate',
1254 silly audit report       vulnerable_versions: '>=4.0.0 <=4.17.22',
1254 silly audit report       cwe: [Array],
1254 silly audit report       cvss: [Object]
1254 silly audit report     }
1254 silly audit report   ],
1254 silly audit report   'lodash.mergewith': [
1254 silly audit report     {
1254 silly audit report       id: 1086836,
1254 silly audit report       url: 'https://github.com/advisories/GHSA-779f-wgxg-qr8f',
1254 silly audit report       title: 'Prototype Pollution in lodash.mergewith',
1254 silly audit report       severity: 'high',
1254 silly audit report       vulnerable_versions: '<4.6.2',
1254 silly audit report       cwe: [Array],
1254 silly audit report       cvss: [Object]
1254 silly audit report     }
1254 silly audit report   ],
1254 silly audit report   log4js: [
1254 silly audit report     {
1254 silly audit report       id: 1095531,
1254 silly audit report       url: 'https://github.com/advisories/GHSA-82v2-mx6x-wq7q',
1254 silly audit report       title: 'Incorrect Default Permissions in log4js',
1254 silly audit report       severity: 'moderate',
1254 silly audit report       vulnerable_versions: '<6.4.0',
1254 silly audit report       cwe: [Array],
1254 silly audit report       cvss: [Object]
1254 silly audit report     }
1254 silly audit report   ],
1254 silly audit report   mem: [
1254 silly audit report     {
1254 silly audit report       id: 1085685,
1254 silly audit report       url: 'https://github.com/advisories/GHSA-4xcv-9jjx-gfj3',
1254 silly audit report       title: 'Denial of Service in mem',
1254 silly audit report       severity: 'moderate',
1254 silly audit report       vulnerable_versions: '<4.0.0',
1254 silly audit report       cwe: [Array],
1254 silly audit report       cvss: [Object]
1254 silly audit report     }
1254 silly audit report   ],
1254 silly audit report   'mixin-deep': [
1254 silly audit report     {
1254 silly audit report       id: 1095047,
1254 silly audit report       url: 'https://github.com/advisories/GHSA-fhjf-83wg-r2j9',
1254 silly audit report       title: 'Prototype Pollution in mixin-deep',
1254 silly audit report       severity: 'critical',
1254 silly audit report       vulnerable_versions: '<1.3.2',
1254 silly audit report       cwe: [Array],
1254 silly audit report       cvss: [Object]
1254 silly audit report     }
1254 silly audit report   ],
1254 silly audit report   'node-forge': [
1254 silly audit report     {
1254 silly audit report       id: 1102317,
1254 silly audit report       url: 'https://github.com/advisories/GHSA-92xj-mqp7-vmcj',
1254 silly audit report       title: 'Prototype Pollution in node-forge',
1254 silly audit report       severity: 'high',
1254 silly audit report       vulnerable_versions: '<0.10.0',
1254 silly audit report       cwe: [Array],
1254 silly audit report       cvss: [Object]
1254 silly audit report     },
1254 silly audit report     {
1254 silly audit report       id: 1102321,
1254 silly audit report       url: 'https://github.com/advisories/GHSA-x4jg-mjrx-434g',
1254 silly audit report       title: 'Improper Verification of Cryptographic Signature in node-forge',
1254 silly audit report       severity: 'high',
1254 silly audit report       vulnerable_versions: '<1.3.0',
1254 silly audit report       cwe: [Array],
1254 silly audit report       cvss: [Object]
1254 silly audit report     },
1254 silly audit report     {
1254 silly audit report       id: 1102322,
1254 silly audit report       url: 'https://github.com/advisories/GHSA-cfm4-qjh2-4765',
1254 silly audit report       title: 'Improper Verification of Cryptographic Signature in node-forge',
1254 silly audit report       severity: 'high',
1254 silly audit report       vulnerable_versions: '<1.3.0',
1254 silly audit report       cwe: [Array],
1254 silly audit report       cvss: [Object]
1254 silly audit report     },
1254 silly audit report     {
1254 silly audit report       id: 1110996,
1254 silly audit report       url: 'https://github.com/advisories/GHSA-554w-wpv2-vw27',
1254 silly audit report       title: 'node-forge has ASN.1 Unbounded Recursion',
1254 silly audit report       severity: 'high',
1254 silly audit report       vulnerable_versions: '<1.3.2',
1254 silly audit report       cwe: [Array],
1254 silly audit report       cvss: [Object]
1254 silly audit report     },
1254 silly audit report     {
1254 silly audit report       id: 1110998,
1254 silly audit report       url: 'https://github.com/advisories/GHSA-5gfm-wpxj-wjgq',
1254 silly audit report       title: 'node-forge has an Interpretation Conflict vulnerability via its ASN.1 Validator Desynchronization',
1254 silly audit report       severity: 'high',
1254 silly audit report       vulnerable_versions: '<1.3.2',
1254 silly audit report       cwe: [Array],
1254 silly audit report       cvss: [Object]
1254 silly audit report     },
1254 silly audit report     {
1254 silly audit report       id: 1111068,
1254 silly audit report       url: 'https://github.com/advisories/GHSA-65ch-62r8-g69g',
1254 silly audit report       title: 'node-forge is vulnerable to ASN.1 OID Integer Truncation',
1254 silly audit report       severity: 'moderate',
1254 silly audit report       vulnerable_versions: '<1.3.2',
1254 silly audit report       cwe: [Array],
1254 silly audit report       cvss: [Object]
1254 silly audit report     },
1254 silly audit report     {
1254 silly audit report       id: 1088227,
1254 silly audit report       url: 'https://github.com/advisories/GHSA-5rrq-pxf6-6jx5',
1254 silly audit report       title: 'Prototype Pollution in node-forge debug API.',
1254 silly audit report       severity: 'low',
1254 silly audit report       vulnerable_versions: '<1.0.0',
1254 silly audit report       cwe: [Array],
1254 silly audit report       cvss: [Object]
1254 silly audit report     },
1254 silly audit report     {
1254 silly audit report       id: 1088228,
1254 silly audit report       url: 'https://github.com/advisories/GHSA-wxgw-qj99-44c2',
1254 silly audit report       title: 'Prototype Pollution in node-forge util.setPath API',
1254 silly audit report       severity: 'low',
1254 silly audit report       vulnerable_versions: '<0.10.0',
1254 silly audit report       cwe: [],
1254 silly audit report       cvss: [Object]
1254 silly audit report     },
1254 silly audit report     {
1254 silly audit report       id: 1088229,
1254 silly audit report       url: 'https://github.com/advisories/GHSA-gf8q-jrpm-jvxq',
1254 silly audit report       title: 'URL parsing in node-forge could lead to undesired behavior.',
1254 silly audit report       severity: 'low',
1254 silly audit report       vulnerable_versions: '<1.0.0',
1254 silly audit report       cwe: [Array],
1254 silly audit report       cvss: [Object]
1254 silly audit report     },
1254 silly audit report     {
1254 silly audit report       id: 1093719,
1254 silly audit report       url: 'https://github.com/advisories/GHSA-8fr3-hfg3-gpgp',
1254 silly audit report       title: 'Open Redirect in node-forge',
1254 silly audit report       severity: 'moderate',
1254 silly audit report       vulnerable_versions: '<1.0.0',
1254 silly audit report       cwe: [Array],
1254 silly audit report       cvss: [Object]
1254 silly audit report     },
1254 silly audit report     {
1254 silly audit report       id: 1088746,
1254 silly audit report       url: 'https://github.com/advisories/GHSA-2r2c-g63r-vccr',
1254 silly audit report       title: 'Improper Verification of Cryptographic Signature in `node-forge`',
1254 silly audit report       severity: 'moderate',
1254 silly audit report       vulnerable_versions: '<1.3.0',
1254 silly audit report       cwe: [Array],
1254 silly audit report       cvss: [Object]
1254 silly audit report     }
1254 silly audit report   ],
1254 silly audit report   request: [
1254 silly audit report     {
1254 silly audit report       id: 1096727,
1254 silly audit report       url: 'https://github.com/advisories/GHSA-p8p7-x288-28g6',
1254 silly audit report       title: 'Server-Side Request Forgery in Request',
1254 silly audit report       severity: 'moderate',
1254 silly audit report       vulnerable_versions: '<=2.88.2',
1254 silly audit report       cwe: [Array],
1254 silly audit report       cvss: [Object]
1254 silly audit report     }
1254 silly audit report   ],
1254 silly audit report   'node-sass': [
1254 silly audit report     {
1254 silly audit report       id: 1086914,
1254 silly audit report       url: 'https://github.com/advisories/GHSA-9v62-24cr-58cx',
1254 silly audit report       title: 'Denial of Service in node-sass',
1254 silly audit report       severity: 'moderate',
1254 silly audit report       vulnerable_versions: '>=3.3.0 <4.13.1',
1254 silly audit report       cwe: [Array],
1254 silly audit report       cvss: [Object]
1254 silly audit report     },
1254 silly audit report     {
1254 silly audit report       id: 1091843,
1254 silly audit report       url: 'https://github.com/advisories/GHSA-r8f7-9pfq-mjmv',
1254 silly audit report       title: 'Improper Certificate Validation in node-sass',
1254 silly audit report       severity: 'moderate',
1254 silly audit report       vulnerable_versions: '>=2.0.0 <7.0.0',
1254 silly audit report       cwe: [Array],
1254 silly audit report       cvss: [Object]
1254 silly audit report     }
1254 silly audit report   ],
1254 silly audit report   'nth-check': [
1254 silly audit report     {
1254 silly audit report       id: 1095141,
1254 silly audit report       url: 'https://github.com/advisories/GHSA-rp65-9cf3-cjxr',
1254 silly audit report       title: 'Inefficient Regular Expression Complexity in nth-check',
1254 silly audit report       severity: 'high',
1254 silly audit report       vulnerable_versions: '<2.0.1',
1254 silly audit report       cwe: [Array],
1254 silly audit report       cvss: [Object]
1254 silly audit report     }
1254 silly audit report   ],
1254 silly audit report   'on-headers': [
1254 silly audit report     {
1254 silly audit report       id: 1106812,
1254 silly audit report       url: 'https://github.com/advisories/GHSA-76c9-3jph-rj3q',
1254 silly audit report       title: 'on-headers is vulnerable to http response header manipulation',
1254 silly audit report       severity: 'low',
1254 silly audit report       vulnerable_versions: '<1.1.0',
1254 silly audit report       cwe: [Array],
1254 silly audit report       cvss: [Object]
1254 silly audit report     }
1254 silly audit report   ],
1254 silly audit report   parsejson: [
1254 silly audit report     {
1254 silly audit report       id: 1090566,
1254 silly audit report       url: 'https://github.com/advisories/GHSA-q75g-2496-mxpp',
1254 silly audit report       title: 'Regular Expression Denial of Service in parsejson',
1254 silly audit report       severity: 'high',
1254 silly audit report       vulnerable_versions: '<=0.0.3',
1254 silly audit report       cwe: [Array],
1254 silly audit report       cvss: [Object]
1254 silly audit report     }
1254 silly audit report   ],
1254 silly audit report   parseuri: [
1254 silly audit report     {
1254 silly audit report       id: 1107224,
1254 silly audit report       url: 'https://github.com/advisories/GHSA-6fx8-h7jm-663j',
1254 silly audit report       title: 'parse-uri Regular expression Denial of Service (ReDoS)',
1254 silly audit report       severity: 'moderate',
1254 silly audit report       vulnerable_versions: '<2.0.0',
1254 silly audit report       cwe: [Array],
1254 silly audit report       cvss: [Object]
1254 silly audit report     }
1254 silly audit report   ],
1254 silly audit report   'path-parse': [
1254 silly audit report     {
1254 silly audit report       id: 1089681,
1254 silly audit report       url: 'https://github.com/advisories/GHSA-hj48-42vr-x3v9',
1254 silly audit report       title: 'Regular Expression Denial of Service in path-parse',
1254 silly audit report       severity: 'moderate',
1254 silly audit report       vulnerable_versions: '<1.0.7',
1254 silly audit report       cwe: [Array],
1254 silly audit report       cvss: [Object]
1254 silly audit report     }
1254 silly audit report   ],
1254 silly audit report   'path-to-regexp': [
1254 silly audit report     {
1254 silly audit report       id: 1101850,
1254 silly audit report       url: 'https://github.com/advisories/GHSA-9wv6-86v2-598j',
1254 silly audit report       title: 'path-to-regexp outputs backtracking regular expressions',
1254 silly audit report       severity: 'high',
1254 silly audit report       vulnerable_versions: '<0.1.10',
1254 silly audit report       cwe: [Array],
1254 silly audit report       cvss: [Object]
1254 silly audit report     },
1254 silly audit report     {
1254 silly audit report       id: 1105199,
1254 silly audit report       url: 'https://github.com/advisories/GHSA-rhx6-c78j-4q9w',
1254 silly audit report       title: 'path-to-regexp contains a ReDoS',
1254 silly audit report       severity: 'high',
1254 silly audit report       vulnerable_versions: '<0.1.12',
1254 silly audit report       cwe: [Array],
1254 silly audit report       cvss: [Object]
1254 silly audit report     }
1254 silly audit report   ],
1254 silly audit report   pbkdf2: [
1254 silly audit report     {
1254 silly audit report       id: 1105692,
1254 silly audit report       url: 'https://github.com/advisories/GHSA-h7cp-r72f-jxh6',
1254 silly audit report       title: 'pbkdf2 returns predictable uninitialized/zero-filled memory for non-normalized or unimplemented algos',
1254 silly audit report       severity: 'critical',
1254 silly audit report       vulnerable_versions: '>=3.0.10 <=3.1.2',
1254 silly audit report       cwe: [Array],
1254 silly audit report       cvss: [Object]
1254 silly audit report     },
1254 silly audit report     {
1254 silly audit report       id: 1113204,
1254 silly audit report       url: 'https://github.com/advisories/GHSA-v62p-rq8g-8h59',
1254 silly audit report       title: 'pbkdf2 silently disregards Uint8Array input, returning static keys',
1254 silly audit report       severity: 'critical',
1254 silly audit report       vulnerable_versions: '>=1.0.0 <=3.1.2',
1254 silly audit report       cwe: [Array],
1254 silly audit report       cvss: [Object]
1254 silly audit report     }
1254 silly audit report   ],
1254 silly audit report   postcss: [
1254 silly audit report     {
1254 silly audit report       id: 1109574,
1254 silly audit report       url: 'https://github.com/advisories/GHSA-7fh5-64p2-3v2j',
1254 silly audit report       title: 'PostCSS line return parsing error',
1254 silly audit report       severity: 'moderate',
1254 silly audit report       vulnerable_versions: '<8.4.31',
1254 silly audit report       cwe: [Array],
1254 silly audit report       cvss: [Object]
1254 silly audit report     },
1254 silly audit report     {
1254 silly audit report       id: 1093539,
1254 silly audit report       url: 'https://github.com/advisories/GHSA-566m-qj78-rww5',
1254 silly audit report       title: 'Regular Expression Denial of Service in postcss',
1254 silly audit report       severity: 'moderate',
1254 silly audit report       vulnerable_versions: '<7.0.36',
1254 silly audit report       cwe: [Array],
1254 silly audit report       cvss: [Object]
1254 silly audit report     }
1254 silly audit report   ],
1254 silly audit report   y18n: [
1254 silly audit report     {
1254 silly audit report       id: 1095086,
1254 silly audit report       url: 'https://github.com/advisories/GHSA-c4w7-xm78-47vh',
1254 silly audit report       title: 'Prototype Pollution in y18n',
1254 silly audit report       severity: 'high',
1254 silly audit report       vulnerable_versions: '=4.0.0',
1254 silly audit report       cwe: [Array],
1254 silly audit report       cvss: [Object]
1254 silly audit report     },
1254 silly audit report     {
1254 silly audit report       id: 1095087,
1254 silly audit report       url: 'https://github.com/advisories/GHSA-c4w7-xm78-47vh',
1254 silly audit report       title: 'Prototype Pollution in y18n',
1254 silly audit report       severity: 'high',
1254 silly audit report       vulnerable_versions: '<3.2.2',
1254 silly audit report       cwe: [Array],
1254 silly audit report       cvss: [Object]
1254 silly audit report     }
1254 silly audit report   ],
1254 silly audit report   'scss-tokenizer': [
1254 silly audit report     {
1254 silly audit report       id: 1095132,
1254 silly audit report       url: 'https://github.com/advisories/GHSA-7mwh-4pqv-wmr8',
1254 silly audit report       title: 'Regular expression denial of service in scss-tokenizer',
1254 silly audit report       severity: 'high',
1254 silly audit report       vulnerable_versions: '<=0.4.2',
1254 silly audit report       cwe: [Array],
1254 silly audit report       cvss: [Object]
1254 silly audit report     }
1254 silly audit report   ],
1254 silly audit report   tmp: [
1254 silly audit report     {
1254 silly audit report       id: 1109537,
1254 silly audit report       url: 'https://github.com/advisories/GHSA-52f5-9888-hmc6',
1254 silly audit report       title: 'tmp allows arbitrary temporary file / directory write via symbolic link `dir` parameter',
1254 silly audit report       severity: 'low',
1254 silly audit report       vulnerable_versions: '<=0.2.3',
1254 silly audit report       cwe: [Array],
1254 silly audit report       cvss: [Object]
1254 silly audit report     }
1254 silly audit report   ],
1254 silly audit report   send: [
1254 silly audit report     {
1254 silly audit report       id: 1109556,
1254 silly audit report       url: 'https://github.com/advisories/GHSA-m6fv-jmcg-4jfg',
1254 silly audit report       title: 'send vulnerable to template injection that can lead to XSS',
1254 silly audit report       severity: 'low',
1254 silly audit report       vulnerable_versions: '<0.19.0',
1254 silly audit report       cwe: [Array],
1254 silly audit report       cvss: [Object]
1254 silly audit report     }
1254 silly audit report   ],
1254 silly audit report   'serialize-javascript': [
1254 silly audit report     {
1254 silly audit report       id: 1087544,
1254 silly audit report       url: 'https://github.com/advisories/GHSA-h9rv-jmmf-4pgx',
1254 silly audit report       title: 'Cross-Site Scripting in serialize-javascript',
1254 silly audit report       severity: 'moderate',
1254 silly audit report       vulnerable_versions: '<2.1.1',
1254 silly audit report       cwe: [Array],
1254 silly audit report       cvss: [Object]
1254 silly audit report     },
1254 silly audit report     {
1254 silly audit report       id: 1095131,
1254 silly audit report       url: 'https://github.com/advisories/GHSA-hxcc-f52p-wc94',
1254 silly audit report       title: 'Insecure serialization leading to RCE in serialize-javascript',
1254 silly audit report       severity: 'high',
1254 silly audit report       vulnerable_versions: '<3.1.0',
1254 silly audit report       cwe: [Array],
1254 silly audit report       cvss: [Object]
1254 silly audit report     }
1254 silly audit report   ],
1254 silly audit report   'serve-static': [
1254 silly audit report     {
1254 silly audit report       id: 1100528,
1254 silly audit report       url: 'https://github.com/advisories/GHSA-cm22-4g7w-348p',
1254 silly audit report       title: 'serve-static vulnerable to template injection that can lead to XSS',
1254 silly audit report       severity: 'low',
1254 silly audit report       vulnerable_versions: '<1.16.0',
1254 silly audit report       cwe: [Array],
1254 silly audit report       cvss: [Object]
1254 silly audit report     }
1254 silly audit report   ],
1254 silly audit report   'set-value': [
1254 silly audit report     {
1254 silly audit report       id: 1095129,
1254 silly audit report       url: 'https://github.com/advisories/GHSA-4g88-fppr-53pp',
1254 silly audit report       title: 'Prototype Pollution in set-value',
1254 silly audit report       severity: 'critical',
1254 silly audit report       vulnerable_versions: '<2.0.1',
1254 silly audit report       cwe: [Array],
1254 silly audit report       cvss: [Object]
1254 silly audit report     },
1254 silly audit report     {
1254 silly audit report       id: 1094511,
1254 silly audit report       url: 'https://github.com/advisories/GHSA-4jqc-8m5r-9rpr',
1254 silly audit report       title: 'Prototype Pollution in set-value',
1254 silly audit report       severity: 'high',
1254 silly audit report       vulnerable_versions: '<2.0.1',
1254 silly audit report       cwe: [Array],
1254 silly audit report       cvss: [Object]
1254 silly audit report     }
1254 silly audit report   ],
1254 silly audit report   'sha.js': [
1254 silly audit report     {
1254 silly audit report       id: 1109535,
1254 silly audit report       url: 'https://github.com/advisories/GHSA-95m3-7q98-8xr5',
1254 silly audit report       title: 'sha.js is missing type checks leading to hash rewind and passing on crafted data',
1254 silly audit report       severity: 'critical',
1254 silly audit report       vulnerable_versions: '<=2.4.11',
1254 silly audit report       cwe: [Array],
1254 silly audit report       cvss: [Object]
1254 silly audit report     }
1254 silly audit report   ],
1254 silly audit report   'socket.io': [
1254 silly audit report     {
1254 silly audit report       id: 1100551,
1254 silly audit report       url: 'https://github.com/advisories/GHSA-25hc-qcg6-38wj',
1254 silly audit report       title: "socket.io has an unhandled 'error' event",
1254 silly audit report       severity: 'moderate',
1254 silly audit report       vulnerable_versions: '<2.5.0',
1254 silly audit report       cwe: [Array],
1254 silly audit report       cvss: [Object]
1254 silly audit report     },
1254 silly audit report     {
1254 silly audit report       id: 1093718,
1254 silly audit report       url: 'https://github.com/advisories/GHSA-fxwf-4rqh-v8g3',
1254 silly audit report       title: 'CORS misconfiguration in socket.io',
1254 silly audit report       severity: 'moderate',
1254 silly audit report       vulnerable_versions: '<2.4.0',
1254 silly audit report       cwe: [Array],
1254 silly audit report       cvss: [Object]
1254 silly audit report     }
1254 silly audit report   ],
1254 silly audit report   'socket.io-parser': [
1254 silly audit report     {
1254 silly audit report       id: 1100540,
1254 silly audit report       url: 'https://github.com/advisories/GHSA-cqmj-92xf-r6r9',
1254 silly audit report       title: 'Insufficient validation when decoding a Socket.IO packet',
1254 silly audit report       severity: 'moderate',
1254 silly audit report       vulnerable_versions: '<3.3.4',
1254 silly audit report       cwe: [Array],
1254 silly audit report       cvss: [Object]
1254 silly audit report     },
1254 silly audit report     {
1254 silly audit report       id: 1089711,
1254 silly audit report       url: 'https://github.com/advisories/GHSA-xfhh-g9f5-x4m4',
1254 silly audit report       title: 'Resource exhaustion in socket.io-parser',
1254 silly audit report       severity: 'high',
1254 silly audit report       vulnerable_versions: '<3.3.2',
1254 silly audit report       cwe: [Array],
1254 silly audit report       cvss: [Object]
1254 silly audit report     },
1254 silly audit report     {
1254 silly audit report       id: 1097134,
1254 silly audit report       url: 'https://github.com/advisories/GHSA-qm95-pgcg-qqfq',
1254 silly audit report       title: 'Insufficient validation when decoding a Socket.IO packet',
1254 silly audit report       severity: 'critical',
1254 silly audit report       vulnerable_versions: '<3.3.3',
1254 silly audit report       cwe: [Array],
1254 silly audit report       cvss: [Object]
1254 silly audit report     }
1254 silly audit report   ],
1254 silly audit report   sockjs: [
1254 silly audit report     {
1254 silly audit report       id: 1089877,
1254 silly audit report       url: 'https://github.com/advisories/GHSA-c9g6-9335-x697',
1254 silly audit report       title: 'Improper Input Validation in SocksJS-Node',
1254 silly audit report       severity: 'moderate',
1254 silly audit report       vulnerable_versions: '<0.3.20',
1254 silly audit report       cwe: [Array],
1254 silly audit report       cvss: [Object]
1254 silly audit report     }
1254 silly audit report   ],
1254 silly audit report   ssri: [
1254 silly audit report     {
1254 silly audit report       id: 1094077,
1254 silly audit report       url: 'https://github.com/advisories/GHSA-vx3p-948g-6vhq',
1254 silly audit report       title: 'Regular Expression Denial of Service (ReDoS)',
1254 silly audit report       severity: 'high',
1254 silly audit report       vulnerable_versions: '>=5.2.2 <6.0.2',
1254 silly audit report       cwe: [Array],
1254 silly audit report       cvss: [Object]
1254 silly audit report     }
1254 silly audit report   ],
1254 silly audit report   'tough-cookie': [
1254 silly audit report     {
1254 silly audit report       id: 1097682,
1254 silly audit report       url: 'https://github.com/advisories/GHSA-72xf-g2v4-qvf3',
1254 silly audit report       title: 'tough-cookie Prototype Pollution vulnerability',
1254 silly audit report       severity: 'moderate',
1254 silly audit report       vulnerable_versions: '<4.1.3',
1254 silly audit report       cwe: [Array],
1254 silly audit report       cvss: [Object]
1254 silly audit report     }
1254 silly audit report   ],
1254 silly audit report   'tree-kill': [
1254 silly audit report     {
1254 silly audit report       id: 1095101,
1254 silly audit report       url: 'https://github.com/advisories/GHSA-884p-74jh-xrg2',
1254 silly audit report       title: 'Command Injection in tree-kill',
1254 silly audit report       severity: 'high',
1254 silly audit report       vulnerable_versions: '<1.2.2',
1254 silly audit report       cwe: [Array],
1254 silly audit report       cvss: [Object]
1254 silly audit report     },
1254 silly audit report     {
1254 silly audit report       id: 1097156,
1254 silly audit report       url: 'https://github.com/advisories/GHSA-j7fq-p9q7-5wfv',
1254 silly audit report       title: 'Treekill Enables OS Command Injection',
1254 silly audit report       severity: 'critical',
1254 silly audit report       vulnerable_versions: '<1.2.2',
1254 silly audit report       cwe: [Array],
1254 silly audit report       cvss: [Object]
1254 silly audit report     }
1254 silly audit report   ],
1254 silly audit report   'trim-newlines': [
1254 silly audit report     {
1254 silly audit report       id: 1095100,
1254 silly audit report       url: 'https://github.com/advisories/GHSA-7p7h-4mm5-852v',
1254 silly audit report       title: 'Uncontrolled Resource Consumption in trim-newlines',
1254 silly audit report       severity: 'high',
1254 silly audit report       vulnerable_versions: '<3.0.1',
1254 silly audit report       cwe: [Array],
1254 silly audit report       cvss: [Object]
1254 silly audit report     }
1254 silly audit report   ],
1254 silly audit report   'url-parse': [
1254 silly audit report     {
1254 silly audit report       id: 1112524,
1254 silly audit report       url: 'https://github.com/advisories/GHSA-pv4c-p2j5-38j4',
1254 silly audit report       title: 'Open Redirect in url-parse',
1254 silly audit report       severity: 'critical',
1254 silly audit report       vulnerable_versions: '>=1.0.0 <1.4.3',
1254 silly audit report       cwe: [Array],
1254 silly audit report       cvss: [Object]
1254 silly audit report     },
1254 silly audit report     {
1254 silly audit report       id: 1112830,
1254 silly audit report       url: 'https://github.com/advisories/GHSA-46c4-8wrp-j99v',
1254 silly audit report       title: 'Improper Validation and Sanitization in url-parse',
1254 silly audit report       severity: 'moderate',
1254 silly audit report       vulnerable_versions: '>=0.1.0 <1.4.5',
1254 silly audit report       cwe: [Array],
1254 silly audit report       cvss: [Object]
1254 silly audit report     },
1254 silly audit report     {
1254 silly audit report       id: 1112827,
1254 silly audit report       url: 'https://github.com/advisories/GHSA-hh27-ffr2-f2jc',
1254 silly audit report       title: 'Open redirect in url-parse',
1254 silly audit report       severity: 'moderate',
1254 silly audit report       vulnerable_versions: '>=0.1.0 <1.5.2',
1254 silly audit report       cwe: [Array],
1254 silly audit report       cvss: [Object]
1254 silly audit report     },
1254 silly audit report     {
1254 silly audit report       id: 1112828,
1254 silly audit report       url: 'https://github.com/advisories/GHSA-9m6j-fcg5-2442',
1254 silly audit report       title: 'Path traversal in url-parse',
1254 silly audit report       severity: 'moderate',
1254 silly audit report       vulnerable_versions: '>=0.1.0 <1.5.0',
1254 silly audit report       cwe: [Array],
1254 silly audit report       cvss: [Object]
1254 silly audit report     },
1254 silly audit report     {
1254 silly audit report       id: 1112829,
1254 silly audit report       url: 'https://github.com/advisories/GHSA-jf5r-8hm2-f872',
1254 silly audit report       title: 'url-parse incorrectly parses hostname / protocol due to unstripped leading control characters.',
1254 silly audit report       severity: 'moderate',
1254 silly audit report       vulnerable_versions: '>=0.1.0 <1.5.9',
1254 silly audit report       cwe: [Array],
1254 silly audit report       cvss: [Object]
1254 silly audit report     },
1254 silly audit report     {
1254 silly audit report       id: 1113394,
1254 silly audit report       url: 'https://github.com/advisories/GHSA-8v38-pw62-9cw2',
1254 silly audit report       title: "url-parse Incorrectly parses URLs that include an '@'",
1254 silly audit report       severity: 'moderate',
1254 silly audit report       vulnerable_versions: '>=1.0.0 <1.5.7',
1254 silly audit report       cwe: [Array],
1254 silly audit report       cvss: [Object]
1254 silly audit report     },
1254 silly audit report     {
1254 silly audit report       id: 1113395,
1254 silly audit report       url: 'https://github.com/advisories/GHSA-rqff-837h-mm52',
1254 silly audit report       title: 'Authorization bypass in url-parse',
1254 silly audit report       severity: 'moderate',
1254 silly audit report       vulnerable_versions: '>=0.1.0 <1.5.6',
1254 silly audit report       cwe: [Array],
1254 silly audit report       cvss: [Object]
1254 silly audit report     },
1254 silly audit report     {
1254 silly audit report       id: 1095095,
1254 silly audit report       url: 'https://github.com/advisories/GHSA-hgjh-723h-mx2j',
1254 silly audit report       title: 'Authorization Bypass Through User-Controlled Key in url-parse',
1254 silly audit report       severity: 'critical',
1254 silly audit report       vulnerable_versions: '<1.5.8',
1254 silly audit report       cwe: [Array],
1254 silly audit report       cvss: [Object]
1254 silly audit report     }
1254 silly audit report   ],
1254 silly audit report   useragent: [
1254 silly audit report     {
1254 silly audit report       id: 1107230,
1254 silly audit report       url: 'https://github.com/advisories/GHSA-mgfv-m47x-4wqp',
1254 silly audit report       title: 'useragent Regular Expression Denial of Service vulnerability',
1254 silly audit report       severity: 'moderate',
1254 silly audit report       vulnerable_versions: '<=2.3.0',
1254 silly audit report       cwe: [Array],
1254 silly audit report       cvss: [Object]
1254 silly audit report     }
1254 silly audit report   ],
1254 silly audit report   xml2js: [
1254 silly audit report     {
1254 silly audit report       id: 1096693,
1254 silly audit report       url: 'https://github.com/advisories/GHSA-776f-qx25-q3cc',
1254 silly audit report       title: 'xml2js is vulnerable to prototype pollution',
1254 silly audit report       severity: 'moderate',
1254 silly audit report       vulnerable_versions: '<0.5.0',
1254 silly audit report       cwe: [Array],
1254 silly audit report       cvss: [Object]
1254 silly audit report     }
1254 silly audit report   ],
1254 silly audit report   'webpack-dev-middleware': [
1254 silly audit report     {
1254 silly audit report       id: 1096729,
1254 silly audit report       url: 'https://github.com/advisories/GHSA-wr3j-pwj9-hqq6',
1254 silly audit report       title: 'Path traversal in webpack-dev-middleware',
1254 silly audit report       severity: 'high',
1254 silly audit report       vulnerable_versions: '<=5.3.3',
1254 silly audit report       cwe: [Array],
1254 silly audit report       cvss: [Object]
1254 silly audit report     }
1254 silly audit report   ],
1254 silly audit report   'webpack-dev-server': [
1254 silly audit report     {
1254 silly audit report       id: 1108429,
1254 silly audit report       url: 'https://github.com/advisories/GHSA-9jgg-88mc-972h',
1254 silly audit report       title: "webpack-dev-server users' source code may be stolen when they access a malicious web site with non-Chromium based browser",
1254 silly audit report       severity: 'moderate',
1254 silly audit report       vulnerable_versions: '<=5.2.0',
1254 silly audit report       cwe: [Array],
1254 silly audit report       cvss: [Object]
1254 silly audit report     },
1254 silly audit report     {
1254 silly audit report       id: 1108430,
1254 silly audit report       url: 'https://github.com/advisories/GHSA-4v9v-hfq4-rm2v',
1254 silly audit report       title: "webpack-dev-server users' source code may be stolen when they access a malicious web site",
1254 silly audit report       severity: 'moderate',
1254 silly audit report       vulnerable_versions: '<=5.2.0',
1254 silly audit report       cwe: [Array],
1254 silly audit report       cvss: [Object]
1254 silly audit report     },
1254 silly audit report     {
1254 silly audit report       id: 1087645,
1254 silly audit report       url: 'https://github.com/advisories/GHSA-cf66-xwfp-gvc4',
1254 silly audit report       title: 'Missing Origin Validation in webpack-dev-server',
1254 silly audit report       severity: 'high',
1254 silly audit report       vulnerable_versions: '<3.1.11',
1254 silly audit report       cwe: [Array],
1254 silly audit report       cvss: [Object]
1254 silly audit report     }
1254 silly audit report   ],
1254 silly audit report   'websocket-extensions': [
1254 silly audit report     {
1254 silly audit report       id: 1087512,
1254 silly audit report       url: 'https://github.com/advisories/GHSA-g78m-2chm-r7qv',
1254 silly audit report       title: 'Regular Expression Denial of Service in websocket-extensions (NPM package)',
1254 silly audit report       severity: 'high',
1254 silly audit report       vulnerable_versions: '<0.1.4',
1254 silly audit report       cwe: [Array],
1254 silly audit report       cvss: [Object]
1254 silly audit report     }
1254 silly audit report   ],
1254 silly audit report   ws: [
1254 silly audit report     {
1254 silly audit report       id: 1091478,
1254 silly audit report       url: 'https://github.com/advisories/GHSA-5v72-xg48-5rpm',
1254 silly audit report       title: 'Denial of Service in ws',
1254 silly audit report       severity: 'high',
1254 silly audit report       vulnerable_versions: '>=0.2.6 <1.1.5',
1254 silly audit report       cwe: [Array],
1254 silly audit report       cvss: [Object]
1254 silly audit report     }
1254 silly audit report   ],
1254 silly audit report   'xmlhttprequest-ssl': [
1254 silly audit report     {
1254 silly audit report       id: 1095090,
1254 silly audit report       url: 'https://github.com/advisories/GHSA-72mh-269x-7mh5',
1254 silly audit report       title: 'Improper Certificate Validation in xmlhttprequest-ssl',
1254 silly audit report       severity: 'critical',
1254 silly audit report       vulnerable_versions: '<1.6.1',
1254 silly audit report       cwe: [Array],
1254 silly audit report       cvss: [Object]
1254 silly audit report     },
1254 silly audit report     {
1254 silly audit report       id: 1095088,
1254 silly audit report       url: 'https://github.com/advisories/GHSA-h4j5-c7cj-74xg',
1254 silly audit report       title: 'xmlhttprequest and xmlhttprequest-ssl vulnerable to Arbitrary Code Injection',
1254 silly audit report       severity: 'critical',
1254 silly audit report       vulnerable_versions: '<1.6.2',
1254 silly audit report       cwe: [Array],
1254 silly audit report       cvss: [Object]
1254 silly audit report     }
1254 silly audit report   ],
1254 silly audit report   fsevents: [
1254 silly audit report     {
1254 silly audit report       id: 1094997,
1254 silly audit report       url: 'https://github.com/advisories/GHSA-8r6j-v8pm-fqw3',
1254 silly audit report       title: 'Code injection in fsevents',
1254 silly audit report       severity: 'critical',
1254 silly audit report       vulnerable_versions: '<=1.2.10',
1254 silly audit report       cwe: [Array],
1254 silly audit report       cvss: [Object]
1254 silly audit report     },
1254 silly audit report     {
1254 silly audit report       id: 1091853,
1254 silly audit report       url: 'https://github.com/advisories/GHSA-xv2f-5jw4-v95m',
1254 silly audit report       title: 'Malware in fsevents',
1254 silly audit report       severity: 'critical',
1254 silly audit report       vulnerable_versions: '>=1.0.0 <1.2.11',
1254 silly audit report       cwe: [Array],
1254 silly audit report       cvss: [Object]
1254 silly audit report     }
1254 silly audit report   ]
1254 silly audit report }
1255 silly packumentCache corgi:https://registry.npmjs.org/yargs-parser cache-miss
1256 silly packumentCache corgi:https://registry.npmjs.org/@angular%2fcommon cache-miss
1257 silly packumentCache corgi:https://registry.npmjs.org/@angular%2fcompiler cache-miss
1258 silly packumentCache corgi:https://registry.npmjs.org/braces cache-miss
1259 silly packumentCache corgi:https://registry.npmjs.org/kind-of cache-miss
1260 silly packumentCache corgi:https://registry.npmjs.org/micromatch cache-miss
1261 silly packumentCache corgi:https://registry.npmjs.org/minimist cache-miss
1262 silly packumentCache corgi:https://registry.npmjs.org/@angular%2fcore cache-miss
1263 silly packumentCache corgi:https://registry.npmjs.org/debug cache-miss
1264 silly packumentCache corgi:https://registry.npmjs.org/ansi-regex cache-miss
1265 silly packumentCache corgi:https://registry.npmjs.org/acorn cache-miss
1266 silly packumentCache corgi:https://registry.npmjs.org/adm-zip cache-miss
1267 silly packumentCache corgi:https://registry.npmjs.org/ajv cache-miss
1268 silly packumentCache corgi:https://registry.npmjs.org/ansi-html cache-miss
1269 silly packumentCache corgi:https://registry.npmjs.org/async cache-miss
1270 silly packumentCache corgi:https://registry.npmjs.org/babel-traverse cache-miss
1271 silly packumentCache corgi:https://registry.npmjs.org/bn.js cache-miss
1272 silly packumentCache corgi:https://registry.npmjs.org/body-parser cache-miss
1273 silly packumentCache corgi:https://registry.npmjs.org/qs cache-miss
1274 silly packumentCache corgi:https://registry.npmjs.org/bootstrap cache-miss
1275 silly packumentCache corgi:https://registry.npmjs.org/brace-expansion cache-miss
1276 silly packumentCache corgi:https://registry.npmjs.org/browserify-sign cache-miss
1277 silly packumentCache corgi:https://registry.npmjs.org/chownr cache-miss
1278 silly packumentCache corgi:https://registry.npmjs.org/cipher-base cache-miss
1279 silly packumentCache corgi:https://registry.npmjs.org/cookie cache-miss
1280 silly packumentCache corgi:https://registry.npmjs.org/cross-spawn cache-miss
1281 silly packumentCache corgi:https://registry.npmjs.org/css-what cache-miss
1282 silly packumentCache corgi:https://registry.npmjs.org/decode-uri-component cache-miss
1283 silly packumentCache corgi:https://registry.npmjs.org/diff cache-miss
1284 silly packumentCache corgi:https://registry.npmjs.org/dns-packet cache-miss
1285 silly packumentCache corgi:https://registry.npmjs.org/ejs cache-miss
1286 silly packumentCache corgi:https://registry.npmjs.org/elliptic cache-miss
1287 silly packumentCache corgi:https://registry.npmjs.org/engine.io cache-miss
1288 silly packumentCache corgi:https://registry.npmjs.org/ms cache-miss
1289 silly packumentCache corgi:https://registry.npmjs.org/es5-ext cache-miss
1290 silly packumentCache corgi:https://registry.npmjs.org/eventsource cache-miss
1291 silly packumentCache corgi:https://registry.npmjs.org/express cache-miss
1292 silly packumentCache corgi:https://registry.npmjs.org/follow-redirects cache-miss
1293 silly packumentCache corgi:https://registry.npmjs.org/form-data cache-miss
1294 silly packumentCache corgi:https://registry.npmjs.org/ini cache-miss
1295 silly packumentCache corgi:https://registry.npmjs.org/minimatch cache-miss
1296 silly packumentCache corgi:https://registry.npmjs.org/semver cache-miss
1297 silly packumentCache corgi:https://registry.npmjs.org/tar cache-miss
1298 silly packumentCache corgi:https://registry.npmjs.org/fstream cache-miss
1299 silly packumentCache corgi:https://registry.npmjs.org/handlebars cache-miss
1300 silly packumentCache corgi:https://registry.npmjs.org/hawk cache-miss
1301 silly packumentCache corgi:https://registry.npmjs.org/hoek cache-miss
1302 silly packumentCache corgi:https://registry.npmjs.org/hosted-git-info cache-miss
1303 silly packumentCache corgi:https://registry.npmjs.org/html-minifier cache-miss
1304 silly packumentCache corgi:https://registry.npmjs.org/loader-utils cache-miss
1305 silly packumentCache corgi:https://registry.npmjs.org/http-proxy cache-miss
1306 silly packumentCache corgi:https://registry.npmjs.org/http-proxy-middleware cache-miss
1307 silly packumentCache corgi:https://registry.npmjs.org/https-proxy-agent cache-miss
1308 silly packumentCache corgi:https://registry.npmjs.org/ip cache-miss
1309 silly packumentCache corgi:https://registry.npmjs.org/js-yaml cache-miss
1310 silly packumentCache corgi:https://registry.npmjs.org/json-schema cache-miss
1311 silly packumentCache corgi:https://registry.npmjs.org/json5 cache-miss
1312 silly packumentCache corgi:https://registry.npmjs.org/jszip cache-miss
1313 silly packumentCache corgi:https://registry.npmjs.org/karma cache-miss
1314 silly packumentCache corgi:https://registry.npmjs.org/lodash cache-miss
1315 silly packumentCache corgi:https://registry.npmjs.org/lodash.mergewith cache-miss
1316 silly packumentCache corgi:https://registry.npmjs.org/log4js cache-miss
1317 silly packumentCache corgi:https://registry.npmjs.org/mem cache-miss
1318 silly packumentCache corgi:https://registry.npmjs.org/mixin-deep cache-miss
1319 silly packumentCache corgi:https://registry.npmjs.org/node-forge cache-miss
1320 silly packumentCache corgi:https://registry.npmjs.org/request cache-miss
1321 silly packumentCache corgi:https://registry.npmjs.org/node-sass cache-miss
1322 silly packumentCache corgi:https://registry.npmjs.org/nth-check cache-miss
1323 silly packumentCache corgi:https://registry.npmjs.org/on-headers cache-miss
1324 silly packumentCache corgi:https://registry.npmjs.org/parsejson cache-miss
1325 silly packumentCache corgi:https://registry.npmjs.org/parseuri cache-miss
1326 silly packumentCache corgi:https://registry.npmjs.org/path-parse cache-miss
1327 silly packumentCache corgi:https://registry.npmjs.org/path-to-regexp cache-miss
1328 silly packumentCache corgi:https://registry.npmjs.org/pbkdf2 cache-miss
1329 silly packumentCache corgi:https://registry.npmjs.org/postcss cache-miss
1330 silly packumentCache corgi:https://registry.npmjs.org/y18n cache-miss
1331 silly packumentCache corgi:https://registry.npmjs.org/scss-tokenizer cache-miss
1332 silly packumentCache corgi:https://registry.npmjs.org/tmp cache-miss
1333 silly packumentCache corgi:https://registry.npmjs.org/send cache-miss
1334 silly packumentCache corgi:https://registry.npmjs.org/serialize-javascript cache-miss
1335 silly packumentCache corgi:https://registry.npmjs.org/serve-static cache-miss
1336 silly packumentCache corgi:https://registry.npmjs.org/set-value cache-miss
1337 silly packumentCache corgi:https://registry.npmjs.org/sha.js cache-miss
1338 silly packumentCache corgi:https://registry.npmjs.org/socket.io cache-miss
1339 silly packumentCache corgi:https://registry.npmjs.org/socket.io-parser cache-miss
1340 silly packumentCache corgi:https://registry.npmjs.org/sockjs cache-miss
1341 silly packumentCache corgi:https://registry.npmjs.org/ssri cache-miss
1342 silly packumentCache corgi:https://registry.npmjs.org/tough-cookie cache-miss
1343 silly packumentCache corgi:https://registry.npmjs.org/tree-kill cache-miss
1344 silly packumentCache corgi:https://registry.npmjs.org/trim-newlines cache-miss
1345 silly packumentCache corgi:https://registry.npmjs.org/url-parse cache-miss
1346 silly packumentCache corgi:https://registry.npmjs.org/useragent cache-miss
1347 silly packumentCache corgi:https://registry.npmjs.org/xml2js cache-miss
1348 silly packumentCache corgi:https://registry.npmjs.org/webpack-dev-middleware cache-miss
1349 silly packumentCache corgi:https://registry.npmjs.org/webpack-dev-server cache-miss
1350 silly packumentCache corgi:https://registry.npmjs.org/websocket-extensions cache-miss
1351 silly packumentCache corgi:https://registry.npmjs.org/ws cache-miss
1352 silly packumentCache corgi:https://registry.npmjs.org/xmlhttprequest-ssl cache-miss
1353 silly packumentCache corgi:https://registry.npmjs.org/fsevents cache-miss
1354 http fetch GET 200 https://registry.npmjs.org/wrappy/-/wrappy-1.0.2.tgz 5615ms (cache miss)
1355 http fetch GET 200 https://registry.npmjs.org/which-module/-/which-module-1.0.0.tgz 5600ms (cache miss)
1356 http fetch GET 200 https://registry.npmjs.org/webpack-log/-/webpack-log-1.2.0.tgz 5588ms (cache miss)
1357 http fetch GET 200 https://registry.npmjs.org/webpack-dev-middleware/-/webpack-dev-middleware-3.1.3.tgz 5583ms (cache miss)
1358 http fetch GET 200 https://registry.npmjs.org/wrap-ansi/-/wrap-ansi-2.1.0.tgz 5705ms (cache miss)
1359 http fetch GET 200 https://registry.npmjs.org/yn/-/yn-2.0.0.tgz 5730ms (cache miss)
1360 http fetch GET 200 https://registry.npmjs.org/yallist/-/yallist-2.1.2.tgz 5728ms (cache miss)
1361 http fetch GET 200 https://registry.npmjs.org/wtf-8/-/wtf-8-1.0.0.tgz 5716ms (cache miss)
1362 http fetch GET 200 https://registry.npmjs.org/void-elements/-/void-elements-2.0.1.tgz 5672ms (cache miss)
1363 http fetch GET 200 https://registry.npmjs.org/validate-npm-package-license/-/validate-npm-package-license-3.0.3.tgz 5664ms (cache miss)
1364 http fetch GET 200 https://registry.npmjs.org/utils-merge/-/utils-merge-1.0.1.tgz 5667ms (cache miss)
1365 http fetch GET 200 https://registry.npmjs.org/unique-slug/-/unique-slug-2.0.0.tgz 5634ms (cache miss)
1366 http fetch GET 200 https://registry.npmjs.org/uglify-to-browserify/-/uglify-to-browserify-1.0.2.tgz 5627ms (cache miss)
1367 http fetch GET 200 https://registry.npmjs.org/xtend/-/xtend-4.0.1.tgz 5807ms (cache miss)
1368 http fetch GET 200 https://registry.npmjs.org/window-size/-/window-size-0.1.0.tgz 5783ms (cache miss)
1369 http fetch GET 200 https://registry.npmjs.org/wide-align/-/wide-align-1.1.3.tgz 5783ms (cache miss)
1370 http fetch GET 200 https://registry.npmjs.org/which/-/which-1.3.1.tgz 5779ms (cache miss)
1371 http fetch GET 200 https://registry.npmjs.org/y18n/-/y18n-4.0.0.tgz 5817ms (cache miss)
1372 http fetch GET 200 https://registry.npmjs.org/websocket-extensions/-/websocket-extensions-0.1.3.tgz 5777ms (cache miss)
1373 http fetch GET 200 https://registry.npmjs.org/util-deprecate/-/util-deprecate-1.0.2.tgz 5741ms (cache miss)
1374 http fetch GET 200 https://registry.npmjs.org/wbuf/-/wbuf-1.7.3.tgz 5760ms (cache miss)
1375 http fetch GET 200 https://registry.npmjs.org/vary/-/vary-1.1.2.tgz 5754ms (cache miss)
1376 http fetch GET 200 https://registry.npmjs.org/urix/-/urix-0.1.0.tgz 5723ms (cache miss)
1377 http fetch GET 200 https://registry.npmjs.org/url-loader/-/url-loader-1.0.1.tgz 5738ms (cache miss)
1378 http fetch GET 200 https://registry.npmjs.org/upper-case/-/upper-case-1.1.3.tgz 5722ms (cache miss)
1379 http fetch GET 200 https://registry.npmjs.org/unset-value/-/unset-value-1.0.0.tgz 5721ms (cache miss)
1380 http fetch GET 200 https://registry.npmjs.org/yeast/-/yeast-0.1.2.tgz 5902ms (cache miss)
1381 http fetch GET 200 https://registry.npmjs.org/watchpack/-/watchpack-1.6.0.tgz 5851ms (cache miss)
1382 http fetch GET 200 https://registry.npmjs.org/validate-npm-package-name/-/validate-npm-package-name-3.0.0.tgz 5845ms (cache miss)
1383 http fetch GET 200 https://registry.npmjs.org/use/-/use-3.1.1.tgz 5834ms (cache miss)
1384 http fetch GET 200 https://registry.npmjs.org/unpipe/-/unpipe-1.0.0.tgz 5812ms (cache miss)
1385 http fetch GET 200 https://registry.npmjs.org/unique-filename/-/unique-filename-1.1.0.tgz 5808ms (cache miss)
1386 http fetch GET 200 https://registry.npmjs.org/xml2js/-/xml2js-0.4.19.tgz 5992ms (cache miss)
1387 http fetch GET 200 https://registry.npmjs.org/vm-browserify/-/vm-browserify-0.0.4.tgz 5942ms (cache miss)
1388 http fetch GET 200 https://registry.npmjs.org/util.promisify/-/util.promisify-1.0.0.tgz 5932ms (cache miss)
1389 http fetch GET 200 https://registry.npmjs.org/url-join/-/url-join-4.0.0.tgz 5912ms (cache miss)
1390 http fetch GET 200 https://registry.npmjs.org/union-value/-/union-value-1.0.0.tgz 5901ms (cache miss)
1391 http fetch GET 200 https://registry.npmjs.org/typedarray/-/typedarray-0.0.6.tgz 5894ms (cache miss)
1392 http fetch GET 200 https://registry.npmjs.org/tty-browserify/-/tty-browserify-0.0.0.tgz 5890ms (cache miss)
1393 http fetch GET 200 https://registry.npmjs.org/trim-right/-/trim-right-1.0.1.tgz 5875ms (cache miss)
1394 http fetch GET 200 https://registry.npmjs.org/util/-/util-0.10.4.tgz 6016ms (cache miss)
1395 http fetch GET 200 https://registry.npmjs.org/upath/-/upath-1.1.0.tgz 5998ms (cache miss)
1396 http fetch GET 200 https://registry.npmjs.org/type-check/-/type-check-0.3.2.tgz 5977ms (cache miss)
1397 http fetch GET 200 https://registry.npmjs.org/type-is/-/type-is-1.6.16.tgz 5981ms (cache miss)
1398 http fetch GET 200 https://registry.npmjs.org/true-case-path/-/true-case-path-1.0.2.tgz 5970ms (cache miss)
1399 http fetch GET 200 https://registry.npmjs.org/yargs-parser/-/yargs-parser-5.0.0.tgz 6196ms (cache miss)
1400 http fetch GET 200 https://registry.npmjs.org/tunnel-agent/-/tunnel-agent-0.6.0.tgz 6075ms (cache miss)
1401 http fetch GET 200 https://registry.npmjs.org/to-object-path/-/to-object-path-0.3.0.tgz 6053ms (cache miss)
1402 http fetch GET 200 https://registry.npmjs.org/to-regex/-/to-regex-3.0.2.tgz 6057ms (cache miss)
1403 http fetch GET 200 https://registry.npmjs.org/trim-newlines/-/trim-newlines-1.0.0.tgz 6063ms (cache miss)
1404 http fetch GET 200 https://registry.npmjs.org/to-regex-range/-/to-regex-range-2.1.1.tgz 6061ms (cache miss)
1405 http fetch GET 200 https://registry.npmjs.org/through2/-/through2-2.0.3.tgz 6052ms (cache miss)
1406 http fetch GET 200 https://registry.npmjs.org/to-fast-properties/-/to-fast-properties-1.0.3.tgz 6060ms (cache miss)
1407 http fetch GET 200 https://registry.npmjs.org/tree-kill/-/tree-kill-1.2.0.tgz 6177ms (cache miss)
1408 http fetch GET 200 https://registry.npmjs.org/thunky/-/thunky-1.0.2.tgz 6159ms (cache miss)
1409 http fetch GET 200 https://registry.npmjs.org/to-arraybuffer/-/to-arraybuffer-1.0.1.tgz 6167ms (cache miss)
1410 http fetch GET 200 https://registry.npmjs.org/to-array/-/to-array-0.1.4.tgz 6167ms (cache miss)
1411 http fetch GET 200 https://registry.npmjs.org/strip-eof/-/strip-eof-1.0.0.tgz 6146ms (cache miss)
1412 http fetch GET 200 https://registry.npmjs.org/stringstream/-/stringstream-0.0.6.tgz 6143ms (cache miss)
1413 http fetch GET 200 https://registry.npmjs.org/ultron/-/ultron-1.0.2.tgz 6301ms (cache miss)
1414 http fetch GET 200 https://registry.npmjs.org/tslib/-/tslib-1.9.3.tgz 6289ms (cache miss)
1415 http fetch GET 200 https://registry.npmjs.org/tmp/-/tmp-0.0.31.tgz 6261ms (cache miss)
1416 http fetch GET 200 https://registry.npmjs.org/timers-browserify/-/timers-browserify-2.0.10.tgz 6261ms (cache miss)
1417 http fetch GET 200 https://registry.npmjs.org/symbol-observable/-/symbol-observable-1.2.0.tgz 6252ms (cache miss)
1418 http fetch GET 200 https://registry.npmjs.org/text-table/-/text-table-0.2.0.tgz 6253ms (cache miss)
1419 http fetch GET 200 https://registry.npmjs.org/stylus-loader/-/stylus-loader-3.0.2.tgz 6246ms (cache miss)
1420 http fetch GET 200 https://registry.npmjs.org/stdout-stream/-/stdout-stream-1.4.0.tgz 6223ms (cache miss)
1421 http fetch GET 200 https://registry.npmjs.org/through/-/through-2.3.8.tgz 6314ms (cache miss)
1422 http fetch GET 200 https://registry.npmjs.org/style-loader/-/style-loader-0.21.0.tgz 6301ms (cache miss)
1423 http fetch GET 200 https://registry.npmjs.org/stream-shift/-/stream-shift-1.0.0.tgz 6291ms (cache miss)
1424 http fetch GET 200 https://registry.npmjs.org/strip-indent/-/strip-indent-1.0.1.tgz 6301ms (cache miss)
1425 http fetch GET 200 https://registry.npmjs.org/strip-bom/-/strip-bom-2.0.0.tgz 6299ms (cache miss)
1426 http fetch GET 200 https://registry.npmjs.org/string-width/-/string-width-1.0.2.tgz 6294ms (cache miss)
1427 http fetch GET 200 https://registry.npmjs.org/strip-ansi/-/strip-ansi-3.0.1.tgz 6298ms (cache miss)
1428 http fetch GET 200 https://registry.npmjs.org/spdx-expression-parse/-/spdx-expression-parse-3.0.0.tgz 6264ms (cache miss)
1429 http fetch GET 200 https://registry.npmjs.org/spdx-exceptions/-/spdx-exceptions-2.1.0.tgz 6266ms (cache miss)
1430 http fetch GET 200 https://registry.npmjs.org/socket.io-adapter/-/socket.io-adapter-0.5.0.tgz 6250ms (cache miss)
1431 http fetch GET 200 https://registry.npmjs.org/xmlhttprequest-ssl/-/xmlhttprequest-ssl-1.5.3.tgz 6551ms (cache miss)
1432 http fetch GET 200 https://registry.npmjs.org/webpack-sources/-/webpack-sources-1.1.0.tgz 6510ms (cache miss)
1433 http fetch GET 200 https://registry.npmjs.org/webpack-merge/-/webpack-merge-4.1.3.tgz 6511ms (cache miss)
1434 http fetch GET 200 https://registry.npmjs.org/toposort/-/toposort-1.0.7.tgz 6417ms (cache miss)
1435 http fetch GET 200 https://registry.npmjs.org/supports-color/-/supports-color-5.4.0.tgz 6396ms (cache miss)
1436 http fetch GET 200 https://registry.npmjs.org/stream-each/-/stream-each-1.2.2.tgz 6372ms (cache miss)
1437 http fetch GET 200 https://registry.npmjs.org/static-extend/-/static-extend-0.1.2.tgz 6364ms (cache miss)
1438 http fetch GET 200 https://registry.npmjs.org/stream-browserify/-/stream-browserify-2.0.1.tgz 6371ms (cache miss)
1439 http fetch GET 200 https://registry.npmjs.org/spdx-license-ids/-/spdx-license-ids-3.0.0.tgz 6353ms (cache miss)
1440 http fetch GET 200 https://registry.npmjs.org/silent-error/-/silent-error-1.1.0.tgz 6320ms (cache miss)
1441 http fetch GET 200 https://registry.npmjs.org/wordwrap/-/wordwrap-1.0.0.tgz 6588ms (cache miss)
1442 http fetch GET 200 https://registry.npmjs.org/url/-/url-0.11.0.tgz 6526ms (cache miss)
1443 http fetch GET 200 https://registry.npmjs.org/statuses/-/statuses-1.4.0.tgz 6421ms (cache miss)
1444 http fetch GET 200 https://registry.npmjs.org/string_decoder/-/string_decoder-1.1.1.tgz 6436ms (cache miss)
1445 http fetch GET 200 https://registry.npmjs.org/spdx-correct/-/spdx-correct-3.0.0.tgz 6405ms (cache miss)
1446 http fetch GET 200 https://registry.npmjs.org/semver-intersect/-/semver-intersect-1.3.1.tgz 6348ms (cache miss)
1447 http fetch GET 200 https://registry.npmjs.org/setimmediate/-/setimmediate-1.0.5.tgz 6360ms (cache miss)
1448 http fetch GET 200 https://registry.npmjs.org/utila/-/utila-0.4.0.tgz 6622ms (cache miss)
1449 http fetch GET 200 https://registry.npmjs.org/split-string/-/split-string-3.1.0.tgz 6486ms (cache miss)
1450 http fetch GET 200 https://registry.npmjs.org/source-list-map/-/source-list-map-2.0.0.tgz 6474ms (cache miss)
1451 http fetch GET 200 https://registry.npmjs.org/socket.io/-/socket.io-1.7.3.tgz 6465ms (cache miss)
1452 http fetch GET 200 https://registry.npmjs.org/snapdragon-node/-/snapdragon-node-2.1.1.tgz 6450ms (cache miss)
1453 http fetch GET 200 https://registry.npmjs.org/shebang-regex/-/shebang-regex-1.0.0.tgz 6443ms (cache miss)
1454 http fetch GET 200 https://registry.npmjs.org/source-map-url/-/source-map-url-0.4.0.tgz 6529ms (cache miss)
1455 http fetch GET 200 https://registry.npmjs.org/sntp/-/sntp-1.0.9.tgz 6513ms (cache miss)
1456 http fetch GET 200 https://registry.npmjs.org/socket.io-parser/-/socket.io-parser-2.3.1.tgz 6521ms (cache miss)
1457 http fetch GET 200 https://registry.npmjs.org/snapdragon-util/-/snapdragon-util-3.0.1.tgz 6506ms (cache miss)
1458 http fetch GET 200 https://registry.npmjs.org/snapdragon/-/snapdragon-0.8.2.tgz 6505ms (cache miss)
1459 http fetch GET 200 https://registry.npmjs.org/signal-exit/-/signal-exit-3.0.2.tgz 6497ms (cache miss)
1460 http fetch GET 200 https://registry.npmjs.org/set-immediate-shim/-/set-immediate-shim-1.0.1.tgz 6484ms (cache miss)
1461 http fetch GET 200 https://registry.npmjs.org/set-blocking/-/set-blocking-2.0.0.tgz 6484ms (cache miss)
1462 http fetch GET 200 https://registry.npmjs.org/uuid/-/uuid-3.3.2.tgz 6747ms (cache miss)
1463 http fetch GET 200 https://registry.npmjs.org/shallow-clone/-/shallow-clone-1.0.0.tgz 6558ms (cache miss)
1464 http fetch GET 200 https://registry.npmjs.org/slash/-/slash-1.0.0.tgz 6565ms (cache miss)
1465 http fetch GET 200 https://registry.npmjs.org/slide/-/slide-1.1.6.tgz 6568ms (cache miss)
1466 http fetch GET 200 https://registry.npmjs.org/shebang-command/-/shebang-command-1.2.0.tgz 6561ms (cache miss)
1467 http fetch GET 200 https://registry.npmjs.org/send/-/send-0.16.2.tgz 6545ms (cache miss)
1468 http fetch GET 200 https://registry.npmjs.org/webpack-core/-/webpack-core-0.6.9.tgz 6819ms (cache miss)
1469 http fetch GET 200 https://registry.npmjs.org/verror/-/verror-1.10.0.tgz 6810ms (cache miss)
1470 http fetch GET 200 https://registry.npmjs.org/url-parse/-/url-parse-1.4.1.tgz 6792ms (cache miss)
1471 http fetch GET 200 https://registry.npmjs.org/set-value/-/set-value-2.0.0.tgz 6612ms (cache miss)
1472 http fetch GET 200 https://registry.npmjs.org/serve-static/-/serve-static-1.13.2.tgz 6608ms (cache miss)
1473 http fetch GET 200 https://registry.npmjs.org/setprototypeof/-/setprototypeof-1.1.0.tgz 6619ms (cache miss)
1474 http fetch GET 200 https://registry.npmjs.org/schema-utils/-/schema-utils-0.4.5.tgz 6594ms (cache miss)
1475 http fetch GET 200 https://registry.npmjs.org/select-hose/-/select-hose-2.0.0.tgz 6596ms (cache miss)
1476 http fetch GET 200 https://registry.npmjs.org/scss-tokenizer/-/scss-tokenizer-0.2.3.tgz 6600ms (cache miss)
1477 http fetch GET 200 https://registry.npmjs.org/safe-buffer/-/safe-buffer-5.1.2.tgz 6586ms (cache miss)
1478 http fetch GET 200 https://registry.npmjs.org/sass-loader/-/sass-loader-7.0.3.tgz 6585ms (cache miss)
1479 http fetch GET 200 https://registry.npmjs.org/source-map-support/-/source-map-support-0.5.6.tgz 6736ms (cache miss)
1480 http fetch GET 200 https://registry.npmjs.org/selfsigned/-/selfsigned-1.10.3.tgz 6678ms (cache miss)
1481 http fetch GET 200 https://registry.npmjs.org/semver-dsl/-/semver-dsl-1.0.1.tgz 6682ms (cache miss)
1482 http fetch GET 200 https://registry.npmjs.org/rimraf/-/rimraf-2.6.2.tgz 6648ms (cache miss)
1483 http fetch GET 200 https://registry.npmjs.org/right-align/-/right-align-0.1.3.tgz 6651ms (cache miss)
1484 http fetch GET 200 https://registry.npmjs.org/sprintf-js/-/sprintf-js-1.0.3.tgz 6825ms (cache miss)
1485 http fetch GET 200 https://registry.npmjs.org/serialize-javascript/-/serialize-javascript-1.5.0.tgz 6763ms (cache miss)
1486 http fetch GET 200 https://registry.npmjs.org/semver/-/semver-5.5.0.tgz 6757ms (cache miss)
1487 http fetch GET 200 https://registry.npmjs.org/resolve-from/-/resolve-from-3.0.0.tgz 6719ms (cache miss)
1488 http fetch GET 200 https://registry.npmjs.org/require-from-string/-/require-from-string-2.0.2.tgz 6716ms (cache miss)
1489 http fetch GET 200 https://registry.npmjs.org/resolve-cwd/-/resolve-cwd-2.0.0.tgz 6718ms (cache miss)
1490 http fetch GET 200 https://registry.npmjs.org/tough-cookie/-/tough-cookie-2.3.4.tgz 6954ms (cache miss)
1491 http fetch GET 200 https://registry.npmjs.org/spdy/-/spdy-3.4.7.tgz 6885ms (cache miss)
1492 http fetch GET 200 https://registry.npmjs.org/sha.js/-/sha.js-2.4.11.tgz 6834ms (cache miss)
1493 http fetch GET 200 https://registry.npmjs.org/sass-graph/-/sass-graph-2.2.4.tgz 6807ms (cache miss)
1494 http fetch GET 200 https://registry.npmjs.org/safer-buffer/-/safer-buffer-2.1.2.tgz 6796ms (cache miss)
1495 http fetch GET 200 https://registry.npmjs.org/safe-regex/-/safe-regex-1.1.0.tgz 6794ms (cache miss)
1496 http fetch GET 200 https://registry.npmjs.org/ripemd160/-/ripemd160-2.0.2.tgz 6790ms (cache miss)
1497 http fetch GET 200 https://registry.npmjs.org/run-queue/-/run-queue-1.0.3.tgz 6791ms (cache miss)
1498 http fetch GET 200 https://registry.npmjs.org/ret/-/ret-0.1.15.tgz 6784ms (cache miss)
1499 http fetch GET 200 https://registry.npmjs.org/require-main-filename/-/require-main-filename-1.0.1.tgz 6777ms (cache miss)
1500 http fetch GET 200 https://registry.npmjs.org/worker-farm/-/worker-farm-1.6.0.tgz 7140ms (cache miss)
1501 http fetch GET 200 https://registry.npmjs.org/uglifyjs-webpack-plugin/-/uglifyjs-webpack-plugin-1.2.7.tgz 7057ms (cache miss)
1502 http fetch GET 200 https://registry.npmjs.org/resolve-url/-/resolve-url-0.2.1.tgz 6859ms (cache miss)
1503 http fetch GET 200 https://registry.npmjs.org/requires-port/-/requires-port-1.0.0.tgz 6853ms (cache miss)
1504 http fetch GET 200 https://registry.npmjs.org/require-directory/-/require-directory-2.1.1.tgz 6850ms (cache miss)
1505 http fetch GET 200 https://registry.npmjs.org/regex-not/-/regex-not-1.0.2.tgz 6833ms (cache miss)
1506 http fetch GET 200 https://registry.npmjs.org/regex-cache/-/regex-cache-0.4.4.tgz 6819ms (cache miss)
1507 http fetch GET 200 https://registry.npmjs.org/repeat-string/-/repeat-string-1.6.1.tgz 6848ms (cache miss)
1508 http fetch GET 200 https://registry.npmjs.org/regenerator-runtime/-/regenerator-runtime-0.11.1.tgz 6817ms (cache miss)
1509 http fetch GET 200 https://registry.npmjs.org/regexpu-core/-/regexpu-core-1.0.0.tgz 6838ms (cache miss)
1510 http fetch GET 200 https://registry.npmjs.org/raw-loader/-/raw-loader-0.5.1.tgz 6802ms (cache miss)
1511 http fetch GET 200 https://registry.npmjs.org/ssri/-/ssri-5.3.0.tgz 7046ms (cache miss)
1512 http fetch GET 200 https://registry.npmjs.org/repeat-element/-/repeat-element-1.1.2.tgz 6916ms (cache miss)
1513 http fetch GET 200 https://registry.npmjs.org/regjsparser/-/regjsparser-0.1.5.tgz 6910ms (cache miss)
1514 http fetch GET 200 https://registry.npmjs.org/repeating/-/repeating-2.0.1.tgz 6921ms (cache miss)
1515 http fetch GET 200 https://registry.npmjs.org/regjsgen/-/regjsgen-0.2.0.tgz 6904ms (cache miss)
1516 http fetch GET 200 https://registry.npmjs.org/readdirp/-/readdirp-2.1.0.tgz 6878ms (cache miss)
1517 http fetch GET 200 https://registry.npmjs.org/punycode/-/punycode-2.1.1.tgz 6847ms (cache miss)
1518 http fetch GET 200 https://registry.npmjs.org/remove-trailing-separator/-/remove-trailing-separator-1.1.0.tgz 6966ms (cache miss)
1519 http fetch GET 200 https://registry.npmjs.org/read-pkg/-/read-pkg-1.1.0.tgz 6922ms (cache miss)
1520 http fetch GET 200 https://registry.npmjs.org/randomfill/-/randomfill-1.0.4.tgz 6921ms (cache miss)
1521 http fetch GET 200 https://registry.npmjs.org/process-nextick-args/-/process-nextick-args-2.0.0.tgz 6872ms (cache miss)
1522 http fetch GET 200 https://registry.npmjs.org/public-encrypt/-/public-encrypt-4.0.2.tgz 6894ms (cache miss)
1523 http fetch GET 200 https://registry.npmjs.org/stats-webpack-plugin/-/stats-webpack-plugin-0.6.2.tgz 7177ms (cache miss)
1524 http fetch GET 200 https://registry.npmjs.org/redent/-/redent-1.0.0.tgz 7017ms (cache miss)
1525 http fetch GET 200 https://registry.npmjs.org/read-pkg-up/-/read-pkg-up-1.0.1.tgz 7012ms (cache miss)
1526 http fetch GET 200 https://registry.npmjs.org/querystring-es3/-/querystring-es3-0.2.1.tgz 6994ms (cache miss)
1527 http fetch GET 200 https://registry.npmjs.org/read-cache/-/read-cache-1.0.0.tgz 7011ms (cache miss)
1528 http fetch GET 200 https://registry.npmjs.org/raw-body/-/raw-body-2.3.2.tgz 7007ms (cache miss)
1529 http fetch GET 200 https://registry.npmjs.org/prr/-/prr-1.0.1.tgz 6976ms (cache miss)
1530 http fetch GET 200 https://registry.npmjs.org/querystring/-/querystring-0.2.0.tgz 6991ms (cache miss)
1531 http fetch GET 200 https://registry.npmjs.org/qjobs/-/qjobs-1.2.0.tgz 6988ms (cache miss)
1532 http fetch GET 200 https://registry.npmjs.org/postcss-load-config/-/postcss-load-config-2.0.0.tgz 6940ms (cache miss)
1533 http fetch GET 200 https://registry.npmjs.org/source-map-resolve/-/source-map-resolve-0.5.2.tgz 7224ms (cache miss)
1534 http fetch GET 200 https://registry.npmjs.org/regenerate/-/regenerate-1.4.0.tgz 7084ms (cache miss)
1535 http fetch GET 200 https://registry.npmjs.org/randombytes/-/randombytes-2.0.6.tgz 7062ms (cache miss)
1536 http fetch GET 200 https://registry.npmjs.org/randomatic/-/randomatic-3.0.0.tgz 7061ms (cache miss)
1537 http fetch GET 200 https://registry.npmjs.org/querystringify/-/querystringify-2.0.0.tgz 7060ms (cache miss)
1538 http fetch GET 200 https://registry.npmjs.org/pump/-/pump-2.0.1.tgz 7041ms (cache miss)
1539 http fetch GET 200 https://registry.npmjs.org/pkg-dir/-/pkg-dir-2.0.0.tgz 6992ms (cache miss)
1540 http fetch GET 200 https://registry.npmjs.org/retry/-/retry-0.10.1.tgz 7199ms (cache miss)
1541 http fetch GET 200 https://registry.npmjs.org/q/-/q-1.4.1.tgz 7112ms (cache miss)
1542 http fetch GET 200 https://registry.npmjs.org/range-parser/-/range-parser-1.2.0.tgz 7116ms (cache miss)
1543 http fetch GET 200 https://registry.npmjs.org/pumpify/-/pumpify-1.5.1.tgz 7109ms (cache miss)
1544 http fetch GET 200 https://registry.npmjs.org/process/-/process-0.11.10.tgz 7080ms (cache miss)
1545 http fetch GET 200 https://registry.npmjs.org/proxy-addr/-/proxy-addr-2.0.3.tgz 7099ms (cache miss)
1546 http fetch GET 200 https://registry.npmjs.org/posix-character-classes/-/posix-character-classes-0.1.1.tgz 7059ms (cache miss)
1547 http fetch GET 200 https://registry.npmjs.org/postcss-value-parser/-/postcss-value-parser-3.3.0.tgz 7071ms (cache miss)
1548 http fetch GET 200 https://registry.npmjs.org/postcss-loader/-/postcss-loader-2.1.6.tgz 7069ms (cache miss)
1549 http fetch GET 200 https://registry.npmjs.org/path-is-absolute/-/path-is-absolute-1.0.1.tgz 7036ms (cache miss)
1550 http fetch GET 200 https://registry.npmjs.org/yargs/-/yargs-3.10.0.tgz 7580ms (cache miss)
1551 http fetch GET 200 https://registry.npmjs.org/ts-node/-/ts-node-5.0.1.tgz 7445ms (cache miss)
1552 http fetch GET 200 https://registry.npmjs.org/pseudomap/-/pseudomap-1.0.2.tgz 7161ms (cache miss)
1553 http fetch GET 200 https://registry.npmjs.org/promise-inflight/-/promise-inflight-1.0.1.tgz 7159ms (cache miss)
1554 http fetch GET 200 https://registry.npmjs.org/prelude-ls/-/prelude-ls-1.1.2.tgz 7136ms (cache miss)
1555 http fetch GET 200 https://registry.npmjs.org/pify/-/pify-3.0.0.tgz 7112ms (cache miss)
1556 http fetch GET 200 https://registry.npmjs.org/portfinder/-/portfinder-1.0.13.tgz 7118ms (cache miss)
1557 http fetch GET 200 https://registry.npmjs.org/pinkie/-/pinkie-2.0.4.tgz 7115ms (cache miss)
1558 http fetch GET 200 https://registry.npmjs.org/parse-glob/-/parse-glob-3.0.4.tgz 7080ms (cache miss)
1559 http fetch GET 200 https://registry.npmjs.org/parseurl/-/parseurl-1.3.2.tgz 7090ms (cache miss)
1560 http fetch GET 200 https://registry.npmjs.org/saucelabs/-/saucelabs-1.5.0.tgz 7366ms (cache miss)
1561 http fetch GET 200 https://registry.npmjs.org/preserve/-/preserve-0.2.0.tgz 7216ms (cache miss)
1562 http fetch GET 200 https://registry.npmjs.org/pinkie-promise/-/pinkie-promise-2.0.1.tgz 7192ms (cache miss)
1563 http fetch GET 200 https://registry.npmjs.org/pbkdf2/-/pbkdf2-3.0.16.tgz 7185ms (cache miss)
1564 http fetch GET 200 https://registry.npmjs.org/performance-now/-/performance-now-2.1.0.tgz 7187ms (cache miss)
1565 http fetch GET 200 https://registry.npmjs.org/path-type/-/path-type-3.0.0.tgz 7184ms (cache miss)
1566 http fetch GET 200 https://registry.npmjs.org/path-is-inside/-/path-is-inside-1.0.2.tgz 7178ms (cache miss)
1567 http fetch GET 200 https://registry.npmjs.org/path-dirname/-/path-dirname-1.0.2.tgz 7174ms (cache miss)
1568 http fetch GET 200 https://registry.npmjs.org/path-exists/-/path-exists-3.0.0.tgz 7175ms (cache miss)
1569 http fetch GET 200 https://registry.npmjs.org/parseqs/-/parseqs-0.0.5.tgz 7160ms (cache miss)
1570 http fetch GET 200 https://registry.npmjs.org/p-try/-/p-try-1.0.0.tgz 7148ms (cache miss)
1571 http fetch GET 200 https://registry.npmjs.org/p-map/-/p-map-1.2.0.tgz 7146ms (cache miss)
1572 http fetch GET 200 https://registry.npmjs.org/path-browserify/-/path-browserify-0.0.0.tgz 7251ms (cache miss)
1573 http fetch GET 200 https://registry.npmjs.org/pascalcase/-/pascalcase-0.1.1.tgz 7251ms (cache miss)
1574 http fetch GET 200 https://registry.npmjs.org/parsejson/-/parsejson-0.0.3.tgz 7240ms (cache miss)
1575 http fetch GET 200 https://registry.npmjs.org/parse-json/-/parse-json-2.2.0.tgz 7233ms (cache miss)
1576 http fetch GET 200 https://registry.npmjs.org/parseuri/-/parseuri-0.0.5.tgz 7244ms (cache miss)
1577 http fetch GET 200 https://registry.npmjs.org/osenv/-/osenv-0.1.5.tgz 7220ms (cache miss)
1578 http fetch GET 200 https://registry.npmjs.org/p-limit/-/p-limit-1.3.0.tgz 7225ms (cache miss)
1579 http fetch GET 200 https://registry.npmjs.org/postcss-url/-/postcss-url-7.3.2.tgz 7384ms (cache miss)
1580 http fetch GET 200 https://registry.npmjs.org/path-to-regexp/-/path-to-regexp-0.1.7.tgz 7353ms (cache miss)
1581 http fetch GET 200 https://registry.npmjs.org/path-key/-/path-key-2.0.1.tgz 7349ms (cache miss)
1582 http fetch GET 200 https://registry.npmjs.org/parallel-transform/-/parallel-transform-1.1.0.tgz 7322ms (cache miss)
1583 http fetch GET 200 https://registry.npmjs.org/os-locale/-/os-locale-1.4.0.tgz 7311ms (cache miss)
1584 http fetch GET 200 https://registry.npmjs.org/websocket-driver/-/websocket-driver-0.7.0.tgz 7848ms (cache miss)
1585 http fetch GET 200 https://registry.npmjs.org/useragent/-/useragent-2.3.0.tgz 7817ms (cache miss)
1586 http fetch GET 200 https://registry.npmjs.org/path-parse/-/path-parse-1.0.5.tgz 7416ms (cache miss)
1587 http fetch GET 200 https://registry.npmjs.org/p-finally/-/p-finally-1.0.0.tgz 7377ms (cache miss)
1588 http fetch GET 200 https://registry.npmjs.org/os-tmpdir/-/os-tmpdir-1.0.2.tgz 7374ms (cache miss)
1589 http fetch GET 200 https://registry.npmjs.org/optionator/-/optionator-0.8.2.tgz 7368ms (cache miss)
1590 http fetch GET 200 https://registry.npmjs.org/on-headers/-/on-headers-1.0.1.tgz 7360ms (cache miss)
1591 http fetch GET 200 https://registry.npmjs.org/on-finished/-/on-finished-2.3.0.tgz 7358ms (cache miss)
1592 http fetch GET 200 https://registry.npmjs.org/tweetnacl/-/tweetnacl-0.14.5.tgz 7856ms (cache miss)
1593 http fetch GET 200 https://registry.npmjs.org/postcss-import/-/postcss-import-11.1.0.tgz 7524ms (cache miss)
1594 http fetch GET 200 https://registry.npmjs.org/options/-/options-0.0.6.tgz 7452ms (cache miss)
1595 http fetch GET 200 https://registry.npmjs.org/optimist/-/optimist-0.6.1.tgz 7450ms (cache miss)
1596 http fetch GET 200 https://registry.npmjs.org/original/-/original-1.0.1.tgz 7457ms (cache miss)
1597 http fetch GET 200 https://registry.npmjs.org/opn/-/opn-5.3.0.tgz 7450ms (cache miss)
1598 http fetch GET 200 https://registry.npmjs.org/os-homedir/-/os-homedir-1.0.2.tgz 7461ms (cache miss)
1599 http fetch GET 200 https://registry.npmjs.org/object.getownpropertydescriptors/-/object.getownpropertydescriptors-2.0.3.tgz 7429ms (cache miss)
1600 http fetch GET 200 https://registry.npmjs.org/object.assign/-/object.assign-4.1.0.tgz 7429ms (cache miss)
1601 http fetch GET 200 https://registry.npmjs.org/object-copy/-/object-copy-0.1.0.tgz 7427ms (cache miss)
1602 http fetch GET 200 https://registry.npmjs.org/object.pick/-/object.pick-1.3.0.tgz 7436ms (cache miss)
1603 http fetch GET 200 https://registry.npmjs.org/relateurl/-/relateurl-0.2.7.tgz 7744ms (cache miss)
1604 http fetch GET 200 https://registry.npmjs.org/p-locate/-/p-locate-2.0.0.tgz 7568ms (cache miss)
1605 http fetch GET 200 https://registry.npmjs.org/once/-/once-1.4.0.tgz 7548ms (cache miss)
1606 http fetch GET 200 https://registry.npmjs.org/obuf/-/obuf-1.1.2.tgz 7545ms (cache miss)
1607 http fetch GET 200 https://registry.npmjs.org/object-component/-/object-component-0.0.3.tgz 7521ms (cache miss)
1608 http fetch GET 200 https://registry.npmjs.org/param-case/-/param-case-2.1.1.tgz 7580ms (cache miss)
1609 http fetch GET 200 https://registry.npmjs.org/ws/-/ws-1.1.2.tgz 8180ms (cache miss)
1610 http fetch GET 200 https://registry.npmjs.org/os-browserify/-/os-browserify-0.3.0.tgz 7672ms (cache miss)
1611 http fetch GET 200 https://registry.npmjs.org/object-assign/-/object-assign-4.1.1.tgz 7638ms (cache miss)
1612 http fetch GET 200 https://registry.npmjs.org/object-keys/-/object-keys-1.0.12.tgz 7637ms (cache miss)
1613 http fetch GET 200 https://registry.npmjs.org/object-visit/-/object-visit-1.0.1.tgz 7646ms (cache miss)
1614 http fetch GET 200 https://registry.npmjs.org/oauth-sign/-/oauth-sign-0.8.2.tgz 7636ms (cache miss)
1615 http fetch GET 200 https://registry.npmjs.org/normalize-path/-/normalize-path-2.1.1.tgz 7620ms (cache miss)
1616 http fetch GET 200 https://registry.npmjs.org/nopt/-/nopt-3.0.6.tgz 7618ms (cache miss)
1617 http fetch GET 200 https://registry.npmjs.org/object.omit/-/object.omit-2.0.1.tgz 7786ms (cache miss)
1618 http fetch GET 200 https://registry.npmjs.org/npm-run-path/-/npm-run-path-2.0.2.tgz 7763ms (cache miss)
1619 http fetch GET 200 https://registry.npmjs.org/null-check/-/null-check-1.0.0.tgz 7769ms (cache miss)
1620 http fetch GET 200 https://registry.npmjs.org/number-is-nan/-/number-is-nan-1.0.1.tgz 7771ms (cache miss)
1621 http fetch GET 200 https://registry.npmjs.org/npmlog/-/npmlog-4.1.2.tgz 7767ms (cache miss)
1622 http fetch GET 200 https://registry.npmjs.org/nth-check/-/nth-check-1.0.1.tgz 7769ms (cache miss)
1623 http fetch GET 200 https://registry.npmjs.org/npm-package-arg/-/npm-package-arg-6.1.0.tgz 7884ms (cache miss)
1624 http fetch GET 200 https://registry.npmjs.org/node-libs-browser/-/node-libs-browser-2.1.0.tgz 7875ms (cache miss)
1625 http fetch GET 200 https://registry.npmjs.org/normalize-package-data/-/normalize-package-data-2.4.0.tgz 7880ms (cache miss)
1626 http fetch GET 200 https://registry.npmjs.org/normalize-range/-/normalize-range-0.1.2.tgz 7882ms (cache miss)
1627 http fetch GET 200 https://registry.npmjs.org/minimist/-/minimist-0.0.8.tgz 7846ms (cache miss)
1628 http fetch GET 200 https://registry.npmjs.org/multicast-dns/-/multicast-dns-6.2.3.tgz 7856ms (cache miss)
1629 http fetch GET 200 https://registry.npmjs.org/num2fraction/-/num2fraction-1.2.2.tgz 7941ms (cache miss)
1630 http fetch GET 200 https://registry.npmjs.org/next-tick/-/next-tick-1.0.0.tgz 7921ms (cache miss)
1631 http fetch GET 200 https://registry.npmjs.org/multicast-dns-service-types/-/multicast-dns-service-types-1.1.0.tgz 7907ms (cache miss)
1632 http fetch GET 200 https://registry.npmjs.org/no-case/-/no-case-2.3.2.tgz 7924ms (cache miss)
1633 http fetch GET 200 https://registry.npmjs.org/negotiator/-/negotiator-0.6.1.tgz 7921ms (cache miss)
1634 http fetch GET 200 https://registry.npmjs.org/mixin-deep/-/mixin-deep-1.3.1.tgz 7895ms (cache miss)
1635 http fetch GET 200 https://registry.npmjs.org/minimalistic-crypto-utils/-/minimalistic-crypto-utils-1.0.1.tgz 7893ms (cache miss)
1636 http fetch GET 200 https://registry.npmjs.org/mimic-fn/-/mimic-fn-1.2.0.tgz 7889ms (cache miss)
1637 http fetch GET 200 https://registry.npmjs.org/xmlbuilder/-/xmlbuilder-9.0.7.tgz 8541ms (cache miss)
1638 http fetch GET 200 https://registry.npmjs.org/ms/-/ms-2.0.0.tgz 7982ms (cache miss)
1639 http fetch GET 200 https://registry.npmjs.org/nanomatch/-/nanomatch-1.2.13.tgz 7998ms (cache miss)
1640 http fetch GET 200 https://registry.npmjs.org/mkdirp/-/mkdirp-0.5.1.tgz 7980ms (cache miss)
1641 http fetch GET 200 https://registry.npmjs.org/mississippi/-/mississippi-2.0.0.tgz 7976ms (cache miss)
1642 http fetch GET 200 https://registry.npmjs.org/mixin-object/-/mixin-object-2.0.1.tgz 7979ms (cache miss)
1643 http fetch GET 200 https://registry.npmjs.org/mime/-/mime-1.6.0.tgz 7963ms (cache miss)
1644 http fetch GET 200 https://registry.npmjs.org/memory-fs/-/memory-fs-0.4.1.tgz 7952ms (cache miss)
1645 http fetch GET 200 https://registry.npmjs.org/mini-css-extract-plugin/-/mini-css-extract-plugin-0.4.1.tgz 8024ms (cache miss)
1646 http fetch GET 200 https://registry.npmjs.org/minimatch/-/minimatch-3.0.4.tgz 8028ms (cache miss)
1647 http fetch GET 200 https://registry.npmjs.org/media-typer/-/media-typer-0.3.0.tgz 8005ms (cache miss)
1648 http fetch GET 200 https://registry.npmjs.org/map-visit/-/map-visit-1.0.0.tgz 8003ms (cache miss)
1649 http fetch GET 200 https://registry.npmjs.org/move-concurrently/-/move-concurrently-1.0.1.tgz 8132ms (cache miss)
1650 http fetch GET 200 https://registry.npmjs.org/mime-types/-/mime-types-2.1.19.tgz 8114ms (cache miss)
1651 http fetch GET 200 https://registry.npmjs.org/methods/-/methods-1.1.2.tgz 8105ms (cache miss)
1652 http fetch GET 200 https://registry.npmjs.org/miller-rabin/-/miller-rabin-4.0.1.tgz 8108ms (cache miss)
1653 http fetch GET 200 https://registry.npmjs.org/meow/-/meow-3.7.0.tgz 8105ms (cache miss)
1654 http fetch GET 200 https://registry.npmjs.org/merge-descriptors/-/merge-descriptors-1.0.1.tgz 8104ms (cache miss)
1655 http fetch GET 200 https://registry.npmjs.org/make-dir/-/make-dir-1.3.0.tgz 8075ms (cache miss)
1656 http fetch GET 200 https://registry.npmjs.org/longest/-/longest-1.0.1.tgz 8066ms (cache miss)
1657 http fetch GET 200 https://registry.npmjs.org/xxhashjs/-/xxhashjs-0.2.2.tgz 8801ms (cache miss)
1658 http fetch GET 200 https://registry.npmjs.org/qs/-/qs-6.5.2.tgz 8409ms (cache miss)
1659 http fetch GET 200 https://registry.npmjs.org/pretty-error/-/pretty-error-2.1.1.tgz 8363ms (cache miss)
1660 http fetch GET 200 https://registry.npmjs.org/map-obj/-/map-obj-1.0.1.tgz 8139ms (cache miss)
1661 http fetch GET 200 https://registry.npmjs.org/micromatch/-/micromatch-3.1.10.tgz 8173ms (cache miss)
1662 http fetch GET 200 https://registry.npmjs.org/math-random/-/math-random-1.0.1.tgz 8159ms (cache miss)
1663 http fetch GET 200 https://registry.npmjs.org/log-symbols/-/log-symbols-2.2.0.tgz 8119ms (cache miss)
1664 http fetch GET 200 https://registry.npmjs.org/request/-/request-2.87.0.tgz 8530ms (cache miss)
1665 http fetch GET 200 https://registry.npmjs.org/minimalistic-assert/-/minimalistic-assert-1.0.1.tgz 8232ms (cache miss)
1666 http fetch GET 200 https://registry.npmjs.org/lower-case/-/lower-case-1.1.4.tgz 8184ms (cache miss)
1667 http fetch GET 200 https://registry.npmjs.org/lru-cache/-/lru-cache-4.1.3.tgz 8180ms (cache miss)
1668 http fetch GET 200 https://registry.npmjs.org/loose-envify/-/loose-envify-1.4.0.tgz 8181ms (cache miss)
1669 http fetch GET 200 https://registry.npmjs.org/lodash.mergewith/-/lodash.mergewith-4.6.1.tgz 8172ms (cache miss)
1670 http fetch GET 200 https://registry.npmjs.org/locate-path/-/locate-path-2.0.0.tgz 8161ms (cache miss)
1671 http fetch GET 200 https://registry.npmjs.org/loader-runner/-/loader-runner-2.3.0.tgz 8160ms (cache miss)
1672 http fetch GET 200 https://registry.npmjs.org/readable-stream/-/readable-stream-2.3.6.tgz 8556ms (cache miss)
1673 http fetch GET 200 https://registry.npmjs.org/mem/-/mem-1.1.0.tgz 8283ms (cache miss)
1674 http fetch GET 200 https://registry.npmjs.org/map-cache/-/map-cache-0.2.2.tgz 8258ms (cache miss)
1675 http fetch GET 200 https://registry.npmjs.org/md5.js/-/md5.js-1.3.4.tgz 8281ms (cache miss)
1676 http fetch GET 200 https://registry.npmjs.org/make-error/-/make-error-1.3.4.tgz 8243ms (cache miss)
1677 http fetch GET 200 https://registry.npmjs.org/lie/-/lie-3.1.1.tgz 8225ms (cache miss)
1678 http fetch GET 200 https://registry.npmjs.org/lazy-cache/-/lazy-cache-1.0.4.tgz 8211ms (cache miss)
1679 http fetch GET 200 https://registry.npmjs.org/lcid/-/lcid-1.0.0.tgz 8221ms (cache miss)
1680 http fetch GET 200 https://registry.npmjs.org/mime-db/-/mime-db-1.35.0.tgz 8362ms (cache miss)
1681 http fetch GET 200 https://registry.npmjs.org/loud-rejection/-/loud-rejection-1.6.0.tgz 8318ms (cache miss)
1682 http fetch GET 200 https://registry.npmjs.org/lodash.debounce/-/lodash.debounce-4.0.8.tgz 8304ms (cache miss)
1683 http fetch GET 200 https://registry.npmjs.org/lodash.clonedeep/-/lodash.clonedeep-4.5.0.tgz 8306ms (cache miss)
1684 http fetch GET 200 https://registry.npmjs.org/karma-source-map-support/-/karma-source-map-support-1.3.0.tgz 8275ms (cache miss)
1685 http fetch GET 200 https://registry.npmjs.org/karma-jasmine/-/karma-jasmine-1.1.2.tgz 8270ms (cache miss)
1686 http fetch GET 200 https://registry.npmjs.org/killable/-/killable-1.0.0.tgz 8272ms (cache miss)
1687 http fetch GET 200 https://registry.npmjs.org/lodash.tail/-/lodash.tail-4.1.1.tgz 8399ms (cache miss)
1688 http fetch GET 200 https://registry.npmjs.org/license-webpack-plugin/-/license-webpack-plugin-1.3.1.tgz 8381ms (cache miss)
1689 http fetch GET 200 https://registry.npmjs.org/levn/-/levn-0.3.0.tgz 8381ms (cache miss)
1690 http fetch GET 200 https://registry.npmjs.org/lodash.assign/-/lodash.assign-4.2.0.tgz 8447ms (cache miss)
1691 http fetch GET 200 https://registry.npmjs.org/load-json-file/-/load-json-file-1.1.0.tgz 8437ms (cache miss)
1692 http fetch GET 200 https://registry.npmjs.org/loader-utils/-/loader-utils-1.1.0.tgz 8444ms (cache miss)
1693 http fetch GET 200 https://registry.npmjs.org/less-loader/-/less-loader-4.1.0.tgz 8433ms (cache miss)
1694 http fetch GET 200 https://registry.npmjs.org/kind-of/-/kind-of-6.0.2.tgz 8421ms (cache miss)
1695 http fetch GET 200 https://registry.npmjs.org/karma-chrome-launcher/-/karma-chrome-launcher-2.2.0.tgz 8411ms (cache miss)
1696 http fetch GET 200 https://registry.npmjs.org/jsesc/-/jsesc-1.3.0.tgz 8394ms (cache miss)
1697 http fetch GET 200 https://registry.npmjs.org/spdy-transport/-/spdy-transport-2.1.0.tgz 8989ms (cache miss)
1698 http fetch GET 200 https://registry.npmjs.org/loglevelnext/-/loglevelnext-1.0.5.tgz 8525ms (cache miss)
1699 http fetch GET 200 https://registry.npmjs.org/leb/-/leb-0.3.0.tgz 8498ms (cache miss)
1700 http fetch GET 200 https://registry.npmjs.org/jsonify/-/jsonify-0.0.0.tgz 8472ms (cache miss)
1701 http fetch GET 200 https://registry.npmjs.org/json5/-/json5-0.5.1.tgz 8469ms (cache miss)
1702 http fetch GET 200 https://registry.npmjs.org/json-stringify-safe/-/json-stringify-safe-5.0.1.tgz 8469ms (cache miss)
1703 http fetch GET 200 https://registry.npmjs.org/karma-coverage-istanbul-reporter/-/karma-coverage-istanbul-reporter-2.0.1.tgz 8532ms (cache miss)
1704 http fetch GET 200 https://registry.npmjs.org/json3/-/json3-3.3.2.tgz 8525ms (cache miss)
1705 http fetch GET 200 https://registry.npmjs.org/json-parse-better-errors/-/json-parse-better-errors-1.0.2.tgz 8518ms (cache miss)
1706 http fetch GET 200 https://registry.npmjs.org/jsbn/-/jsbn-0.1.1.tgz 8515ms (cache miss)
1707 http fetch GET 200 https://registry.npmjs.org/isobject/-/isobject-3.0.1.tgz 8485ms (cache miss)
1708 http fetch GET 200 https://registry.npmjs.org/isarray/-/isarray-1.0.0.tgz 8482ms (cache miss)
1709 http fetch GET 200 https://registry.npmjs.org/isexe/-/isexe-2.0.0.tgz 8482ms (cache miss)
1710 http fetch GET 200 https://registry.npmjs.org/js-tokens/-/js-tokens-3.0.2.tgz 8574ms (cache miss)
1711 http fetch GET 200 https://registry.npmjs.org/istanbul-lib-source-maps/-/istanbul-lib-source-maps-1.2.5.tgz 8569ms (cache miss)
1712 http fetch GET 200 https://registry.npmjs.org/jasmine/-/jasmine-2.8.0.tgz 8561ms (cache miss)
1713 http fetch GET 200 https://registry.npmjs.org/istanbul-lib-report/-/istanbul-lib-report-1.1.4.tgz 8569ms (cache miss)
1714 http fetch GET 200 https://registry.npmjs.org/is-symbol/-/is-symbol-1.0.1.tgz 8542ms (cache miss)
1715 http fetch GET 200 https://registry.npmjs.org/is-stream/-/is-stream-1.1.0.tgz 8544ms (cache miss)
1716 http fetch GET 200 https://registry.npmjs.org/jsprim/-/jsprim-1.4.1.tgz 8638ms (cache miss)
1717 http fetch GET 200 https://registry.npmjs.org/isbinaryfile/-/isbinaryfile-3.0.2.tgz 8592ms (cache miss)
1718 http fetch GET 200 https://registry.npmjs.org/istanbul-lib-hook/-/istanbul-lib-hook-1.2.1.tgz 8604ms (cache miss)
1719 http fetch GET 200 https://registry.npmjs.org/istanbul-lib-instrument/-/istanbul-lib-instrument-1.10.1.tgz 8606ms (cache miss)
1720 http fetch GET 200 https://registry.npmjs.org/istanbul-instrumenter-loader/-/istanbul-instrumenter-loader-3.0.1.tgz 8602ms (cache miss)
1721 http fetch GET 200 https://registry.npmjs.org/isstream/-/isstream-0.1.2.tgz 8599ms (cache miss)
1722 http fetch GET 200 https://registry.npmjs.org/is-fullwidth-code-point/-/is-fullwidth-code-point-1.0.0.tgz 8572ms (cache miss)
1723 http fetch GET 200 https://registry.npmjs.org/is-finite/-/is-finite-1.0.2.tgz 8571ms (cache miss)
1724 http fetch GET 200 https://registry.npmjs.org/is-descriptor/-/is-descriptor-0.1.6.tgz 8556ms (cache miss)
1725 http fetch GET 200 https://registry.npmjs.org/is-path-inside/-/is-path-inside-1.0.1.tgz 8579ms (cache miss)
1726 http fetch GET 200 https://registry.npmjs.org/is-extendable/-/is-extendable-0.1.1.tgz 8561ms (cache miss)
1727 http fetch GET 200 https://registry.npmjs.org/is-plain-object/-/is-plain-object-2.0.4.tgz 8582ms (cache miss)
1728 http fetch GET 200 https://registry.npmjs.org/is-path-cwd/-/is-path-cwd-1.0.0.tgz 8579ms (cache miss)
1729 http fetch GET 200 https://registry.npmjs.org/is-path-in-cwd/-/is-path-in-cwd-1.0.1.tgz 8578ms (cache miss)
1730 http fetch GET 200 https://registry.npmjs.org/is-glob/-/is-glob-4.0.0.tgz 8578ms (cache miss)
1731 http fetch GET 200 https://registry.npmjs.org/json-schema-traverse/-/json-schema-traverse-0.3.1.tgz 8692ms (cache miss)
1732 http fetch GET 200 https://registry.npmjs.org/json-stable-stringify/-/json-stable-stringify-1.0.1.tgz 8694ms (cache miss)
1733 http fetch GET 200 https://registry.npmjs.org/jasminewd2/-/jasminewd2-2.2.0.tgz 8683ms (cache miss)
1734 http fetch GET 200 https://registry.npmjs.org/is-primitive/-/is-primitive-2.0.0.tgz 8651ms (cache miss)
1735 http fetch GET 200 https://registry.npmjs.org/is-posix-bracket/-/is-posix-bracket-0.1.1.tgz 8650ms (cache miss)
1736 http fetch GET 200 https://registry.npmjs.org/is-windows/-/is-windows-1.0.2.tgz 8658ms (cache miss)
1737 http fetch GET 200 https://registry.npmjs.org/is-wsl/-/is-wsl-1.1.0.tgz 8661ms (cache miss)
1738 http fetch GET 200 https://registry.npmjs.org/is-utf8/-/is-utf8-0.2.1.tgz 8660ms (cache miss)
1739 http fetch GET 200 https://registry.npmjs.org/is-callable/-/is-callable-1.1.4.tgz 8617ms (cache miss)
1740 http fetch GET 200 https://registry.npmjs.org/is-date-object/-/is-date-object-1.0.1.tgz 8620ms (cache miss)
1741 http fetch GET 200 https://registry.npmjs.org/webassemblyjs/-/webassemblyjs-1.4.3.tgz 9444ms (cache miss)
1742 http fetch GET 200 https://registry.npmjs.org/sshpk/-/sshpk-1.14.2.tgz 9298ms (cache miss)
1743 http fetch GET 200 https://registry.npmjs.org/istanbul-lib-coverage/-/istanbul-lib-coverage-1.2.0.tgz 8726ms (cache miss)
1744 http fetch GET 200 https://registry.npmjs.org/istanbul-api/-/istanbul-api-1.3.1.tgz 8725ms (cache miss)
1745 http fetch GET 200 https://registry.npmjs.org/is-regex/-/is-regex-1.0.4.tgz 8710ms (cache miss)
1746 http fetch GET 200 https://registry.npmjs.org/is-equal-shallow/-/is-equal-shallow-0.1.3.tgz 8693ms (cache miss)
1747 http fetch GET 200 https://registry.npmjs.org/is-extglob/-/is-extglob-2.1.1.tgz 8694ms (cache miss)
1748 http fetch GET 200 https://registry.npmjs.org/is-number/-/is-number-3.0.0.tgz 8700ms (cache miss)
1749 http fetch GET 200 https://registry.npmjs.org/is-directory/-/is-directory-0.3.1.tgz 8678ms (cache miss)
1750 http fetch GET 200 https://registry.npmjs.org/is-builtin-module/-/is-builtin-module-1.0.0.tgz 8669ms (cache miss)
1751 http fetch GET 200 https://registry.npmjs.org/stream-http/-/stream-http-2.8.3.tgz 9368ms (cache miss)
1752 http fetch GET 200 https://registry.npmjs.org/tapable/-/tapable-1.0.0.tgz 9398ms (cache miss)
1753 http fetch GET 200 https://registry.npmjs.org/reflect-metadata/-/reflect-metadata-0.1.12.tgz 9195ms (cache miss)
1754 http fetch GET 200 https://registry.npmjs.org/is-typedarray/-/is-typedarray-1.0.0.tgz 8769ms (cache miss)
1755 http fetch GET 200 https://registry.npmjs.org/is-dotfile/-/is-dotfile-1.0.3.tgz 8742ms (cache miss)
1756 http fetch GET 200 https://registry.npmjs.org/is-data-descriptor/-/is-data-descriptor-0.1.4.tgz 8735ms (cache miss)
1757 http fetch GET 200 https://registry.npmjs.org/inherits/-/inherits-2.0.3.tgz 8716ms (cache miss)
1758 http fetch GET 200 https://registry.npmjs.org/indexof/-/indexof-0.0.1.tgz 8716ms (cache miss)
1759 http fetch GET 200 https://registry.npmjs.org/is-arrayish/-/is-arrayish-0.2.1.tgz 8780ms (cache miss)
1760 http fetch GET 200 https://registry.npmjs.org/is-binary-path/-/is-binary-path-1.0.1.tgz 8782ms (cache miss)
1761 http fetch GET 200 https://registry.npmjs.org/is-buffer/-/is-buffer-1.1.6.tgz 8785ms (cache miss)
1762 http fetch GET 200 https://registry.npmjs.org/indent-string/-/indent-string-2.1.0.tgz 8768ms (cache miss)
1763 http fetch GET 200 https://registry.npmjs.org/immediate/-/immediate-3.0.6.tgz 8760ms (cache miss)
1764 http fetch GET 200 https://registry.npmjs.org/iferr/-/iferr-0.1.5.tgz 8748ms (cache miss)
1765 http fetch GET 200 https://registry.npmjs.org/ini/-/ini-1.3.5.tgz 8842ms (cache miss)
1766 http fetch GET 200 https://registry.npmjs.org/imurmurhash/-/imurmurhash-0.1.4.tgz 8835ms (cache miss)
1767 http fetch GET 200 https://registry.npmjs.org/http-parser-js/-/http-parser-js-0.4.13.tgz 8806ms (cache miss)
1768 http fetch GET 200 https://registry.npmjs.org/http-errors/-/http-errors-1.6.3.tgz 8804ms (cache miss)
1769 http fetch GET 200 https://registry.npmjs.org/is-accessor-descriptor/-/is-accessor-descriptor-0.1.6.tgz 8928ms (cache miss)
1770 http fetch GET 200 https://registry.npmjs.org/invert-kv/-/invert-kv-1.0.0.tgz 8925ms (cache miss)
1771 http fetch GET 200 https://registry.npmjs.org/invariant/-/invariant-2.2.4.tgz 8923ms (cache miss)
1772 http fetch GET 200 https://registry.npmjs.org/ip/-/ip-1.1.5.tgz 8927ms (cache miss)
1773 http fetch GET 200 https://registry.npmjs.org/in-publish/-/in-publish-2.0.0.tgz 8915ms (cache miss)
1774 http fetch GET 200 https://registry.npmjs.org/import-local/-/import-local-1.0.0.tgz 8912ms (cache miss)
1775 http fetch GET 200 https://registry.npmjs.org/import-from/-/import-from-2.1.0.tgz 8912ms (cache miss)
1776 http fetch GET 200 https://registry.npmjs.org/image-size/-/image-size-0.5.5.tgz 8909ms (cache miss)
1777 http fetch GET 200 https://registry.npmjs.org/ignore/-/ignore-3.3.10.tgz 8900ms (cache miss)
1778 http fetch GET 200 https://registry.npmjs.org/webpack-subresource-integrity/-/webpack-subresource-integrity-1.1.0-rc.4.tgz 9814ms (cache miss)
1779 http fetch GET 200 https://registry.npmjs.org/inflight/-/inflight-1.0.6.tgz 9015ms (cache miss)
1780 http fetch GET 200 https://registry.npmjs.org/internal-ip/-/internal-ip-1.2.0.tgz 9018ms (cache miss)
1781 http fetch GET 200 https://registry.npmjs.org/http-proxy-middleware/-/http-proxy-middleware-0.18.0.tgz 8982ms (cache miss)
1782 http fetch GET 200 https://registry.npmjs.org/https-browserify/-/https-browserify-1.0.0.tgz 8987ms (cache miss)
1783 http fetch GET 200 https://registry.npmjs.org/ieee754/-/ieee754-1.1.12.tgz 8991ms (cache miss)
1784 http fetch GET 200 https://registry.npmjs.org/https-proxy-agent/-/https-proxy-agent-2.2.1.tgz 8986ms (cache miss)
1785 http fetch GET 200 https://registry.npmjs.org/html-entities/-/html-entities-1.2.1.tgz 8976ms (cache miss)
1786 http fetch GET 200 https://registry.npmjs.org/hmac-drbg/-/hmac-drbg-1.0.1.tgz 8970ms (cache miss)
1787 http fetch GET 200 https://registry.npmjs.org/hash-base/-/hash-base-3.0.4.tgz 8966ms (cache miss)
1788 http fetch GET 200 https://registry.npmjs.org/import-cwd/-/import-cwd-2.1.0.tgz 9072ms (cache miss)
1789 http fetch GET 200 https://registry.npmjs.org/html-minifier/-/html-minifier-3.5.19.tgz 9049ms (cache miss)
1790 http fetch GET 200 https://registry.npmjs.org/has-values/-/has-values-1.0.0.tgz 9035ms (cache miss)
1791 http fetch GET 200 https://registry.npmjs.org/has-value/-/has-value-1.0.0.tgz 9034ms (cache miss)
1792 http fetch GET 200 https://registry.npmjs.org/has-unicode/-/has-unicode-2.0.1.tgz 9035ms (cache miss)
1793 http fetch GET 200 https://registry.npmjs.org/has-flag/-/has-flag-3.0.0.tgz 9031ms (cache miss)
1794 http fetch GET 200 https://registry.npmjs.org/parse-asn1/-/parse-asn1-5.1.1.tgz 9511ms (cache miss)
1795 http fetch GET 200 https://registry.npmjs.org/hosted-git-info/-/hosted-git-info-2.7.1.tgz 9127ms (cache miss)
1796 http fetch GET 200 https://registry.npmjs.org/http-deceiver/-/http-deceiver-1.2.7.tgz 9136ms (cache miss)
1797 http fetch GET 200 https://registry.npmjs.org/has-ansi/-/has-ansi-2.0.0.tgz 9106ms (cache miss)
1798 http fetch GET 200 https://registry.npmjs.org/har-schema/-/har-schema-2.0.0.tgz 9103ms (cache miss)
1799 http fetch GET 200 https://registry.npmjs.org/karma-jasmine-html-reporter/-/karma-jasmine-html-reporter-0.2.2.tgz 9353ms (cache miss)
1800 http fetch GET 200 https://registry.npmjs.org/http-signature/-/http-signature-1.2.0.tgz 9198ms (cache miss)
1801 http fetch GET 200 https://registry.npmjs.org/glob-base/-/glob-base-0.3.0.tgz 9143ms (cache miss)
1802 http fetch GET 200 https://registry.npmjs.org/glob-parent/-/glob-parent-3.1.0.tgz 9144ms (cache miss)
1803 http fetch GET 200 https://registry.npmjs.org/ipaddr.js/-/ipaddr.js-1.6.0.tgz 9305ms (cache miss)
1804 http fetch GET 200 https://registry.npmjs.org/html-webpack-plugin/-/html-webpack-plugin-3.2.0.tgz 9255ms (cache miss)
1805 http fetch GET 200 https://registry.npmjs.org/he/-/he-1.1.1.tgz 9246ms (cache miss)
1806 http fetch GET 200 https://registry.npmjs.org/has-cors/-/has-cors-1.1.0.tgz 9236ms (cache miss)
1807 http fetch GET 200 https://registry.npmjs.org/has/-/has-1.0.3.tgz 9226ms (cache miss)
1808 http fetch GET 200 https://registry.npmjs.org/has-binary/-/has-binary-0.1.7.tgz 9235ms (cache miss)
1809 http fetch GET 200 https://registry.npmjs.org/handle-thing/-/handle-thing-1.2.5.tgz 9220ms (cache miss)
1810 http fetch GET 200 https://registry.npmjs.org/getpass/-/getpass-0.1.7.tgz 9207ms (cache miss)
1811 http fetch GET 200 https://registry.npmjs.org/get-stream/-/get-stream-3.0.0.tgz 9206ms (cache miss)
1812 http fetch GET 200 https://registry.npmjs.org/function-bind/-/function-bind-1.1.1.tgz 9199ms (cache miss)
1813 http fetch GET 200 https://registry.npmjs.org/tar/-/tar-2.2.1.tgz 10039ms (cache miss)
1814 http fetch GET 200 https://registry.npmjs.org/har-validator/-/har-validator-5.0.3.tgz 9277ms (cache miss)
1815 http fetch GET 200 https://registry.npmjs.org/graceful-fs/-/graceful-fs-4.1.11.tgz 9272ms (cache miss)
1816 http fetch GET 200 https://registry.npmjs.org/globule/-/globule-1.2.1.tgz 9269ms (cache miss)
1817 http fetch GET 200 https://registry.npmjs.org/globby/-/globby-7.1.1.tgz 9268ms (cache miss)
1818 http fetch GET 200 https://registry.npmjs.org/glob/-/glob-7.1.2.tgz 9264ms (cache miss)
1819 http fetch GET 200 https://registry.npmjs.org/fs-write-stream-atomic/-/fs-write-stream-atomic-1.0.10.tgz 9248ms (cache miss)
1820 http fetch GET 200 https://registry.npmjs.org/from2/-/from2-2.3.0.tgz 9247ms (cache miss)
1821 http fetch GET 200 https://registry.npmjs.org/fragment-cache/-/fragment-cache-0.2.1.tgz 9241ms (cache miss)
1822 http fetch GET 200 https://registry.npmjs.org/has-symbols/-/has-symbols-1.0.0.tgz 9354ms (cache miss)
1823 http fetch GET 200 https://registry.npmjs.org/gaze/-/gaze-1.1.3.tgz 9316ms (cache miss)
1824 http fetch GET 200 https://registry.npmjs.org/get-value/-/get-value-2.0.6.tgz 9320ms (cache miss)
1825 http fetch GET 200 https://registry.npmjs.org/get-stdin/-/get-stdin-4.0.1.tgz 9318ms (cache miss)
1826 http fetch GET 200 https://registry.npmjs.org/forever-agent/-/forever-agent-0.6.1.tgz 9291ms (cache miss)
1827 http fetch GET 200 https://registry.npmjs.org/forwarded/-/forwarded-0.1.2.tgz 9302ms (cache miss)
1828 http fetch GET 200 https://registry.npmjs.org/foreach/-/foreach-2.0.5.tgz 9290ms (cache miss)
1829 http fetch GET 200 https://registry.npmjs.org/form-data/-/form-data-2.3.2.tgz 9301ms (cache miss)
1830 http fetch GET 200 https://registry.npmjs.org/for-own/-/for-own-1.0.0.tgz 9288ms (cache miss)
1831 http fetch GET 200 https://registry.npmjs.org/for-in/-/for-in-1.0.2.tgz 9287ms (cache miss)
1832 http fetch GET 200 https://registry.npmjs.org/globals/-/globals-9.18.0.tgz 9379ms (cache miss)
1833 http fetch GET 200 https://registry.npmjs.org/fs-access/-/fs-access-1.0.1.tgz 9356ms (cache miss)
1834 http fetch GET 200 https://registry.npmjs.org/find-up/-/find-up-2.1.0.tgz 9330ms (cache miss)
1835 http fetch GET 200 https://registry.npmjs.org/fill-range/-/fill-range-4.0.0.tgz 9328ms (cache miss)
1836 http fetch GET 200 https://registry.npmjs.org/find-cache-dir/-/find-cache-dir-1.0.0.tgz 9330ms (cache miss)
1837 http fetch GET 200 https://registry.npmjs.org/npm-registry-client/-/npm-registry-client-8.6.0.tgz 9800ms (cache miss)
1838 http fetch GET 200 https://registry.npmjs.org/get-caller-file/-/get-caller-file-1.0.3.tgz 9436ms (cache miss)
1839 http fetch GET 200 https://registry.npmjs.org/flush-write-stream/-/flush-write-stream-1.0.3.tgz 9400ms (cache miss)
1840 http fetch GET 200 https://registry.npmjs.org/faye-websocket/-/faye-websocket-0.10.0.tgz 9389ms (cache miss)
1841 http fetch GET 200 https://registry.npmjs.org/fast-levenshtein/-/fast-levenshtein-2.0.6.tgz 9385ms (cache miss)
1842 http fetch GET 200 https://registry.npmjs.org/fast-deep-equal/-/fast-deep-equal-1.1.0.tgz 9383ms (cache miss)
1843 http fetch GET 200 https://registry.npmjs.org/fast-json-stable-stringify/-/fast-json-stable-stringify-2.0.0.tgz 9384ms (cache miss)
1844 http fetch GET 200 https://registry.npmjs.org/sockjs/-/sockjs-0.3.19.tgz 10204ms (cache miss)
1845 http fetch GET 200 https://registry.npmjs.org/fs.realpath/-/fs.realpath-1.0.0.tgz 9480ms (cache miss)
1846 http fetch GET 200 https://registry.npmjs.org/fresh/-/fresh-0.5.2.tgz 9473ms (cache miss)
1847 http fetch GET 200 https://registry.npmjs.org/follow-redirects/-/follow-redirects-1.5.1.tgz 9453ms (cache miss)
1848 http fetch GET 200 https://registry.npmjs.org/extglob/-/extglob-2.0.4.tgz 9430ms (cache miss)
1849 http fetch GET 200 https://registry.npmjs.org/expand-range/-/expand-range-1.8.2.tgz 9425ms (cache miss)
1850 http fetch GET 200 https://registry.npmjs.org/expand-braces/-/expand-braces-0.1.2.tgz 9423ms (cache miss)
1851 http fetch GET 200 https://registry.npmjs.org/filename-regex/-/filename-regex-2.0.1.tgz 9498ms (cache miss)
1852 http fetch GET 200 https://registry.npmjs.org/fastparse/-/fastparse-1.1.1.tgz 9492ms (cache miss)
1853 http fetch GET 200 https://registry.npmjs.org/eventemitter3/-/eventemitter3-3.1.0.tgz 9460ms (cache miss)
1854 http fetch GET 200 https://registry.npmjs.org/etag/-/etag-1.8.1.tgz 9461ms (cache miss)
1855 http fetch GET 200 https://registry.npmjs.org/events/-/events-1.1.1.tgz 9476ms (cache miss)
1856 http fetch GET 200 https://registry.npmjs.org/file-loader/-/file-loader-1.1.11.tgz 9569ms (cache miss)
1857 http fetch GET 200 https://registry.npmjs.org/extsprintf/-/extsprintf-1.3.0.tgz 9559ms (cache miss)
1858 http fetch GET 200 https://registry.npmjs.org/extend/-/extend-3.0.2.tgz 9556ms (cache miss)
1859 http fetch GET 200 https://registry.npmjs.org/finalhandler/-/finalhandler-1.1.1.tgz 9577ms (cache miss)
1860 http fetch GET 200 https://registry.npmjs.org/expand-brackets/-/expand-brackets-2.1.4.tgz 9552ms (cache miss)
1861 http fetch GET 200 https://registry.npmjs.org/extend-shallow/-/extend-shallow-3.0.2.tgz 9559ms (cache miss)
1862 http fetch GET 200 https://registry.npmjs.org/esrecurse/-/esrecurse-4.2.1.tgz 9528ms (cache miss)
1863 http fetch GET 200 https://registry.npmjs.org/execa/-/execa-0.7.0.tgz 9620ms (cache miss)
1864 http fetch GET 200 https://registry.npmjs.org/evp_bytestokey/-/evp_bytestokey-1.0.3.tgz 9620ms (cache miss)
1865 http fetch GET 200 https://registry.npmjs.org/es-to-primitive/-/es-to-primitive-1.1.1.tgz 9584ms (cache miss)
1866 http fetch GET 200 https://registry.npmjs.org/promise/-/promise-7.3.1.tgz 10257ms (cache miss)
1867 http fetch GET 200 https://registry.npmjs.org/estraverse/-/estraverse-1.9.3.tgz 9654ms (cache miss)
1868 http fetch GET 200 https://registry.npmjs.org/eslint-scope/-/eslint-scope-3.7.3.tgz 9652ms (cache miss)
1869 http fetch GET 200 https://registry.npmjs.org/escape-string-regexp/-/escape-string-regexp-1.0.5.tgz 9648ms (cache miss)
1870 http fetch GET 200 https://registry.npmjs.org/escodegen/-/escodegen-1.8.1.tgz 9651ms (cache miss)
1871 http fetch GET 200 https://registry.npmjs.org/error-ex/-/error-ex-1.3.2.tgz 9638ms (cache miss)
1872 http fetch GET 200 https://registry.npmjs.org/errno/-/errno-0.1.7.tgz 9638ms (cache miss)
1873 http fetch GET 200 https://registry.npmjs.org/engine.io-parser/-/engine.io-parser-1.3.2.tgz 9630ms (cache miss)
1874 http fetch GET 200 https://registry.npmjs.org/webpack-dev-server/-/webpack-dev-server-3.1.5.tgz 10704ms (cache miss)
1875 http fetch GET 200 https://registry.npmjs.org/eventsource/-/eventsource-0.1.6.tgz 9737ms (cache miss)
1876 http fetch GET 200 https://registry.npmjs.org/esutils/-/esutils-2.0.2.tgz 9722ms (cache miss)
1877 http fetch GET 200 https://registry.npmjs.org/es6-symbol/-/es6-symbol-3.1.1.tgz 9711ms (cache miss)
1878 http fetch GET 200 https://registry.npmjs.org/es6-promisify/-/es6-promisify-5.0.0.tgz 9709ms (cache miss)
1879 http fetch GET 200 https://registry.npmjs.org/emojis-list/-/emojis-list-2.1.0.tgz 9686ms (cache miss)
1880 http fetch GET 200 https://registry.npmjs.org/end-of-stream/-/end-of-stream-1.4.1.tgz 9689ms (cache miss)
1881 http fetch GET 200 https://registry.npmjs.org/electron-to-chromium/-/electron-to-chromium-1.3.52.tgz 9684ms (cache miss)
1882 http fetch GET 200 https://registry.npmjs.org/long/-/long-3.2.0.tgz 10126ms (cache miss)
1883 http fetch GET 200 https://registry.npmjs.org/hash.js/-/hash.js-1.1.5.tgz 9933ms (cache miss)
1884 http fetch GET 200 https://registry.npmjs.org/escape-html/-/escape-html-1.0.3.tgz 9791ms (cache miss)
1885 http fetch GET 200 https://registry.npmjs.org/duplexify/-/duplexify-3.6.0.tgz 9739ms (cache miss)
1886 http fetch GET 200 https://registry.npmjs.org/domutils/-/domutils-1.5.1.tgz 9738ms (cache miss)
1887 http fetch GET 200 https://registry.npmjs.org/js-base64/-/js-base64-2.4.8.tgz 10149ms (cache miss)
1888 http fetch GET 200 https://registry.npmjs.org/ee-first/-/ee-first-1.1.1.tgz 9813ms (cache miss)
1889 http fetch GET 200 https://registry.npmjs.org/ecc-jsbn/-/ecc-jsbn-0.1.1.tgz 9810ms (cache miss)
1890 http fetch GET 200 https://registry.npmjs.org/encodeurl/-/encodeurl-1.0.2.tgz 9837ms (cache miss)
1891 http fetch GET 200 https://registry.npmjs.org/dom-serialize/-/dom-serialize-2.2.1.tgz 9786ms (cache miss)
1892 http fetch GET 200 https://registry.npmjs.org/domain-browser/-/domain-browser-1.2.0.tgz 9791ms (cache miss)
1893 http fetch GET 200 https://registry.npmjs.org/dns-txt/-/dns-txt-2.0.2.tgz 9784ms (cache miss)
1894 http fetch GET 200 https://registry.npmjs.org/dns-equal/-/dns-equal-1.0.0.tgz 9766ms (cache miss)
1895 http fetch GET 200 https://registry.npmjs.org/gauge/-/gauge-2.7.4.tgz 10005ms (cache miss)
1896 http fetch GET 200 https://registry.npmjs.org/domhandler/-/domhandler-2.1.0.tgz 9851ms (cache miss)
1897 http fetch GET 200 https://registry.npmjs.org/domelementtype/-/domelementtype-1.3.0.tgz 9848ms (cache miss)
1898 http fetch GET 200 https://registry.npmjs.org/dom-serializer/-/dom-serializer-0.1.0.tgz 9845ms (cache miss)
1899 http fetch GET 200 https://registry.npmjs.org/di/-/di-0.0.1.tgz 9808ms (cache miss)
1900 http fetch GET 200 https://registry.npmjs.org/detect-node/-/detect-node-2.0.3.tgz 9808ms (cache miss)
1901 http fetch GET 200 https://registry.npmjs.org/detect-indent/-/detect-indent-4.0.0.tgz 9806ms (cache miss)
1902 http fetch GET 200 https://registry.npmjs.org/dom-converter/-/dom-converter-0.1.4.tgz 9905ms (cache miss)
1903 http fetch GET 200 https://registry.npmjs.org/dns-packet/-/dns-packet-1.3.1.tgz 9901ms (cache miss)
1904 http fetch GET 200 https://registry.npmjs.org/deep-is/-/deep-is-0.1.3.tgz 9866ms (cache miss)
1905 http fetch GET 200 https://registry.npmjs.org/delayed-stream/-/delayed-stream-1.0.0.tgz 9872ms (cache miss)
1906 http fetch GET 200 https://registry.npmjs.org/deep-equal/-/deep-equal-1.0.1.tgz 9864ms (cache miss)
1907 http fetch GET 200 https://registry.npmjs.org/hoek/-/hoek-2.16.3.tgz 10194ms (cache miss)
1908 http fetch GET 200 https://registry.npmjs.org/fileset/-/fileset-2.0.3.tgz 10100ms (cache miss)
1909 http fetch GET 200 https://registry.npmjs.org/diffie-hellman/-/diffie-hellman-5.0.3.tgz 9944ms (cache miss)
1910 http fetch GET 200 https://registry.npmjs.org/dir-glob/-/dir-glob-2.0.0.tgz 9947ms (cache miss)
1911 http fetch GET 200 https://registry.npmjs.org/destroy/-/destroy-1.0.4.tgz 9939ms (cache miss)
1912 http fetch GET 200 https://registry.npmjs.org/define-properties/-/define-properties-1.1.2.tgz 9929ms (cache miss)
1913 http fetch GET 200 https://registry.npmjs.org/default-require-extensions/-/default-require-extensions-2.0.0.tgz 9928ms (cache miss)
1914 http fetch GET 200 https://registry.npmjs.org/decamelize/-/decamelize-1.2.0.tgz 9923ms (cache miss)
1915 http fetch GET 200 https://registry.npmjs.org/d/-/d-1.0.0.tgz 9917ms (cache miss)
1916 http fetch GET 200 https://registry.npmjs.org/cyclist/-/cyclist-0.2.2.tgz 9915ms (cache miss)
1917 http fetch GET 200 https://registry.npmjs.org/entities/-/entities-1.1.1.tgz 10103ms (cache miss)
1918 http fetch GET 200 https://registry.npmjs.org/ejs/-/ejs-2.6.1.tgz 10076ms (cache miss)
1919 http fetch GET 200 https://registry.npmjs.org/del/-/del-3.0.0.tgz 10000ms (cache miss)
1920 http fetch GET 200 https://registry.npmjs.org/delegates/-/delegates-1.0.0.tgz 10005ms (cache miss)
1921 http fetch GET 200 https://registry.npmjs.org/css-what/-/css-what-2.1.0.tgz 9978ms (cache miss)
1922 http fetch GET 200 https://registry.npmjs.org/depd/-/depd-1.1.2.tgz 10076ms (cache miss)
1923 http fetch GET 200 https://registry.npmjs.org/date-now/-/date-now-0.1.4.tgz 10060ms (cache miss)
1924 http fetch GET 200 https://registry.npmjs.org/decode-uri-component/-/decode-uri-component-0.2.0.tgz 10066ms (cache miss)
1925 http fetch GET 200 https://registry.npmjs.org/custom-event/-/custom-event-1.0.1.tgz 10055ms (cache miss)
1926 http fetch GET 200 https://registry.npmjs.org/cssauron/-/cssauron-1.4.0.tgz 10051ms (cache miss)
1927 http fetch GET 200 https://registry.npmjs.org/cryptiles/-/cryptiles-2.0.5.tgz 10042ms (cache miss)
1928 http fetch GET 200 https://registry.npmjs.org/css-parse/-/css-parse-1.7.0.tgz 10047ms (cache miss)
1929 http fetch GET 200 https://registry.npmjs.org/esprima/-/esprima-2.7.3.tgz 10268ms (cache miss)
1930 http fetch GET 200 https://registry.npmjs.org/define-property/-/define-property-2.0.2.tgz 10144ms (cache miss)
1931 http fetch GET 200 https://registry.npmjs.org/cssesc/-/cssesc-0.1.0.tgz 10123ms (cache miss)
1932 http fetch GET 200 https://registry.npmjs.org/currently-unhandled/-/currently-unhandled-0.4.1.tgz 10125ms (cache miss)
1933 http fetch GET 200 https://registry.npmjs.org/css-selector-tokenizer/-/css-selector-tokenizer-0.7.0.tgz 10120ms (cache miss)
1934 http fetch GET 200 https://registry.npmjs.org/cross-spawn/-/cross-spawn-3.0.1.tgz 10111ms (cache miss)
1935 http fetch GET 200 https://registry.npmjs.org/create-hmac/-/create-hmac-1.1.7.tgz 10110ms (cache miss)
1936 http fetch GET 200 https://registry.npmjs.org/create-ecdh/-/create-ecdh-4.0.3.tgz 10108ms (cache miss)
1937 http fetch GET 200 https://registry.npmjs.org/when/-/when-3.6.4.tgz 11332ms (cache miss)
1938 http fetch GET 200 https://registry.npmjs.org/ent/-/ent-2.2.0.tgz 10308ms (cache miss)
1939 http fetch GET 200 https://registry.npmjs.org/dashdash/-/dashdash-1.14.1.tgz 10193ms (cache miss)
1940 http fetch GET 200 https://registry.npmjs.org/create-hash/-/create-hash-1.2.0.tgz 10171ms (cache miss)
1941 http fetch GET 200 https://registry.npmjs.org/copy-concurrently/-/copy-concurrently-1.0.5.tgz 10163ms (cache miss)
1942 http fetch GET 200 https://registry.npmjs.org/cookie/-/cookie-0.3.1.tgz 10161ms (cache miss)
1943 http fetch GET 200 https://registry.npmjs.org/console-control-strings/-/console-control-strings-1.1.0.tgz 10150ms (cache miss)
1944 http fetch GET 200 https://registry.npmjs.org/convert-source-map/-/convert-source-map-1.5.1.tgz 10161ms (cache miss)
1945 http fetch GET 200 https://registry.npmjs.org/constants-browserify/-/constants-browserify-1.0.0.tgz 10157ms (cache miss)
1946 http fetch GET 200 https://registry.npmjs.org/source-map/-/source-map-0.5.7.tgz 11213ms (cache miss)
1947 http fetch GET 200 https://registry.npmjs.org/loglevel/-/loglevel-1.6.1.tgz 10751ms (cache miss)
1948 http fetch GET 200 https://registry.npmjs.org/exit/-/exit-0.1.2.tgz 10421ms (cache miss)
1949 http fetch GET 200 https://registry.npmjs.org/engine.io/-/engine.io-1.8.3.tgz 10368ms (cache miss)
1950 http fetch GET 200 https://registry.npmjs.org/css-select/-/css-select-1.2.0.tgz 10244ms (cache miss)
1951 http fetch GET 200 https://registry.npmjs.org/core-util-is/-/core-util-is-1.0.2.tgz 10231ms (cache miss)
1952 http fetch GET 200 https://registry.npmjs.org/concat-stream/-/concat-stream-1.6.2.tgz 10204ms (cache miss)
1953 http fetch GET 200 https://registry.npmjs.org/console-browserify/-/console-browserify-1.1.0.tgz 10211ms (cache miss)
1954 http fetch GET 200 https://registry.npmjs.org/concat-map/-/concat-map-0.0.1.tgz 10202ms (cache miss)
1955 http fetch GET 200 https://registry.npmjs.org/hpack.js/-/hpack.js-2.1.6.tgz 10584ms (cache miss)
1956 http fetch GET 200 https://registry.npmjs.org/content-disposition/-/content-disposition-0.5.2.tgz 10260ms (cache miss)
1957 http fetch GET 200 https://registry.npmjs.org/compression/-/compression-1.7.3.tgz 10240ms (cache miss)
1958 http fetch GET 200 https://registry.npmjs.org/connect-history-api-fallback/-/connect-history-api-fallback-1.5.0.tgz 10249ms (cache miss)
1959 http fetch GET 200 https://registry.npmjs.org/cookie-signature/-/cookie-signature-1.0.6.tgz 10266ms (cache miss)
1960 http fetch GET 200 https://registry.npmjs.org/component-emitter/-/component-emitter-1.2.1.tgz 10237ms (cache miss)
1961 http fetch GET 200 https://registry.npmjs.org/compressible/-/compressible-2.0.14.tgz 10239ms (cache miss)
1962 http fetch GET 200 https://registry.npmjs.org/compare-versions/-/compare-versions-3.3.0.tgz 10233ms (cache miss)
1963 http fetch GET 200 https://registry.npmjs.org/combined-stream/-/combined-stream-1.0.6.tgz 10228ms (cache miss)
1964 http fetch GET 200 https://registry.npmjs.org/component-bind/-/component-bind-1.0.0.tgz 10235ms (cache miss)
1965 http fetch GET 200 https://registry.npmjs.org/commondir/-/commondir-1.0.1.tgz 10232ms (cache miss)
1966 http fetch GET 200 https://registry.npmjs.org/des.js/-/des.js-1.0.0.tgz 10387ms (cache miss)
1967 http fetch GET 200 https://registry.npmjs.org/content-type/-/content-type-1.0.4.tgz 10330ms (cache miss)
1968 http fetch GET 200 https://registry.npmjs.org/copy-descriptor/-/copy-descriptor-0.1.1.tgz 10335ms (cache miss)
1969 http fetch GET 200 https://registry.npmjs.org/connect/-/connect-3.6.6.tgz 10313ms (cache miss)
1970 http fetch GET 200 https://registry.npmjs.org/color-name/-/color-name-1.1.1.tgz 10284ms (cache miss)
1971 http fetch GET 200 https://registry.npmjs.org/combine-lists/-/combine-lists-1.0.1.tgz 10293ms (cache miss)
1972 http fetch GET 200 https://registry.npmjs.org/color-convert/-/color-convert-1.9.2.tgz 10281ms (cache miss)
1973 http fetch GET 200 https://registry.npmjs.org/collection-visit/-/collection-visit-1.0.0.tgz 10281ms (cache miss)
1974 http fetch GET 200 https://registry.npmjs.org/uglify-js/-/uglify-js-3.4.5.tgz 11477ms (cache miss)
1975 http fetch GET 200 https://registry.npmjs.org/fstream/-/fstream-1.0.11.tgz 10637ms (cache miss)
1976 http fetch GET 200 https://registry.npmjs.org/cosmiconfig/-/cosmiconfig-4.0.0.tgz 10386ms (cache miss)
1977 http fetch GET 200 https://registry.npmjs.org/component-inherit/-/component-inherit-0.0.3.tgz 10348ms (cache miss)
1978 http fetch GET 200 https://registry.npmjs.org/clone/-/clone-2.1.1.tgz 10319ms (cache miss)
1979 http fetch GET 200 https://registry.npmjs.org/circular-dependency-plugin/-/circular-dependency-plugin-5.0.2.tgz 10312ms (cache miss)
1980 http fetch GET 200 https://registry.npmjs.org/code-point-at/-/code-point-at-1.1.0.tgz 10324ms (cache miss)
1981 http fetch GET 200 https://registry.npmjs.org/es6-iterator/-/es6-iterator-2.0.3.tgz 10606ms (cache miss)
1982 http fetch GET 200 https://registry.npmjs.org/clone-deep/-/clone-deep-2.0.2.tgz 10390ms (cache miss)
1983 http fetch GET 200 https://registry.npmjs.org/commander/-/commander-2.16.0.tgz 10411ms (cache miss)
1984 http fetch GET 200 https://registry.npmjs.org/colors/-/colors-1.1.2.tgz 10398ms (cache miss)
1985 http fetch GET 200 https://registry.npmjs.org/co/-/co-4.6.0.tgz 10390ms (cache miss)
1986 http fetch GET 200 https://registry.npmjs.org/chownr/-/chownr-1.0.1.tgz 10377ms (cache miss)
1987 http fetch GET 200 https://registry.npmjs.org/center-align/-/center-align-0.1.3.tgz 10377ms (cache miss)
1988 http fetch GET 200 https://registry.npmjs.org/class-utils/-/class-utils-0.3.6.tgz 10411ms (cache miss)
1989 http fetch GET 200 https://registry.npmjs.org/cliui/-/cliui-2.1.0.tgz 10414ms (cache miss)
1990 http fetch GET 200 https://registry.npmjs.org/chrome-trace-event/-/chrome-trace-event-0.1.3.tgz 10410ms (cache miss)
1991 http fetch GET 200 https://registry.npmjs.org/chokidar/-/chokidar-2.0.4.tgz 10407ms (cache miss)
1992 http fetch GET 200 https://registry.npmjs.org/camelcase-keys/-/camelcase-keys-2.1.0.tgz 10400ms (cache miss)
1993 http fetch GET 200 https://registry.npmjs.org/cache-loader/-/cache-loader-1.2.2.tgz 10395ms (cache miss)
1994 http fetch GET 200 https://registry.npmjs.org/camel-case/-/camel-case-3.0.0.tgz 10397ms (cache miss)
1995 http fetch GET 200 https://registry.npmjs.org/camelcase/-/camelcase-1.2.1.tgz 10399ms (cache miss)
1996 http fetch GET 200 https://registry.npmjs.org/copy-webpack-plugin/-/copy-webpack-plugin-4.5.2.tgz 10507ms (cache miss)
1997 http fetch GET 200 https://registry.npmjs.org/chalk/-/chalk-2.2.2.tgz 10433ms (cache miss)
1998 http fetch GET 200 https://registry.npmjs.org/caseless/-/caseless-0.12.0.tgz 10428ms (cache miss)
1999 http fetch GET 200 https://registry.npmjs.org/cipher-base/-/cipher-base-1.0.4.tgz 10433ms (cache miss)
2000 http fetch GET 200 https://registry.npmjs.org/builtins/-/builtins-1.0.3.tgz 10414ms (cache miss)
2001 http fetch GET 200 https://registry.npmjs.org/bytes/-/bytes-3.0.0.tgz 10416ms (cache miss)
2002 http fetch GET 200 https://registry.npmjs.org/builtin-status-codes/-/builtin-status-codes-3.0.0.tgz 10414ms (cache miss)
2003 http fetch GET 200 https://registry.npmjs.org/builtin-modules/-/builtin-modules-1.1.1.tgz 10413ms (cache miss)
2004 http fetch GET 200 https://registry.npmjs.org/buffer-xor/-/buffer-xor-1.0.3.tgz 10411ms (cache miss)
2005 http fetch GET 200 https://registry.npmjs.org/buffer-from/-/buffer-from-1.1.0.tgz 10410ms (cache miss)
2006 http fetch GET 200 https://registry.npmjs.org/debug/-/debug-2.6.9.tgz 10570ms (cache miss)
2007 http fetch GET 200 https://registry.npmjs.org/callsite/-/callsite-1.0.0.tgz 10457ms (cache miss)
2008 http fetch GET 200 https://registry.npmjs.org/browserify-des/-/browserify-des-1.0.2.tgz 10439ms (cache miss)
2009 http fetch GET 200 https://registry.npmjs.org/browserify-rsa/-/browserify-rsa-4.0.1.tgz 10442ms (cache miss)
2010 http fetch GET 200 https://registry.npmjs.org/json-schema/-/json-schema-0.2.3.tgz 11037ms (cache miss)
2011 http fetch GET 200 https://registry.npmjs.org/engine.io-client/-/engine.io-client-1.8.3.tgz 10720ms (cache miss)
2012 http fetch GET 200 https://registry.npmjs.org/cache-base/-/cache-base-1.0.1.tgz 10486ms (cache miss)
2013 http fetch GET 200 https://registry.npmjs.org/buffer-indexof/-/buffer-indexof-1.1.1.tgz 10479ms (cache miss)
2014 http fetch GET 200 https://registry.npmjs.org/browserify-sign/-/browserify-sign-4.0.4.tgz 10472ms (cache miss)
2015 http fetch GET 200 https://registry.npmjs.org/brorand/-/brorand-1.1.0.tgz 10459ms (cache miss)
2016 http fetch GET 200 https://registry.npmjs.org/boolbase/-/boolbase-1.0.0.tgz 10453ms (cache miss)
2017 http fetch GET 200 https://registry.npmjs.org/blob/-/blob-0.0.4.tgz 10472ms (cache miss)
2018 http fetch GET 200 https://registry.npmjs.org/block-stream/-/block-stream-0.0.9.tgz 10472ms (cache miss)
2019 http fetch GET 200 https://registry.npmjs.org/binary-extensions/-/binary-extensions-1.11.0.tgz 10471ms (cache miss)
2020 http fetch GET 200 https://registry.npmjs.org/browserslist/-/browserslist-3.2.8.tgz 10531ms (cache miss)
2021 http fetch GET 200 https://registry.npmjs.org/browserify-cipher/-/browserify-cipher-1.0.1.tgz 10520ms (cache miss)
2022 http fetch GET 200 https://registry.npmjs.org/bcrypt-pbkdf/-/bcrypt-pbkdf-1.0.2.tgz 10495ms (cache miss)
2023 http fetch GET 200 https://registry.npmjs.org/batch/-/batch-0.6.1.tgz 10495ms (cache miss)
2024 http fetch GET 200 https://registry.npmjs.org/base64-arraybuffer/-/base64-arraybuffer-0.1.5.tgz 10494ms (cache miss)
2025 http fetch GET 200 https://registry.npmjs.org/better-assert/-/better-assert-1.0.2.tgz 10499ms (cache miss)
2026 http fetch GET 200 https://registry.npmjs.org/base64id/-/base64id-1.0.0.tgz 10495ms (cache miss)
2027 http fetch GET 200 https://registry.npmjs.org/parse5/-/parse5-4.0.0.tgz 11358ms (cache miss)
2028 http fetch GET 200 https://registry.npmjs.org/elliptic/-/elliptic-6.4.0.tgz 10786ms (cache miss)
2029 http fetch GET 200 https://registry.npmjs.org/braces/-/braces-2.3.2.tgz 10530ms (cache miss)
2030 http fetch GET 200 https://registry.npmjs.org/brace-expansion/-/brace-expansion-1.1.11.tgz 10534ms (cache miss)
2031 http fetch GET 200 https://registry.npmjs.org/balanced-match/-/balanced-match-1.0.0.tgz 10500ms (cache miss)
2032 http fetch GET 200 https://registry.npmjs.org/base64-js/-/base64-js-1.3.0.tgz 10504ms (cache miss)
2033 http fetch GET 200 https://registry.npmjs.org/backo2/-/backo2-1.0.2.tgz 10499ms (cache miss)
2034 http fetch GET 200 https://registry.npmjs.org/express/-/express-4.16.3.tgz 10867ms (cache miss)
2035 http fetch GET 200 https://registry.npmjs.org/body-parser/-/body-parser-1.18.2.tgz 10541ms (cache miss)
2036 http fetch GET 200 https://registry.npmjs.org/bn.js/-/bn.js-4.11.8.tgz 10540ms (cache miss)
2037 http fetch GET 200 https://registry.npmjs.org/big.js/-/big.js-3.2.0.tgz 10532ms (cache miss)
2038 http fetch GET 200 https://registry.npmjs.org/base/-/base-0.11.2.tgz 10516ms (cache miss)
2039 http fetch GET 200 https://registry.npmjs.org/aws4/-/aws4-1.7.0.tgz 10499ms (cache miss)
2040 http fetch GET 200 https://registry.npmjs.org/babel-code-frame/-/babel-code-frame-6.26.0.tgz 10503ms (cache miss)
2041 http fetch GET 200 https://registry.npmjs.org/aws-sign2/-/aws-sign2-0.7.0.tgz 10499ms (cache miss)
2042 http fetch GET 200 https://registry.npmjs.org/crypto-browserify/-/crypto-browserify-3.12.0.tgz 10696ms (cache miss)
2043 http fetch GET 200 https://registry.npmjs.org/bonjour/-/bonjour-3.5.0.tgz 10551ms (cache miss)
2044 http fetch GET 200 https://registry.npmjs.org/atob/-/atob-2.1.1.tgz 10512ms (cache miss)
2045 http fetch GET 200 https://registry.npmjs.org/assign-symbols/-/assign-symbols-1.0.0.tgz 10507ms (cache miss)
2046 http fetch GET 200 https://registry.npmjs.org/async-foreach/-/async-foreach-0.1.3.tgz 10512ms (cache miss)
2047 http fetch GET 200 https://registry.npmjs.org/assert/-/assert-1.4.1.tgz 10507ms (cache miss)
2048 http fetch GET 200 https://registry.npmjs.org/boom/-/boom-2.10.1.tgz 10578ms (cache miss)
2049 http fetch GET 200 https://registry.npmjs.org/babel-messages/-/babel-messages-6.23.0.tgz 10536ms (cache miss)
2050 http fetch GET 200 https://registry.npmjs.org/arrify/-/arrify-1.0.1.tgz 10515ms (cache miss)
2051 http fetch GET 200 https://registry.npmjs.org/asap/-/asap-2.0.6.tgz 10516ms (cache miss)
2052 http fetch GET 200 https://registry.npmjs.org/array-uniq/-/array-uniq-1.0.3.tgz 10514ms (cache miss)
2053 http fetch GET 200 https://registry.npmjs.org/asn1/-/asn1-0.2.3.tgz 10519ms (cache miss)
2054 http fetch GET 200 https://registry.npmjs.org/arraybuffer.slice/-/arraybuffer.slice-0.0.6.tgz 10515ms (cache miss)
2055 http fetch GET 200 https://registry.npmjs.org/array-union/-/array-union-1.0.2.tgz 10511ms (cache miss)
2056 http fetch GET 200 https://registry.npmjs.org/array-includes/-/array-includes-3.0.3.tgz 10510ms (cache miss)
2057 http fetch GET 200 https://registry.npmjs.org/array-unique/-/array-unique-0.3.2.tgz 10514ms (cache miss)
2058 http fetch GET 200 https://registry.npmjs.org/socket.io-client/-/socket.io-client-1.7.3.tgz 11700ms (cache miss)
2059 http fetch GET 200 https://registry.npmjs.org/babel-template/-/babel-template-6.26.0.tgz 10563ms (cache miss)
2060 http fetch GET 200 https://registry.npmjs.org/async-each/-/async-each-1.0.1.tgz 10547ms (cache miss)
2061 http fetch GET 200 https://registry.npmjs.org/assert-plus/-/assert-plus-1.0.0.tgz 10543ms (cache miss)
2062 http fetch GET 200 https://registry.npmjs.org/array-flatten/-/array-flatten-2.1.1.tgz 10527ms (cache miss)
2063 http fetch GET 200 https://registry.npmjs.org/array-find-index/-/array-find-index-1.0.2.tgz 10525ms (cache miss)
2064 http fetch GET 200 https://registry.npmjs.org/array-slice/-/array-slice-0.2.3.tgz 10529ms (cache miss)
2065 http fetch GET 200 https://registry.npmjs.org/asn1.js/-/asn1.js-4.10.1.tgz 10564ms (cache miss)
2066 http fetch GET 200 https://registry.npmjs.org/aproba/-/aproba-1.2.0.tgz 10535ms (cache miss)
2067 http fetch GET 200 https://registry.npmjs.org/arr-diff/-/arr-diff-4.0.0.tgz 10543ms (cache miss)
2068 http fetch GET 200 https://registry.npmjs.org/append-transform/-/append-transform-1.0.0.tgz 10534ms (cache miss)
2069 http fetch GET 200 https://registry.npmjs.org/are-we-there-yet/-/are-we-there-yet-1.1.5.tgz 10538ms (cache miss)
2070 http fetch GET 200 https://registry.npmjs.org/arr-union/-/arr-union-3.1.0.tgz 10543ms (cache miss)
2071 http fetch GET 200 https://registry.npmjs.org/ansi-regex/-/ansi-regex-2.1.1.tgz 10529ms (cache miss)
2072 http fetch GET 200 https://registry.npmjs.org/arr-flatten/-/arr-flatten-1.1.0.tgz 10599ms (cache miss)
2073 http fetch GET 200 https://registry.npmjs.org/anymatch/-/anymatch-2.0.0.tgz 10577ms (cache miss)
2074 http fetch GET 200 https://registry.npmjs.org/ansi-html/-/ansi-html-0.0.7.tgz 10575ms (cache miss)
2075 http fetch GET 200 https://registry.npmjs.org/ansi-styles/-/ansi-styles-3.2.1.tgz 10579ms (cache miss)
2076 http fetch GET 200 https://registry.npmjs.org/align-text/-/align-text-0.1.4.tgz 10575ms (cache miss)
2077 http fetch GET 200 https://registry.npmjs.org/amdefine/-/amdefine-1.0.1.tgz 10578ms (cache miss)
2078 http fetch GET 200 https://registry.npmjs.org/webdriver-js-extender/-/webdriver-js-extender-1.0.0.tgz 11973ms (cache miss)
2079 http fetch GET 200 https://registry.npmjs.org/browserify-aes/-/browserify-aes-1.2.0.tgz 10701ms (cache miss)
2080 http fetch GET 200 https://registry.npmjs.org/app-root-path/-/app-root-path-2.1.0.tgz 10601ms (cache miss)
2081 http fetch GET 200 https://registry.npmjs.org/agent-base/-/agent-base-4.2.1.tgz 10589ms (cache miss)
2082 http fetch GET 200 https://registry.npmjs.org/acorn-dynamic-import/-/acorn-dynamic-import-3.0.0.tgz 10586ms (cache miss)
2083 http fetch GET 200 https://registry.npmjs.org/accepts/-/accepts-1.3.5.tgz 10585ms (cache miss)
2084 http fetch GET 200 https://registry.npmjs.org/js-yaml/-/js-yaml-3.12.0.tgz 11290ms (cache miss)
2085 http fetch GET 200 https://registry.npmjs.org/asynckit/-/asynckit-0.4.0.tgz 10657ms (cache miss)
2086 http fetch GET 200 https://registry.npmjs.org/tsutils/-/tsutils-2.28.0.tgz 11929ms (cache miss)
2087 http fetch GET 200 https://registry.npmjs.org/async/-/async-1.5.2.tgz 10663ms (cache miss)
2088 http fetch GET 200 https://registry.npmjs.org/after/-/after-0.8.2.tgz 10611ms (cache miss)
2089 http fetch GET 200 https://registry.npmjs.org/sax/-/sax-0.5.8.tgz 11794ms (cache miss)
2090 http fetch GET 200 https://registry.npmjs.org/serve-index/-/serve-index-1.9.1.tgz 11813ms (cache miss)
2091 http fetch GET 200 https://registry.npmjs.org/iconv-lite/-/iconv-lite-0.4.19.tgz 11215ms (cache miss)
2092 http fetch GET 200 https://registry.npmjs.org/hawk/-/hawk-3.1.3.tgz 11190ms (cache miss)
2093 http fetch GET 200 https://registry.npmjs.org/abbrev/-/abbrev-1.0.9.tgz 10644ms (cache miss)
2094 http fetch GET 200 https://registry.npmjs.org/browserify-zlib/-/browserify-zlib-0.2.0.tgz 10788ms (cache miss)
2095 http fetch GET 200 https://registry.npmjs.org/enhanced-resolve/-/enhanced-resolve-4.1.0.tgz 11065ms (cache miss)
2096 http fetch GET 200 https://registry.npmjs.org/pako/-/pako-1.0.6.tgz 11637ms (cache miss)
2097 http fetch GET 200 https://registry.npmjs.org/babel-types/-/babel-types-6.26.0.tgz 10773ms (cache miss)
2098 http fetch GET 200 https://registry.npmjs.org/postcss/-/postcss-6.0.23.tgz 11714ms (cache miss)
2099 http fetch GET 200 https://registry.npmjs.org/es6-promise/-/es6-promise-4.2.4.tgz 11126ms (cache miss)
2100 http fetch GET 200 https://registry.npmjs.org/@webassemblyjs/wasm-edit/-/wasm-edit-1.4.3.tgz 10719ms (cache miss)
2101 http fetch GET 200 https://registry.npmjs.org/@webpack-contrib/schema-utils/-/schema-utils-1.0.0-beta.0.tgz 10734ms (cache miss)
2102 http fetch GET 200 https://registry.npmjs.org/@webassemblyjs/wasm-gen/-/wasm-gen-1.4.3.tgz 10723ms (cache miss)
2103 http fetch GET 200 https://registry.npmjs.org/@webassemblyjs/helper-buffer/-/helper-buffer-1.4.3.tgz 10710ms (cache miss)
2104 http fetch GET 200 https://registry.npmjs.org/@webassemblyjs/helper-wasm-section/-/helper-wasm-section-1.4.3.tgz 10716ms (cache miss)
2105 http fetch GET 200 https://registry.npmjs.org/renderkid/-/renderkid-2.0.1.tgz 11862ms (cache miss)
2106 http fetch GET 200 https://registry.npmjs.org/istanbul-reports/-/istanbul-reports-1.3.0.tgz 11434ms (cache miss)
2107 http fetch GET 200 https://registry.npmjs.org/babylon/-/babylon-6.18.0.tgz 10825ms (cache miss)
2108 http fetch GET 200 https://registry.npmjs.org/babel-generator/-/babel-generator-6.26.1.tgz 10824ms (cache miss)
2109 http fetch GET 200 https://registry.npmjs.org/@webassemblyjs/helper-wasm-bytecode/-/helper-wasm-bytecode-1.4.3.tgz 10733ms (cache miss)
2110 http fetch GET 200 https://registry.npmjs.org/@webassemblyjs/validation/-/validation-1.4.3.tgz 10739ms (cache miss)
2111 http fetch GET 200 https://registry.npmjs.org/@webassemblyjs/helper-fsm/-/helper-fsm-1.4.3.tgz 10733ms (cache miss)
2112 http fetch GET 200 https://registry.npmjs.org/@webassemblyjs/wasm-opt/-/wasm-opt-1.4.3.tgz 10742ms (cache miss)
2113 http fetch GET 200 https://registry.npmjs.org/es-abstract/-/es-abstract-1.12.0.tgz 11159ms (cache miss)
2114 http fetch GET 200 https://registry.npmjs.org/@webassemblyjs/wasm-parser/-/wasm-parser-1.4.3.tgz 10762ms (cache miss)
2115 http fetch GET 200 https://registry.npmjs.org/nan/-/nan-2.10.0.tgz 11615ms (cache miss)
2116 http fetch GET 200 https://registry.npmjs.org/cacache/-/cacache-10.0.4.tgz 10942ms (cache miss)
2117 http fetch GET 200 https://registry.npmjs.org/uri-js/-/uri-js-3.0.2.tgz 12161ms (cache miss)
2118 http fetch GET 200 https://registry.npmjs.org/htmlparser2/-/htmlparser2-3.3.0.tgz 11367ms (cache miss)
2119 http fetch GET 200 https://registry.npmjs.org/ajv-keywords/-/ajv-keywords-3.2.0.tgz 10917ms (cache miss)
2120 http fetch GET 200 https://registry.npmjs.org/argparse/-/argparse-1.0.10.tgz 10963ms (cache miss)
2121 http fetch GET 200 https://registry.npmjs.org/istanbul/-/istanbul-0.4.5.tgz 11627ms (cache miss)
2122 http fetch GET 200 https://registry.npmjs.org/jasmine-core/-/jasmine-core-2.99.1.tgz 11652ms (cache miss)
2123 http fetch GET 200 https://registry.npmjs.org/cuint/-/cuint-0.2.2.tgz 11254ms (cache miss)
2124 http fetch GET 200 https://registry.npmjs.org/babel-traverse/-/babel-traverse-6.26.0.tgz 11083ms (cache miss)
2125 http fetch GET 200 https://registry.npmjs.org/tsickle/-/tsickle-0.29.0.tgz 12372ms (cache miss)
2126 http fetch GET 200 https://registry.npmjs.org/@types/q/-/q-0.0.32.tgz 11015ms (cache miss)
2127 http fetch GET 200 https://registry.npmjs.org/@types/jasmine/-/jasmine-2.8.8.tgz 11017ms (cache miss)
2128 http fetch GET 200 https://registry.npmjs.org/@webassemblyjs/leb128/-/leb128-1.4.3.tgz 11038ms (cache miss)
2129 http fetch GET 200 https://registry.npmjs.org/blocking-proxy/-/blocking-proxy-1.0.1.tgz 11169ms (cache miss)
2130 http fetch GET 200 https://registry.npmjs.org/jszip/-/jszip-3.1.5.tgz 11782ms (cache miss)
2131 http fetch GET 200 https://registry.npmjs.org/@webassemblyjs/wast-printer/-/wast-printer-1.4.3.tgz 11075ms (cache miss)
2132 http fetch GET 200 https://registry.npmjs.org/@webassemblyjs/wast-parser/-/wast-parser-1.4.3.tgz 11073ms (cache miss)
2133 http fetch GET 200 https://registry.npmjs.org/sockjs-client/-/sockjs-client-1.1.5.tgz 12319ms (cache miss)
2134 http fetch GET 200 https://registry.npmjs.org/http-proxy/-/http-proxy-1.17.0.tgz 11662ms (cache miss)
2135 http fetch GET 200 https://registry.npmjs.org/buffer/-/buffer-4.9.1.tgz 11243ms (cache miss)
2136 http fetch GET 200 https://registry.npmjs.org/@webassemblyjs/floating-point-hex-parser/-/floating-point-hex-parser-1.4.3.tgz 11077ms (cache miss)
2137 http fetch GET 200 https://registry.npmjs.org/@webassemblyjs/helper-code-frame/-/helper-code-frame-1.4.3.tgz 11092ms (cache miss)
2138 http fetch GET 200 https://registry.npmjs.org/acorn/-/acorn-5.7.1.tgz 11136ms (cache miss)
2139 http fetch GET 200 https://registry.npmjs.org/diff/-/diff-3.5.0.tgz 11445ms (cache miss)
2140 http fetch GET 200 https://registry.npmjs.org/adm-zip/-/adm-zip-0.4.4.tgz 11156ms (cache miss)
2141 http fetch GET 200 https://registry.npmjs.org/@types/selenium-webdriver/-/selenium-webdriver-2.53.43.tgz 11133ms (cache miss)
2142 http fetch GET 200 https://registry.npmjs.org/resolve/-/resolve-1.8.1.tgz 12325ms (cache miss)
2143 http fetch GET 200 https://registry.npmjs.org/neo-async/-/neo-async-2.5.1.tgz 12055ms (cache miss)
2144 http fetch GET 200 https://registry.npmjs.org/log4js/-/log4js-0.6.38.tgz 11980ms (cache miss)
2145 http fetch GET 200 https://registry.npmjs.org/@types/node/-/node-8.9.5.tgz 11179ms (cache miss)
2146 http fetch GET 200 https://registry.npmjs.org/@schematics/update/-/update-0.6.8.tgz 11314ms (cache miss)
2147 http fetch GET 200 https://registry.npmjs.org/bluebird/-/bluebird-3.5.1.tgz 11632ms (cache miss)
2148 http fetch GET 200 https://registry.npmjs.org/jasmine-spec-reporter/-/jasmine-spec-reporter-4.2.1.tgz 12238ms (cache miss)
2149 http fetch GET 200 https://registry.npmjs.org/@webassemblyjs/ast/-/ast-1.4.3.tgz 11524ms (cache miss)
2150 http fetch GET 200 https://registry.npmjs.org/@types/jasminewd2/-/jasminewd2-2.0.3.tgz 11531ms (cache miss)
2151 http fetch GET 200 https://registry.npmjs.org/sax/-/sax-1.2.4.tgz 11651ms (cache miss)
2152 http fetch GET 200 https://registry.npmjs.org/karma/-/karma-1.7.1.tgz 12460ms (cache miss)
2153 http fetch GET 200 https://registry.npmjs.org/stylus/-/stylus-0.54.5.tgz 13069ms (cache miss)
2154 http fetch GET 200 https://registry.npmjs.org/camelcase/-/camelcase-3.0.0.tgz 11711ms (cache miss)
2155 http fetch GET 200 https://registry.npmjs.org/autoprefixer/-/autoprefixer-8.6.5.tgz 11956ms (cache miss)
2156 http fetch GET 200 https://registry.npmjs.org/y18n/-/y18n-3.2.1.tgz 11815ms (cache miss)
2157 http fetch GET 200 https://registry.npmjs.org/yargs-parser/-/yargs-parser-9.0.2.tgz 11851ms (cache miss)
2158 http fetch GET 200 https://registry.npmjs.org/which-module/-/which-module-2.0.0.tgz 11940ms (cache miss)
2159 http fetch GET 200 https://registry.npmjs.org/os-locale/-/os-locale-2.1.0.tgz 11978ms (cache miss)
2160 http fetch GET 200 https://registry.npmjs.org/is-fullwidth-code-point/-/is-fullwidth-code-point-2.0.0.tgz 11981ms (cache miss)
2161 http fetch GET 200 https://registry.npmjs.org/protractor/-/protractor-5.3.2.tgz 13153ms (cache miss)
2162 http fetch GET 200 https://registry.npmjs.org/string-width/-/string-width-2.1.1.tgz 12082ms (cache miss)
2163 http fetch GET 200 https://registry.npmjs.org/strip-ansi/-/strip-ansi-4.0.0.tgz 12078ms (cache miss)
2164 http fetch GET 200 https://registry.npmjs.org/cliui/-/cliui-4.1.0.tgz 12230ms (cache miss)
2165 http fetch GET 200 https://registry.npmjs.org/strip-ansi/-/strip-ansi-4.0.0.tgz 12266ms (cache miss)
2166 http fetch GET 200 https://registry.npmjs.org/ansi-regex/-/ansi-regex-3.0.0.tgz 12267ms (cache miss)
2167 http fetch GET 200 https://registry.npmjs.org/camelcase/-/camelcase-4.1.0.tgz 12263ms (cache miss)
2168 http fetch GET 200 https://registry.npmjs.org/source-list-map/-/source-list-map-0.1.8.tgz 12263ms (cache miss)
2169 http fetch GET 200 https://registry.npmjs.org/tmp/-/tmp-0.0.24.tgz 12303ms (cache miss)
2170 http fetch GET 200 https://registry.npmjs.org/has-values/-/has-values-0.1.4.tgz 12339ms (cache miss)
2171 http fetch GET 200 https://registry.npmjs.org/isobject/-/isobject-2.1.0.tgz 12339ms (cache miss)
2172 http fetch GET 200 https://registry.npmjs.org/punycode/-/punycode-1.3.2.tgz 12350ms (cache miss)
2173 http fetch GET 200 https://registry.npmjs.org/set-value/-/set-value-0.4.3.tgz 12336ms (cache miss)
2174 http fetch GET 200 https://registry.npmjs.org/extend-shallow/-/extend-shallow-2.0.1.tgz 12372ms (cache miss)
2175 http fetch GET 200 https://registry.npmjs.org/has-value/-/has-value-0.3.1.tgz 12425ms (cache miss)
2176 http fetch GET 200 https://registry.npmjs.org/commander/-/commander-2.13.0.tgz 12413ms (cache miss)
2177 http fetch GET 200 https://registry.npmjs.org/debug/-/debug-3.1.0.tgz 12490ms (cache miss)
2178 http fetch GET 200 https://registry.npmjs.org/punycode/-/punycode-1.4.1.tgz 12443ms (cache miss)
2179 http fetch GET 200 https://registry.npmjs.org/chalk/-/chalk-2.4.1.tgz 12492ms (cache miss)
2180 http fetch GET 200 https://registry.npmjs.org/minimist/-/minimist-1.2.0.tgz 12491ms (cache miss)
2181 http fetch GET 200 https://registry.npmjs.org/glob/-/glob-6.0.4.tgz 12488ms (cache miss)
2182 http fetch GET 200 https://registry.npmjs.org/kind-of/-/kind-of-3.2.2.tgz 12486ms (cache miss)
2183 http fetch GET 200 https://registry.npmjs.org/define-property/-/define-property-0.2.5.tgz 12481ms (cache miss)
2184 http fetch GET 200 https://registry.npmjs.org/glob/-/glob-7.0.6.tgz 12483ms (cache miss)
2185 http fetch GET 200 https://registry.npmjs.org/extend-shallow/-/extend-shallow-2.0.1.tgz 12488ms (cache miss)
2186 http fetch GET 200 https://registry.npmjs.org/ms/-/ms-0.7.1.tgz 12519ms (cache miss)
2187 http fetch GET 200 https://registry.npmjs.org/ms/-/ms-0.7.2.tgz 12516ms (cache miss)
2188 http fetch GET 200 https://registry.npmjs.org/isarray/-/isarray-0.0.1.tgz 12519ms (cache miss)
2189 http fetch GET 200 https://registry.npmjs.org/debug/-/debug-2.3.3.tgz 12514ms (cache miss)
2190 http fetch GET 200 https://registry.npmjs.org/component-emitter/-/component-emitter-1.1.2.tgz 12519ms (cache miss)
2191 http fetch GET 200 https://registry.npmjs.org/chalk/-/chalk-2.4.1.tgz 12590ms (cache miss)
2192 http fetch GET 200 https://registry.npmjs.org/minimist/-/minimist-1.2.0.tgz 12592ms (cache miss)
2193 http fetch GET 200 https://registry.npmjs.org/xml2js/-/xml2js-0.4.4.tgz 12670ms (cache miss)
2194 http fetch GET 200 https://registry.npmjs.org/is-data-descriptor/-/is-data-descriptor-1.0.0.tgz 12602ms (cache miss)
2195 http fetch GET 200 https://registry.npmjs.org/kind-of/-/kind-of-3.2.2.tgz 12681ms (cache miss)
2196 http fetch GET 200 https://registry.npmjs.org/define-property/-/define-property-0.2.5.tgz 12670ms (cache miss)
2197 http fetch GET 200 https://registry.npmjs.org/debug/-/debug-2.2.0.tgz 12698ms (cache miss)
2198 http fetch GET 200 https://registry.npmjs.org/object-assign/-/object-assign-4.1.0.tgz 12693ms (cache miss)
2199 http fetch GET 200 https://registry.npmjs.org/extend-shallow/-/extend-shallow-2.0.1.tgz 12672ms (cache miss)
2200 http fetch GET 200 https://registry.npmjs.org/mime/-/mime-1.4.1.tgz 12670ms (cache miss)
2201 http fetch GET 200 https://registry.npmjs.org/ms/-/ms-0.7.2.tgz 12751ms (cache miss)
2202 http fetch GET 200 https://registry.npmjs.org/ms/-/ms-0.7.2.tgz 12748ms (cache miss)
2203 http fetch GET 200 https://registry.npmjs.org/is-descriptor/-/is-descriptor-1.0.2.tgz 12740ms (cache miss)
2204 http fetch GET 200 https://registry.npmjs.org/debug/-/debug-2.3.3.tgz 12752ms (cache miss)
2205 http fetch GET 200 https://registry.npmjs.org/is-accessor-descriptor/-/is-accessor-descriptor-1.0.0.tgz 12736ms (cache miss)
2206 http fetch GET 200 https://registry.npmjs.org/debug/-/debug-2.3.3.tgz 12744ms (cache miss)
2207 http fetch GET 200 https://registry.npmjs.org/define-property/-/define-property-1.0.0.tgz 12735ms (cache miss)
2208 http fetch GET 200 https://registry.npmjs.org/y18n/-/y18n-3.2.1.tgz 12723ms (cache miss)
2209 http fetch GET 200 https://registry.npmjs.org/camelcase/-/camelcase-3.0.0.tgz 12721ms (cache miss)
2210 http fetch GET 200 https://registry.npmjs.org/jsesc/-/jsesc-0.5.0.tgz 12720ms (cache miss)
2211 http fetch GET 200 https://registry.npmjs.org/cliui/-/cliui-3.2.0.tgz 12725ms (cache miss)
2212 http fetch GET 200 https://registry.npmjs.org/find-up/-/find-up-1.1.2.tgz 12721ms (cache miss)
2213 http fetch GET 200 https://registry.npmjs.org/mime/-/mime-2.3.1.tgz 12891ms (cache miss)
2214 http fetch GET 200 https://registry.npmjs.org/kind-of/-/kind-of-5.1.0.tgz 12809ms (cache miss)
2215 http fetch GET 200 https://registry.npmjs.org/pify/-/pify-2.3.0.tgz 12795ms (cache miss)
2216 http fetch GET 200 https://registry.npmjs.org/path-exists/-/path-exists-2.1.0.tgz 12797ms (cache miss)
2217 http fetch GET 200 https://registry.npmjs.org/setprototypeof/-/setprototypeof-1.0.3.tgz 12793ms (cache miss)
2218 http fetch GET 200 https://registry.npmjs.org/path-type/-/path-type-1.1.0.tgz 12795ms (cache miss)
2219 http fetch GET 200 https://registry.npmjs.org/http-errors/-/http-errors-1.6.2.tgz 12792ms (cache miss)
2220 http fetch GET 200 https://registry.npmjs.org/mime/-/mime-2.3.1.tgz 12932ms (cache miss)
2221 http fetch GET 200 https://registry.npmjs.org/minimist/-/minimist-1.2.0.tgz 12824ms (cache miss)
2222 http fetch GET 200 https://registry.npmjs.org/globby/-/globby-5.0.0.tgz 12824ms (cache miss)
2223 http fetch GET 200 https://registry.npmjs.org/supports-color/-/supports-color-2.0.0.tgz 12829ms (cache miss)
2224 http fetch GET 200 https://registry.npmjs.org/chalk/-/chalk-2.4.1.tgz 12866ms (cache miss)
2225 http fetch GET 200 https://registry.npmjs.org/ansi-styles/-/ansi-styles-2.2.1.tgz 12872ms (cache miss)
2226 http fetch GET 200 https://registry.npmjs.org/del/-/del-2.2.2.tgz 12876ms (cache miss)
2227 http fetch GET 200 https://registry.npmjs.org/depd/-/depd-1.1.1.tgz 12939ms (cache miss)
2228 http fetch GET 200 https://registry.npmjs.org/is-number/-/is-number-4.0.0.tgz 12938ms (cache miss)
2229 http fetch GET 200 https://registry.npmjs.org/chalk/-/chalk-1.1.3.tgz 12921ms (cache miss)
2230 http fetch GET 200 https://registry.npmjs.org/kind-of/-/kind-of-3.2.2.tgz 12910ms (cache miss)
2231 http fetch GET 200 https://registry.npmjs.org/is-glob/-/is-glob-2.0.1.tgz 12915ms (cache miss)
2232 http fetch GET 200 https://registry.npmjs.org/for-own/-/for-own-0.1.5.tgz 12912ms (cache miss)
2233 http fetch GET 200 https://registry.npmjs.org/define-property/-/define-property-0.2.5.tgz 12910ms (cache miss)
2234 http fetch GET 200 https://registry.npmjs.org/is-extglob/-/is-extglob-1.0.0.tgz 12916ms (cache miss)
2235 http fetch GET 200 https://registry.npmjs.org/pify/-/pify-2.3.0.tgz 13022ms (cache miss)
2236 http fetch GET 200 https://registry.npmjs.org/pify/-/pify-2.3.0.tgz 13009ms (cache miss)
2237 http fetch GET 200 https://registry.npmjs.org/source-map-support/-/source-map-support-0.4.18.tgz 13006ms (cache miss)
2238 http fetch GET 200 https://registry.npmjs.org/wordwrap/-/wordwrap-0.0.3.tgz 12993ms (cache miss)
2239 http fetch GET 200 https://registry.npmjs.org/punycode/-/punycode-1.4.1.tgz 12986ms (cache miss)
2240 http fetch GET 200 https://registry.npmjs.org/performance-now/-/performance-now-0.2.0.tgz 12982ms (cache miss)
2241 http fetch GET 200 https://registry.npmjs.org/supports-color/-/supports-color-2.0.0.tgz 13048ms (cache miss)
2242 http fetch GET 200 https://registry.npmjs.org/form-data/-/form-data-2.1.4.tgz 13035ms (cache miss)
2243 http fetch GET 200 https://registry.npmjs.org/for-in/-/for-in-0.1.8.tgz 13023ms (cache miss)
2244 http fetch GET 200 https://registry.npmjs.org/ansi-styles/-/ansi-styles-2.2.1.tgz 13109ms (cache miss)
2245 http fetch GET 200 https://registry.npmjs.org/semver/-/semver-5.3.0.tgz 13107ms (cache miss)
2246 http fetch GET 200 https://registry.npmjs.org/minimist/-/minimist-1.2.0.tgz 13085ms (cache miss)
2247 http fetch GET 200 https://registry.npmjs.org/assert-plus/-/assert-plus-0.2.0.tgz 13092ms (cache miss)
2248 http fetch GET 200 https://registry.npmjs.org/is-extendable/-/is-extendable-1.0.1.tgz 13087ms (cache miss)
2249 http fetch GET 200 https://registry.npmjs.org/isarray/-/isarray-0.0.1.tgz 13081ms (cache miss)
2250 http fetch GET 200 https://registry.npmjs.org/string_decoder/-/string_decoder-0.10.31.tgz 13083ms (cache miss)
2251 http fetch GET 200 https://registry.npmjs.org/clean-css/-/clean-css-4.1.11.tgz 13560ms (cache miss)
2252 http fetch GET 200 https://registry.npmjs.org/chalk/-/chalk-1.1.3.tgz 13160ms (cache miss)
2253 http fetch GET 200 https://registry.npmjs.org/is-glob/-/is-glob-2.0.1.tgz 13118ms (cache miss)
2254 http fetch GET 200 https://registry.npmjs.org/is-extglob/-/is-extglob-1.0.0.tgz 13115ms (cache miss)
2255 http fetch GET 200 https://registry.npmjs.org/aws-sign2/-/aws-sign2-0.6.0.tgz 13147ms (cache miss)
2256 http fetch GET 200 https://registry.npmjs.org/pify/-/pify-2.3.0.tgz 13129ms (cache miss)
2257 http fetch GET 200 https://registry.npmjs.org/har-schema/-/har-schema-1.0.5.tgz 13150ms (cache miss)
2258 http fetch GET 200 https://registry.npmjs.org/node-forge/-/node-forge-0.7.5.tgz 14313ms (cache miss)
2259 http fetch GET 200 https://registry.npmjs.org/micromatch/-/micromatch-2.3.11.tgz 13176ms (cache miss)
2260 http fetch GET 200 https://registry.npmjs.org/kind-of/-/kind-of-3.2.2.tgz 13175ms (cache miss)
2261 http fetch GET 200 https://registry.npmjs.org/glob-parent/-/glob-parent-2.0.0.tgz 13172ms (cache miss)
2262 http fetch GET 200 https://registry.npmjs.org/extglob/-/extglob-0.3.2.tgz 13170ms (cache miss)
2263 http fetch GET 200 https://registry.npmjs.org/expand-brackets/-/expand-brackets-0.1.5.tgz 13169ms (cache miss)
2264 http fetch GET 200 https://registry.npmjs.org/array-unique/-/array-unique-0.2.1.tgz 13245ms (cache miss)
2265 http fetch GET 200 https://registry.npmjs.org/arr-diff/-/arr-diff-2.0.0.tgz 13247ms (cache miss)
2266 http fetch GET 200 https://registry.npmjs.org/source-map/-/source-map-0.4.4.tgz 13501ms (cache miss)
2267 http fetch GET 200 https://registry.npmjs.org/http-signature/-/http-signature-1.1.1.tgz 13353ms (cache miss)
2268 http fetch GET 200 https://registry.npmjs.org/string_decoder/-/string_decoder-0.10.31.tgz 13308ms (cache miss)
2269 http fetch GET 200 https://registry.npmjs.org/readable-stream/-/readable-stream-1.0.34.tgz 13336ms (cache miss)
2270 http fetch GET 200 https://registry.npmjs.org/anymatch/-/anymatch-1.3.2.tgz 13310ms (cache miss)
2271 http fetch GET 200 https://registry.npmjs.org/braces/-/braces-1.8.5.tgz 13316ms (cache miss)
2272 http fetch GET 200 https://registry.npmjs.org/process-nextick-args/-/process-nextick-args-1.0.7.tgz 13309ms (cache miss)
2273 http fetch GET 200 https://registry.npmjs.org/@types/node/-/node-6.0.114.tgz 13442ms (cache miss)
2274 http fetch GET 200 https://registry.npmjs.org/schema-utils/-/schema-utils-0.3.0.tgz 13353ms (cache miss)
2275 http fetch GET 200 https://registry.npmjs.org/supports-color/-/supports-color-3.2.3.tgz 13357ms (cache miss)
2276 http fetch GET 200 https://registry.npmjs.org/has-flag/-/has-flag-1.0.0.tgz 13357ms (cache miss)
2277 http fetch GET 200 https://registry.npmjs.org/faye-websocket/-/faye-websocket-0.11.1.tgz 13589ms (cache miss)
2278 http fetch GET 200 https://registry.npmjs.org/@angular-devkit/architect/-/architect-0.6.8.tgz 13666ms (cache miss)
2279 http fetch GET 200 https://registry.npmjs.org/kind-of/-/kind-of-3.2.2.tgz 13414ms (cache miss)
2280 http fetch GET 200 https://registry.npmjs.org/kind-of/-/kind-of-3.2.2.tgz 13413ms (cache miss)
2281 http fetch GET 200 https://registry.npmjs.org/kind-of/-/kind-of-3.2.2.tgz 13411ms (cache miss)
2282 http fetch GET 200 https://registry.npmjs.org/resolve/-/resolve-1.1.7.tgz 13423ms (cache miss)
2283 http fetch GET 200 https://registry.npmjs.org/chokidar/-/chokidar-1.7.0.tgz 13539ms (cache miss)
2284 http fetch GET 200 https://registry.npmjs.org/glob/-/glob-5.0.15.tgz 13506ms (cache miss)
2285 http fetch GET 200 https://registry.npmjs.org/string_decoder/-/string_decoder-0.10.31.tgz 13499ms (cache miss)
2286 http fetch GET 200 https://registry.npmjs.org/kind-of/-/kind-of-5.1.0.tgz 13573ms (cache miss)
2287 http fetch GET 200 https://registry.npmjs.org/isarray/-/isarray-0.0.1.tgz 13567ms (cache miss)
2288 http fetch GET 200 https://registry.npmjs.org/isarray/-/isarray-0.0.1.tgz 13563ms (cache miss)
2289 http fetch GET 200 https://registry.npmjs.org/kind-of/-/kind-of-4.0.0.tgz 13565ms (cache miss)
2290 http fetch GET 200 https://registry.npmjs.org/supports-color/-/supports-color-3.2.3.tgz 13644ms (cache miss)
2291 http fetch GET 200 https://registry.npmjs.org/has-flag/-/has-flag-1.0.0.tgz 13641ms (cache miss)
2292 http fetch GET 200 https://registry.npmjs.org/loader-utils/-/loader-utils-0.2.17.tgz 13629ms (cache miss)
2293 http fetch GET 200 https://registry.npmjs.org/domutils/-/domutils-1.1.6.tgz 13630ms (cache miss)
2294 http fetch GET 200 https://registry.npmjs.org/is-glob/-/is-glob-2.0.1.tgz 13621ms (cache miss)
2295 http fetch GET 200 https://registry.npmjs.org/is-extglob/-/is-extglob-1.0.0.tgz 13616ms (cache miss)
2296 http fetch GET 200 https://registry.npmjs.org/glob-parent/-/glob-parent-2.0.0.tgz 13619ms (cache miss)
2297 http fetch GET 200 https://registry.npmjs.org/is-glob/-/is-glob-3.1.0.tgz 13624ms (cache miss)
2298 http fetch GET 200 https://registry.npmjs.org/is-accessor-descriptor/-/is-accessor-descriptor-1.0.0.tgz 13673ms (cache miss)
2299 http fetch GET 200 https://registry.npmjs.org/extend-shallow/-/extend-shallow-2.0.1.tgz 13677ms (cache miss)
2300 http fetch GET 200 https://registry.npmjs.org/extend-shallow/-/extend-shallow-2.0.1.tgz 13672ms (cache miss)
2301 http fetch GET 200 https://registry.npmjs.org/extend-shallow/-/extend-shallow-2.0.1.tgz 13660ms (cache miss)
2302 http fetch GET 200 https://registry.npmjs.org/is-descriptor/-/is-descriptor-1.0.2.tgz 13678ms (cache miss)
2303 http fetch GET 200 https://registry.npmjs.org/is-data-descriptor/-/is-data-descriptor-1.0.0.tgz 13677ms (cache miss)
2304 http fetch GET 200 https://registry.npmjs.org/debug/-/debug-3.1.0.tgz 13786ms (cache miss)
2305 http fetch GET 200 https://registry.npmjs.org/readable-stream/-/readable-stream-1.0.34.tgz 13765ms (cache miss)
2306 http fetch GET 200 https://registry.npmjs.org/is-extendable/-/is-extendable-1.0.1.tgz 13735ms (cache miss)
2307 http fetch GET 200 https://registry.npmjs.org/kind-of/-/kind-of-3.2.2.tgz 13732ms (cache miss)
2308 http fetch GET 200 https://registry.npmjs.org/define-property/-/define-property-1.0.0.tgz 13738ms (cache miss)
2309 http fetch GET 200 https://registry.npmjs.org/isobject/-/isobject-2.1.0.tgz 13732ms (cache miss)
2310 http fetch GET 200 https://registry.npmjs.org/define-property/-/define-property-0.2.5.tgz 13806ms (cache miss)
2311 http fetch GET 200 https://registry.npmjs.org/is-number/-/is-number-2.1.0.tgz 13812ms (cache miss)
2312 http fetch GET 200 https://registry.npmjs.org/array-flatten/-/array-flatten-1.1.1.tgz 13817ms (cache miss)
2313 http fetch GET 200 https://registry.npmjs.org/repeat-string/-/repeat-string-0.2.2.tgz 13805ms (cache miss)
2314 http fetch GET 200 https://registry.npmjs.org/debug/-/debug-3.1.0.tgz 13903ms (cache miss)
2315 http fetch GET 200 https://registry.npmjs.org/array-unique/-/array-unique-0.2.1.tgz 13850ms (cache miss)
2316 http fetch GET 200 https://registry.npmjs.org/braces/-/braces-0.1.5.tgz 13852ms (cache miss)
2317 http fetch GET 200 https://registry.npmjs.org/estraverse/-/estraverse-4.2.0.tgz 13848ms (cache miss)
2318 http fetch GET 200 https://registry.npmjs.org/cross-spawn/-/cross-spawn-5.1.0.tgz 13851ms (cache miss)
2319 http fetch GET 200 https://registry.npmjs.org/ms/-/ms-0.7.2.tgz 13846ms (cache miss)
2320 http fetch GET 200 https://registry.npmjs.org/ms/-/ms-0.7.2.tgz 13844ms (cache miss)
2321 http fetch GET 200 https://registry.npmjs.org/safe-buffer/-/safe-buffer-5.1.1.tgz 13980ms (cache miss)
2322 http fetch GET 200 https://registry.npmjs.org/fill-range/-/fill-range-2.2.4.tgz 13975ms (cache miss)
2323 http fetch GET 200 https://registry.npmjs.org/expand-range/-/expand-range-0.1.1.tgz 13968ms (cache miss)
2324 http fetch GET 200 https://registry.npmjs.org/is-number/-/is-number-0.1.1.tgz 13969ms (cache miss)
2325 http fetch GET 200 https://registry.npmjs.org/is-data-descriptor/-/is-data-descriptor-1.0.0.tgz 13946ms (cache miss)
2326 http fetch GET 200 https://registry.npmjs.org/globby/-/globby-6.1.0.tgz 13951ms (cache miss)
2327 http fetch GET 200 https://registry.npmjs.org/pify/-/pify-2.3.0.tgz 13950ms (cache miss)
2328 http fetch GET 200 https://registry.npmjs.org/source-map/-/source-map-0.4.4.tgz 14230ms (cache miss)
2329 http fetch GET 200 https://registry.npmjs.org/accepts/-/accepts-1.3.3.tgz 14024ms (cache miss)
2330 http fetch GET 200 https://registry.npmjs.org/is-descriptor/-/is-descriptor-1.0.2.tgz 14016ms (cache miss)
2331 http fetch GET 200 https://registry.npmjs.org/is-descriptor/-/is-descriptor-1.0.2.tgz 13997ms (cache miss)
2332 http fetch GET 200 https://registry.npmjs.org/domelementtype/-/domelementtype-1.1.3.tgz 14023ms (cache miss)
2333 http fetch GET 200 https://registry.npmjs.org/is-accessor-descriptor/-/is-accessor-descriptor-1.0.0.tgz 14015ms (cache miss)
2334 http fetch GET 200 https://registry.npmjs.org/is-accessor-descriptor/-/is-accessor-descriptor-1.0.0.tgz 13993ms (cache miss)
2335 http fetch GET 200 https://registry.npmjs.org/wordwrap/-/wordwrap-0.0.2.tgz 14009ms (cache miss)
2336 http fetch GET 200 https://registry.npmjs.org/parse-json/-/parse-json-4.0.0.tgz 14013ms (cache miss)
2337 http fetch GET 200 https://registry.npmjs.org/statuses/-/statuses-1.3.1.tgz 14012ms (cache miss)
2338 http fetch GET 200 https://registry.npmjs.org/adm-zip/-/adm-zip-0.4.11.tgz 14239ms (cache miss)
2339 http fetch GET 200 https://registry.npmjs.org/debug/-/debug-3.1.0.tgz 14111ms (cache miss)
2340 http fetch GET 200 https://registry.npmjs.org/has-flag/-/has-flag-2.0.0.tgz 14049ms (cache miss)
2341 http fetch GET 200 https://registry.npmjs.org/define-property/-/define-property-0.2.5.tgz 14051ms (cache miss)
2342 http fetch GET 200 https://registry.npmjs.org/finalhandler/-/finalhandler-1.1.0.tgz 14055ms (cache miss)
2343 http fetch GET 200 https://registry.npmjs.org/camelcase/-/camelcase-2.1.1.tgz 14048ms (cache miss)
2344 http fetch GET 200 https://registry.npmjs.org/extend-shallow/-/extend-shallow-2.0.1.tgz 14042ms (cache miss)
2345 http fetch GET 200 https://registry.npmjs.org/qs/-/qs-6.4.0.tgz 14275ms (cache miss)
2346 http fetch GET 200 https://registry.npmjs.org/estraverse/-/estraverse-4.2.0.tgz 14138ms (cache miss)
2347 http fetch GET 200 https://registry.npmjs.org/debug/-/debug-2.3.3.tgz 14134ms (cache miss)
2348 http fetch GET 200 https://registry.npmjs.org/debug/-/debug-2.3.3.tgz 14132ms (cache miss)
2349 http fetch GET 200 https://registry.npmjs.org/strip-bom/-/strip-bom-3.0.0.tgz 14116ms (cache miss)
2350 http fetch GET 200 https://registry.npmjs.org/is-data-descriptor/-/is-data-descriptor-1.0.0.tgz 14096ms (cache miss)
2351 http fetch GET 200 https://registry.npmjs.org/supports-color/-/supports-color-2.0.0.tgz 14093ms (cache miss)
2352 http fetch GET 200 https://registry.npmjs.org/define-property/-/define-property-1.0.0.tgz 14095ms (cache miss)
2353 http fetch GET 200 https://registry.npmjs.org/ansi-styles/-/ansi-styles-2.2.1.tgz 14092ms (cache miss)
2354 http fetch GET 200 https://registry.npmjs.org/chalk/-/chalk-1.1.3.tgz 14093ms (cache miss)
2355 http fetch GET 200 https://registry.npmjs.org/supports-color/-/supports-color-4.5.0.tgz 14111ms (cache miss)
2356 http fetch GET 200 https://registry.npmjs.org/util/-/util-0.10.3.tgz 14093ms (cache miss)
2357 http fetch GET 200 https://registry.npmjs.org/kind-of/-/kind-of-3.2.2.tgz 14132ms (cache miss)
2358 http fetch GET 200 https://registry.npmjs.org/kind-of/-/kind-of-3.2.2.tgz 14111ms (cache miss)
2359 http fetch GET 200 https://registry.npmjs.org/inherits/-/inherits-2.0.1.tgz 14134ms (cache miss)
2360 http fetch GET 200 https://registry.npmjs.org/strip-ansi/-/strip-ansi-4.0.0.tgz 14131ms (cache miss)
2361 http fetch GET 200 https://registry.npmjs.org/ansi-regex/-/ansi-regex-3.0.0.tgz 14123ms (cache miss)
2362 http fetch GET 200 https://registry.npmjs.org/chalk/-/chalk-2.4.1.tgz 14126ms (cache miss)
2363 http fetch GET 200 https://registry.npmjs.org/har-validator/-/har-validator-4.2.1.tgz 14376ms (cache miss)
2364 http fetch GET 200 https://registry.npmjs.org/micromatch/-/micromatch-2.3.11.tgz 14172ms (cache miss)
2365 http fetch GET 200 https://registry.npmjs.org/is-extglob/-/is-extglob-1.0.0.tgz 14169ms (cache miss)
2366 http fetch GET 200 https://registry.npmjs.org/is-glob/-/is-glob-2.0.1.tgz 14168ms (cache miss)
2367 http fetch GET 200 https://registry.npmjs.org/semver/-/semver-4.3.6.tgz 14412ms (cache miss)
2368 http fetch GET 200 https://registry.npmjs.org/glob-parent/-/glob-parent-2.0.0.tgz 14217ms (cache miss)
2369 http fetch GET 200 https://registry.npmjs.org/extglob/-/extglob-0.3.2.tgz 14217ms (cache miss)
2370 http fetch GET 200 https://registry.npmjs.org/braces/-/braces-1.8.5.tgz 14215ms (cache miss)
2371 http fetch GET 200 https://registry.npmjs.org/expand-brackets/-/expand-brackets-0.1.5.tgz 14217ms (cache miss)
2372 http fetch GET 200 https://registry.npmjs.org/anymatch/-/anymatch-1.3.2.tgz 14211ms (cache miss)
2373 http fetch GET 200 https://registry.npmjs.org/arr-diff/-/arr-diff-2.0.0.tgz 14213ms (cache miss)
2374 http fetch GET 200 https://registry.npmjs.org/array-unique/-/array-unique-0.2.1.tgz 14214ms (cache miss)
2375 http fetch GET 200 https://registry.npmjs.org/request/-/request-2.81.0.tgz 14486ms (cache miss)
2376 http fetch GET 200 https://registry.npmjs.org/esprima/-/esprima-4.0.1.tgz 14430ms (cache miss)
2377 http fetch GET 200 https://registry.npmjs.org/es6-promise/-/es6-promise-3.0.2.tgz 14432ms (cache miss)
2378 http fetch GET 200 https://registry.npmjs.org/camelcase/-/camelcase-4.1.0.tgz 14258ms (cache miss)
2379 http fetch GET 200 https://registry.npmjs.org/yargs/-/yargs-11.0.0.tgz 14695ms (cache miss)
2380 http fetch GET 200 https://registry.npmjs.org/chokidar/-/chokidar-1.7.0.tgz 14321ms (cache miss)
2381 http fetch GET 200 https://registry.npmjs.org/@ngtools/webpack/-/webpack-6.0.8.tgz 14785ms (cache miss)
2382 http fetch GET 200 https://registry.npmjs.org/readable-stream/-/readable-stream-2.0.6.tgz 14538ms (cache miss)
2383 http fetch GET 200 https://registry.npmjs.org/yargs-parser/-/yargs-parser-10.1.0.tgz 14365ms (cache miss)
2384 http fetch GET 200 https://registry.npmjs.org/braces 12612ms (cache miss)
2385 silly packumentCache corgi:https://registry.npmjs.org/braces set size:undefined disposed:false
2386 http fetch GET 200 https://registry.npmjs.org/ansi-html 12612ms (cache miss)
2387 silly packumentCache corgi:https://registry.npmjs.org/ansi-html set size:undefined disposed:false
2388 http fetch GET 200 https://registry.npmjs.org/debug/-/debug-3.1.0.tgz 14437ms (cache miss)
2389 http fetch GET 200 https://registry.npmjs.org/kind-of 12660ms (cache miss)
2390 silly packumentCache corgi:https://registry.npmjs.org/kind-of set size:undefined disposed:false
2391 http fetch GET 200 https://registry.npmjs.org/chownr 12641ms (cache miss)
2392 silly packumentCache corgi:https://registry.npmjs.org/chownr set size:undefined disposed:false
2393 http fetch GET 200 https://registry.npmjs.org/debug/-/debug-3.1.0.tgz 14479ms (cache miss)
2394 http fetch GET 200 https://registry.npmjs.org/debug/-/debug-3.1.0.tgz 14479ms (cache miss)
2395 http fetch GET 200 https://registry.npmjs.org/ansi-regex 12702ms (cache miss)
2396 silly packumentCache corgi:https://registry.npmjs.org/ansi-regex set size:undefined disposed:false
2397 http fetch GET 200 https://registry.npmjs.org/adm-zip 12703ms (cache miss)
2398 silly packumentCache corgi:https://registry.npmjs.org/adm-zip set size:undefined disposed:false
2399 http fetch GET 200 https://registry.npmjs.org/decode-uri-component 12684ms (cache miss)
2400 silly packumentCache corgi:https://registry.npmjs.org/decode-uri-component set size:undefined disposed:false
2401 http fetch GET 200 https://registry.npmjs.org/debug/-/debug-3.1.0.tgz 14537ms (cache miss)
2402 http fetch GET 200 https://registry.npmjs.org/minimist/-/minimist-1.2.0.tgz 14568ms (cache miss)
2403 http fetch GET 200 https://registry.npmjs.org/debug/-/debug-3.1.0.tgz 14539ms (cache miss)
2404 http fetch GET 200 https://registry.npmjs.org/babel-traverse 12748ms (cache miss)
2405 silly packumentCache corgi:https://registry.npmjs.org/babel-traverse set size:undefined disposed:false
2406 http fetch GET 200 https://registry.npmjs.org/cipher-base 12749ms (cache miss)
2407 silly packumentCache corgi:https://registry.npmjs.org/cipher-base set size:undefined disposed:false
2408 http fetch GET 200 https://registry.npmjs.org/browserify-sign 12754ms (cache miss)
2409 silly packumentCache corgi:https://registry.npmjs.org/browserify-sign set size:undefined disposed:false
2410 http fetch GET 200 https://registry.npmjs.org/cookie 12756ms (cache miss)
2411 silly packumentCache corgi:https://registry.npmjs.org/cookie set size:undefined disposed:false
2412 http fetch GET 200 https://registry.npmjs.org/micromatch 12818ms (cache miss)
2413 silly packumentCache corgi:https://registry.npmjs.org/micromatch set size:undefined disposed:false
2414 http fetch GET 200 https://registry.npmjs.org/debug 12820ms (cache miss)
2415 silly packumentCache corgi:https://registry.npmjs.org/debug set size:undefined disposed:false
2416 http fetch GET 200 https://registry.npmjs.org/bn.js 12818ms (cache miss)
2417 silly packumentCache corgi:https://registry.npmjs.org/bn.js set size:undefined disposed:false
2418 http fetch GET 200 https://registry.npmjs.org/minimist 12843ms (cache miss)
2419 silly packumentCache corgi:https://registry.npmjs.org/minimist set size:undefined disposed:false
2420 http fetch GET 200 https://registry.npmjs.org/brace-expansion 12829ms (cache miss)
2421 silly packumentCache corgi:https://registry.npmjs.org/brace-expansion set size:undefined disposed:false
2422 http fetch GET 200 https://registry.npmjs.org/cross-spawn 12854ms (cache miss)
2423 silly packumentCache corgi:https://registry.npmjs.org/cross-spawn set size:undefined disposed:false
2424 http fetch GET 200 https://registry.npmjs.org/dns-packet 12846ms (cache miss)
2425 silly packumentCache corgi:https://registry.npmjs.org/dns-packet set size:undefined disposed:false
2426 http fetch GET 200 https://registry.npmjs.org/ini 12833ms (cache miss)
2427 silly packumentCache corgi:https://registry.npmjs.org/ini set size:undefined disposed:false
2428 http fetch GET 200 https://registry.npmjs.org/ajv/-/ajv-6.4.0.tgz 15153ms (cache miss)
2429 http fetch GET 200 https://registry.npmjs.org/minimist/-/minimist-1.2.0.tgz 14701ms (cache miss)
2430 http fetch GET 200 https://registry.npmjs.org/yargs-parser 12940ms (cache miss)
2431 silly packumentCache corgi:https://registry.npmjs.org/yargs-parser set size:undefined disposed:false
2432 http fetch GET 200 https://registry.npmjs.org/body-parser 12925ms (cache miss)
2433 silly packumentCache corgi:https://registry.npmjs.org/body-parser set size:undefined disposed:false
2434 http fetch GET 200 https://registry.npmjs.org/json-schema 12873ms (cache miss)
2435 silly packumentCache corgi:https://registry.npmjs.org/json-schema set size:undefined disposed:false
2436 http fetch GET 200 https://registry.npmjs.org/async 12970ms (cache miss)
2437 silly packumentCache corgi:https://registry.npmjs.org/async set size:undefined disposed:false
2438 http fetch GET 200 https://registry.npmjs.org/elliptic 12950ms (cache miss)
2439 silly packumentCache corgi:https://registry.npmjs.org/elliptic set size:undefined disposed:false
2440 http fetch GET 200 https://registry.npmjs.org/css-what 13010ms (cache miss)
2441 silly packumentCache corgi:https://registry.npmjs.org/css-what set size:undefined disposed:false
2442 http fetch GET 200 https://registry.npmjs.org/eventsource 12991ms (cache miss)
2443 silly packumentCache corgi:https://registry.npmjs.org/eventsource set size:undefined disposed:false
2444 http fetch GET 200 https://registry.npmjs.org/form-data 12991ms (cache miss)
2445 silly packumentCache corgi:https://registry.npmjs.org/form-data set size:undefined disposed:false
2446 http fetch GET 200 https://registry.npmjs.org/codelyzer/-/codelyzer-4.2.1.tgz 15483ms (cache miss)
2447 http fetch GET 200 https://registry.npmjs.org/diff 13049ms (cache miss)
2448 silly packumentCache corgi:https://registry.npmjs.org/diff set size:undefined disposed:false
2449 http fetch GET 200 https://registry.npmjs.org/ms 13048ms (cache miss)
2450 silly packumentCache corgi:https://registry.npmjs.org/ms set size:undefined disposed:false
2451 http fetch GET 200 https://registry.npmjs.org/json5 13020ms (cache miss)
2452 silly packumentCache corgi:https://registry.npmjs.org/json5 set size:undefined disposed:false
2453 http fetch GET 200 https://registry.npmjs.org/https-proxy-agent 13029ms (cache miss)
2454 silly packumentCache corgi:https://registry.npmjs.org/https-proxy-agent set size:undefined disposed:false
2455 http fetch GET 200 https://registry.npmjs.org/mixin-deep 13011ms (cache miss)
2456 silly packumentCache corgi:https://registry.npmjs.org/mixin-deep set size:undefined disposed:false
2457 http fetch GET 200 https://registry.npmjs.org/nth-check 13006ms (cache miss)
2458 silly packumentCache corgi:https://registry.npmjs.org/nth-check set size:undefined disposed:false
2459 http fetch GET 200 https://registry.npmjs.org/on-headers 13007ms (cache miss)
2460 silly packumentCache corgi:https://registry.npmjs.org/on-headers set size:undefined disposed:false
2461 http fetch GET 200 https://registry.npmjs.org/source-map/-/source-map-0.4.4.tgz 15032ms (cache miss)
2462 http fetch GET 200 https://registry.npmjs.org/qs/-/qs-6.5.1.tgz 15006ms (cache miss)
2463 http fetch GET 200 https://registry.npmjs.org/ejs 13104ms (cache miss)
2464 silly packumentCache corgi:https://registry.npmjs.org/ejs set size:undefined disposed:false
2465 http fetch GET 200 https://registry.npmjs.org/loader-utils 13085ms (cache miss)
2466 silly packumentCache corgi:https://registry.npmjs.org/loader-utils set size:undefined disposed:false
2467 http fetch GET 200 https://registry.npmjs.org/hawk 13098ms (cache miss)
2468 silly packumentCache corgi:https://registry.npmjs.org/hawk set size:undefined disposed:false
2469 http fetch GET 200 https://registry.npmjs.org/path-parse 13061ms (cache miss)
2470 silly packumentCache corgi:https://registry.npmjs.org/path-parse set size:undefined disposed:false
2471 http fetch GET 200 https://registry.npmjs.org/acorn 13187ms (cache miss)
2472 silly packumentCache corgi:https://registry.npmjs.org/acorn set size:undefined disposed:false
2473 http fetch GET 200 https://registry.npmjs.org/js-yaml 13127ms (cache miss)
2474 silly packumentCache corgi:https://registry.npmjs.org/js-yaml set size:undefined disposed:false
2475 http fetch GET 200 https://registry.npmjs.org/scss-tokenizer 13096ms (cache miss)
2476 silly packumentCache corgi:https://registry.npmjs.org/scss-tokenizer set size:undefined disposed:false
2477 http fetch GET 200 https://registry.npmjs.org/bootstrap 13223ms (cache miss)
2478 silly packumentCache corgi:https://registry.npmjs.org/bootstrap set size:undefined disposed:false
2479 http fetch GET 200 https://registry.npmjs.org/ip 13180ms (cache miss)
2480 silly packumentCache corgi:https://registry.npmjs.org/ip set size:undefined disposed:false
2481 http fetch GET 200 https://registry.npmjs.org/lodash 13177ms (cache miss)
2482 silly packumentCache corgi:https://registry.npmjs.org/lodash set size:undefined disposed:false
2483 http fetch GET 200 https://registry.npmjs.org/y18n 13181ms (cache miss)
2484 silly packumentCache corgi:https://registry.npmjs.org/y18n set size:undefined disposed:false
2485 http fetch GET 200 https://registry.npmjs.org/pbkdf2 13189ms (cache miss)
2486 silly packumentCache corgi:https://registry.npmjs.org/pbkdf2 set size:undefined disposed:false
2487 http fetch GET 200 https://registry.npmjs.org/lodash.mergewith 13215ms (cache miss)
2488 silly packumentCache corgi:https://registry.npmjs.org/lodash.mergewith set size:undefined disposed:false
2489 http fetch GET 200 https://registry.npmjs.org/follow-redirects 13282ms (cache miss)
2490 silly packumentCache corgi:https://registry.npmjs.org/follow-redirects set size:undefined disposed:false
2491 http fetch GET 200 https://registry.npmjs.org/es5-ext 13300ms (cache miss)
2492 silly packumentCache corgi:https://registry.npmjs.org/es5-ext set size:undefined disposed:false
2493 http fetch GET 200 https://registry.npmjs.org/jszip 13276ms (cache miss)
2494 silly packumentCache corgi:https://registry.npmjs.org/jszip set size:undefined disposed:false
2495 http fetch GET 200 https://registry.npmjs.org/http-proxy 13298ms (cache miss)
2496 silly packumentCache corgi:https://registry.npmjs.org/http-proxy set size:undefined disposed:false
2497 http fetch GET 200 https://registry.npmjs.org/tmp 13258ms (cache miss)
2498 silly packumentCache corgi:https://registry.npmjs.org/tmp set size:undefined disposed:false
2499 http fetch GET 200 https://registry.npmjs.org/set-value 13255ms (cache miss)
2500 silly packumentCache corgi:https://registry.npmjs.org/set-value set size:undefined disposed:false
2501 http fetch GET 200 https://registry.npmjs.org/qs 13387ms (cache miss)
2502 silly packumentCache corgi:https://registry.npmjs.org/qs set size:undefined disposed:false
2503 http fetch GET 200 https://registry.npmjs.org/hoek 13361ms (cache miss)
2504 silly packumentCache corgi:https://registry.npmjs.org/hoek set size:undefined disposed:false
2505 http fetch GET 200 https://registry.npmjs.org/semver 13380ms (cache miss)
2506 silly packumentCache corgi:https://registry.npmjs.org/semver set size:undefined disposed:false
2507 http fetch GET 200 https://registry.npmjs.org/hosted-git-info 13377ms (cache miss)
2508 silly packumentCache corgi:https://registry.npmjs.org/hosted-git-info set size:undefined disposed:false
2509 http fetch GET 200 https://registry.npmjs.org/path-to-regexp 13339ms (cache miss)
2510 silly packumentCache corgi:https://registry.npmjs.org/path-to-regexp set size:undefined disposed:false
2511 http fetch GET 200 https://registry.npmjs.org/html-minifier 13390ms (cache miss)
2512 silly packumentCache corgi:https://registry.npmjs.org/html-minifier set size:undefined disposed:false
2513 http fetch GET 200 https://registry.npmjs.org/serve-static 13340ms (cache miss)
2514 silly packumentCache corgi:https://registry.npmjs.org/serve-static set size:undefined disposed:false
2515 http fetch GET 200 https://registry.npmjs.org/sha.js 13344ms (cache miss)
2516 silly packumentCache corgi:https://registry.npmjs.org/sha.js set size:undefined disposed:false
2517 http fetch GET 200 https://registry.npmjs.org/qs/-/qs-6.5.1.tgz 15312ms (cache miss)
2518 http fetch GET 200 https://registry.npmjs.org/engine.io 13459ms (cache miss)
2519 silly packumentCache corgi:https://registry.npmjs.org/engine.io set size:undefined disposed:false
2520 http fetch GET 200 https://registry.npmjs.org/serialize-javascript 13402ms (cache miss)
2521 silly packumentCache corgi:https://registry.npmjs.org/serialize-javascript set size:undefined disposed:false
2522 http fetch GET 200 https://registry.npmjs.org/sockjs 13398ms (cache miss)
2523 silly packumentCache corgi:https://registry.npmjs.org/sockjs set size:undefined disposed:false
2524 http fetch GET 200 https://registry.npmjs.org/websocket-extensions 13378ms (cache miss)
2525 silly packumentCache corgi:https://registry.npmjs.org/websocket-extensions set size:undefined disposed:false
2526 http fetch GET 200 https://registry.npmjs.org/fstream 13473ms (cache miss)
2527 silly packumentCache corgi:https://registry.npmjs.org/fstream set size:undefined disposed:false
2528 http fetch GET 200 https://registry.npmjs.org/minimatch 13501ms (cache miss)
2529 silly packumentCache corgi:https://registry.npmjs.org/minimatch set size:undefined disposed:false
2530 http fetch GET 200 https://registry.npmjs.org/http-proxy-middleware 13499ms (cache miss)
2531 silly packumentCache corgi:https://registry.npmjs.org/http-proxy-middleware set size:undefined disposed:false
2532 http fetch GET 200 https://registry.npmjs.org/mem 13490ms (cache miss)
2533 silly packumentCache corgi:https://registry.npmjs.org/mem set size:undefined disposed:false
2534 http fetch GET 200 https://registry.npmjs.org/ssri 13455ms (cache miss)
2535 silly packumentCache corgi:https://registry.npmjs.org/ssri set size:undefined disposed:false
2536 http fetch GET 200 https://registry.npmjs.org/tmp/-/tmp-0.0.30.tgz 15652ms (cache miss)
2537 http fetch GET 200 https://registry.npmjs.org/url-parse 13471ms (cache miss)
2538 silly packumentCache corgi:https://registry.npmjs.org/url-parse set size:undefined disposed:false
2539 http fetch GET 200 https://registry.npmjs.org/yargs/-/yargs-7.1.0.tgz 15704ms (cache miss)
2540 http fetch GET 200 https://registry.npmjs.org/handlebars 13607ms (cache miss)
2541 silly packumentCache corgi:https://registry.npmjs.org/handlebars set size:undefined disposed:false
2542 http fetch GET 200 https://registry.npmjs.org/node-forge 13613ms (cache miss)
2543 silly packumentCache corgi:https://registry.npmjs.org/node-forge set size:undefined disposed:false
2544 http fetch GET 200 https://registry.npmjs.org/send 13635ms (cache miss)
2545 silly packumentCache corgi:https://registry.npmjs.org/send set size:undefined disposed:false
2546 http fetch GET 200 https://registry.npmjs.org/tough-cookie 13628ms (cache miss)
2547 silly packumentCache corgi:https://registry.npmjs.org/tough-cookie set size:undefined disposed:false
2548 http fetch GET 200 https://registry.npmjs.org/xml2js 13619ms (cache miss)
2549 silly packumentCache corgi:https://registry.npmjs.org/xml2js set size:undefined disposed:false
2550 http fetch GET 200 https://registry.npmjs.org/tree-kill 13638ms (cache miss)
2551 silly packumentCache corgi:https://registry.npmjs.org/tree-kill set size:undefined disposed:false
2552 http fetch GET 200 https://registry.npmjs.org/@angular-devkit/build-optimizer/-/build-optimizer-0.6.8.tgz 15949ms (cache miss)
2553 http fetch GET 200 https://registry.npmjs.org/source-map/-/source-map-0.1.43.tgz 15879ms (cache miss)
2554 http fetch GET 200 https://registry.npmjs.org/tar 13738ms (cache miss)
2555 silly packumentCache corgi:https://registry.npmjs.org/tar set size:undefined disposed:false
2556 http fetch GET 200 https://registry.npmjs.org/request 13768ms (cache miss)
2557 silly packumentCache corgi:https://registry.npmjs.org/request set size:undefined disposed:false
2558 http fetch GET 200 https://registry.npmjs.org/socket.io-parser 13750ms (cache miss)
2559 silly packumentCache corgi:https://registry.npmjs.org/socket.io-parser set size:undefined disposed:false
2560 http fetch GET 200 https://registry.npmjs.org/xmlhttprequest-ssl 13733ms (cache miss)
2561 silly packumentCache corgi:https://registry.npmjs.org/xmlhttprequest-ssl set size:undefined disposed:false
2562 http fetch GET 200 https://registry.npmjs.org/node-sass 13812ms (cache miss)
2563 silly packumentCache corgi:https://registry.npmjs.org/node-sass set size:undefined disposed:false
2564 http fetch GET 200 https://registry.npmjs.org/trim-newlines 13791ms (cache miss)
2565 silly packumentCache corgi:https://registry.npmjs.org/trim-newlines set size:undefined disposed:false
2566 http fetch GET 200 https://registry.npmjs.org/fsevents 13795ms (cache miss)
2567 silly packumentCache corgi:https://registry.npmjs.org/fsevents set size:undefined disposed:false
2568 http fetch GET 200 https://registry.npmjs.org/useragent 13815ms (cache miss)
2569 silly packumentCache corgi:https://registry.npmjs.org/useragent set size:undefined disposed:false
2570 http fetch GET 200 https://registry.npmjs.org/utila/-/utila-0.3.3.tgz 16016ms (cache miss)
2571 http fetch GET 200 https://registry.npmjs.org/log4js 13893ms (cache miss)
2572 silly packumentCache corgi:https://registry.npmjs.org/log4js set size:undefined disposed:false
2573 http fetch GET 200 https://registry.npmjs.org/parsejson 13952ms (cache miss)
2574 silly packumentCache corgi:https://registry.npmjs.org/parsejson set size:undefined disposed:false
2575 http fetch GET 200 https://registry.npmjs.org/parseuri 13953ms (cache miss)
2576 silly packumentCache corgi:https://registry.npmjs.org/parseuri set size:undefined disposed:false
2577 http fetch GET 200 https://registry.npmjs.org/source-map/-/source-map-0.6.1.tgz 16251ms (cache miss)
2578 http fetch GET 200 https://registry.npmjs.org/webpack-dev-middleware 13959ms (cache miss)
2579 silly packumentCache corgi:https://registry.npmjs.org/webpack-dev-middleware set size:undefined disposed:false
2580 http fetch GET 200 https://registry.npmjs.org/express 14110ms (cache miss)
2581 silly packumentCache corgi:https://registry.npmjs.org/express set size:undefined disposed:false
2582 http fetch GET 200 https://registry.npmjs.org/socket.io 14083ms (cache miss)
2583 silly packumentCache corgi:https://registry.npmjs.org/socket.io set size:undefined disposed:false
2584 http fetch GET 200 https://registry.npmjs.org/uglify-es/-/uglify-es-3.3.9.tgz 16369ms (cache miss)
2585 http fetch GET 200 https://registry.npmjs.org/ws 14111ms (cache miss)
2586 silly packumentCache corgi:https://registry.npmjs.org/ws set size:undefined disposed:false
2587 http fetch GET 200 https://registry.npmjs.org/source-map/-/source-map-0.6.1.tgz 16428ms (cache miss)
2588 http fetch GET 200 https://registry.npmjs.org/node-gyp/-/node-gyp-3.7.0.tgz 17443ms (cache miss)
2589 http fetch GET 200 https://registry.npmjs.org/source-map/-/source-map-0.6.1.tgz 16486ms (cache miss)
2590 http fetch GET 200 https://registry.npmjs.org/source-map/-/source-map-0.6.1.tgz 16473ms (cache miss)
2591 http fetch GET 200 https://registry.npmjs.org/ajv 14382ms (cache miss)
2592 silly packumentCache corgi:https://registry.npmjs.org/ajv set size:undefined disposed:false
2593 http fetch GET 200 https://registry.npmjs.org/postcss 14326ms (cache miss)
2594 silly packumentCache corgi:https://registry.npmjs.org/postcss set size:undefined disposed:false
2595 http fetch GET 200 https://registry.npmjs.org/source-map/-/source-map-0.6.1.tgz 16565ms (cache miss)
2596 http fetch GET 200 https://registry.npmjs.org/zone.js/-/zone.js-0.8.26.tgz 18181ms (cache miss)
2597 http fetch GET 200 https://registry.npmjs.org/uglify-js/-/uglify-js-2.8.29.tgz 16382ms (cache miss)
2598 http fetch GET 200 https://registry.npmjs.org/utila/-/utila-0.3.3.tgz 16321ms (cache miss)
2599 http fetch GET 200 https://registry.npmjs.org/karma 14414ms (cache miss)
2600 silly packumentCache corgi:https://registry.npmjs.org/karma set size:undefined disposed:false
2601 http fetch GET 200 https://registry.npmjs.org/source-map/-/source-map-0.2.0.tgz 16378ms (cache miss)
2602 http fetch GET 200 https://registry.npmjs.org/sax/-/sax-0.6.1.tgz 16685ms (cache miss)
2603 http fetch GET 200 https://registry.npmjs.org/webpack-dev-server 14443ms (cache miss)
2604 silly packumentCache corgi:https://registry.npmjs.org/webpack-dev-server set size:undefined disposed:false
2605 http fetch GET 200 https://registry.npmjs.org/source-map/-/source-map-0.6.1.tgz 16658ms (cache miss)
2606 http fetch GET 200 https://registry.npmjs.org/source-map/-/source-map-0.5.7.tgz 16559ms (cache miss)
2607 http fetch GET 200 https://registry.npmjs.org/@angular/platform-browser-dynamic/-/platform-browser-dynamic-6.0.9.tgz 16865ms (cache miss)
2608 http fetch GET 200 https://registry.npmjs.org/source-map/-/source-map-0.6.1.tgz 16662ms (cache miss)
2609 http fetch GET 200 https://registry.npmjs.org/jasmine-core/-/jasmine-core-2.8.0.tgz 16672ms (cache miss)
2610 http fetch GET 200 https://registry.npmjs.org/@angular%2fcompiler 14943ms (cache miss)
2611 silly packumentCache corgi:https://registry.npmjs.org/@angular%2fcompiler set size:undefined disposed:false
2612 http fetch GET 200 https://registry.npmjs.org/@angular%2fcore 15137ms (cache miss)
2613 silly packumentCache corgi:https://registry.npmjs.org/@angular%2fcore set size:undefined disposed:false
2614 http fetch GET 200 https://registry.npmjs.org/babel-runtime/-/babel-runtime-6.26.0.tgz 17559ms (cache miss)
2615 http fetch GET 200 https://registry.npmjs.org/@angular%2fcommon 15271ms (cache miss)
2616 silly packumentCache corgi:https://registry.npmjs.org/@angular%2fcommon set size:undefined disposed:false
2617 silly packumentCache corgi:https://registry.npmjs.org/yargs cache-miss
2618 http fetch GET 200 https://registry.npmjs.org/@angular-devkit/core/-/core-0.6.8.tgz 17593ms (cache miss)
2619 http fetch GET 200 https://registry.npmjs.org/@angular/cli/-/cli-6.0.8.tgz 17661ms (cache miss)
2620 http fetch GET 200 https://registry.npmjs.org/webdriver-manager/-/webdriver-manager-12.1.0.tgz 17605ms (cache miss)
2621 http fetch GET 200 https://registry.npmjs.org/@angular/compiler-cli/-/compiler-cli-6.0.9.tgz 17835ms (cache miss)
2622 http fetch GET 200 https://registry.npmjs.org/@angular/http/-/http-6.0.9.tgz 17912ms (cache miss)
2623 http fetch GET 200 https://registry.npmjs.org/yargs 312ms (cache miss)
2624 silly packumentCache corgi:https://registry.npmjs.org/yargs set size:undefined disposed:false
2625 http fetch GET 200 https://registry.npmjs.org/async/-/async-2.6.1.tgz 17714ms (cache miss)
2626 http fetch GET 200 https://registry.npmjs.org/handlebars/-/handlebars-4.0.11.tgz 18597ms (cache miss)
2627 silly packumentCache corgi:https://registry.npmjs.org/@angular%2fcli cache-miss
2628 http fetch GET 200 https://registry.npmjs.org/@angular-devkit/schematics/-/schematics-0.6.8.tgz 18123ms (cache miss)
2629 http fetch GET 200 https://registry.npmjs.org/@angular/language-service/-/language-service-6.0.9.tgz 18154ms (cache miss)
2630 http fetch GET 200 https://registry.npmjs.org/@angular-devkit/build-angular/-/build-angular-0.6.8.tgz 18172ms (cache miss)
2631 http fetch GET 200 https://registry.npmjs.org/ajv/-/ajv-4.11.8.tgz 18098ms (cache miss)
2632 http fetch GET 200 https://registry.npmjs.org/webpack/-/webpack-4.8.3.tgz 19767ms (cache miss)
2633 http fetch GET 200 https://registry.npmjs.org/@schematics/angular/-/angular-0.6.8.tgz 18338ms (cache miss)
2634 http fetch GET 200 https://registry.npmjs.org/ajv/-/ajv-5.5.2.tgz 18071ms (cache miss)
2635 http fetch GET 200 https://registry.npmjs.org/ajv/-/ajv-5.5.2.tgz 18075ms (cache miss)
2636 http fetch GET 200 https://registry.npmjs.org/bootstrap/-/bootstrap-4.1.2.tgz 18731ms (cache miss)
2637 http fetch GET 200 https://registry.npmjs.org/tslint/-/tslint-5.9.1.tgz 20106ms (cache miss)
2638 http fetch GET 200 https://registry.npmjs.org/@angular/forms/-/forms-6.0.9.tgz 18864ms (cache miss)
2639 http fetch GET 200 https://registry.npmjs.org/@angular/platform-browser/-/platform-browser-6.0.9.tgz 18964ms (cache miss)
2640 http fetch GET 200 https://registry.npmjs.org/@angular%2fcli 981ms (cache miss)
2641 silly packumentCache corgi:https://registry.npmjs.org/@angular%2fcli set size:undefined disposed:false
2642 silly packumentCache corgi:https://registry.npmjs.org/chokidar cache-miss
2643 silly packumentCache corgi:https://registry.npmjs.org/expand-braces cache-miss
2644 http fetch GET 200 https://registry.npmjs.org/@angular/router/-/router-6.0.9.tgz 19292ms (cache miss)
2645 http fetch GET 200 https://registry.npmjs.org/selenium-webdriver/-/selenium-webdriver-3.6.0.tgz 20537ms (cache miss)
2646 http fetch GET 200 https://registry.npmjs.org/node-sass/-/node-sass-4.9.2.tgz 20240ms (cache miss)
2647 http fetch GET 200 https://registry.npmjs.org/chokidar 147ms (cache miss)
2648 silly packumentCache corgi:https://registry.npmjs.org/chokidar set size:undefined disposed:false
2649 http fetch GET 200 https://registry.npmjs.org/lodash/-/lodash-3.10.1.tgz 19308ms (cache miss)
2650 http fetch GET 200 https://registry.npmjs.org/@angular/animations/-/animations-6.0.9.tgz 19556ms (cache miss)
2651 http fetch GET 200 https://registry.npmjs.org/expand-braces 413ms (cache miss)
2652 silly packumentCache corgi:https://registry.npmjs.org/expand-braces set size:undefined disposed:false
2653 silly packumentCache corgi:https://registry.npmjs.org/is-accessor-descriptor cache-miss
2654 silly packumentCache corgi:https://registry.npmjs.org/is-data-descriptor cache-miss
2655 silly packumentCache corgi:https://registry.npmjs.org/is-descriptor cache-miss
2656 silly packumentCache corgi:https://registry.npmjs.org/clone-deep cache-miss
2657 silly packumentCache corgi:https://registry.npmjs.org/nanomatch cache-miss
2658 silly packumentCache corgi:https://registry.npmjs.org/randomatic cache-miss
2659 http fetch GET 200 https://registry.npmjs.org/clone-deep 142ms (cache miss)
2660 silly packumentCache corgi:https://registry.npmjs.org/clone-deep set size:undefined disposed:false
2661 http fetch GET 200 https://registry.npmjs.org/is-data-descriptor 344ms (cache miss)
2662 silly packumentCache corgi:https://registry.npmjs.org/is-data-descriptor set size:undefined disposed:false
2663 http fetch GET 200 https://registry.npmjs.org/is-descriptor 343ms (cache miss)
2664 silly packumentCache corgi:https://registry.npmjs.org/is-descriptor set size:undefined disposed:false
2665 http fetch GET 200 https://registry.npmjs.org/nanomatch 344ms (cache miss)
2666 silly packumentCache corgi:https://registry.npmjs.org/nanomatch set size:undefined disposed:false
2667 http fetch GET 200 https://registry.npmjs.org/selenium-webdriver/-/selenium-webdriver-2.53.3.tgz 20026ms (cache miss)
2668 http fetch GET 200 https://registry.npmjs.org/is-accessor-descriptor 370ms (cache miss)
2669 silly packumentCache corgi:https://registry.npmjs.org/is-accessor-descriptor set size:undefined disposed:false
2670 http fetch GET 200 https://registry.npmjs.org/caniuse-lite/-/caniuse-lite-1.0.30000865.tgz 20421ms (cache miss)
2671 http fetch GET 200 https://registry.npmjs.org/randomatic 818ms (cache miss)
2672 silly packumentCache corgi:https://registry.npmjs.org/randomatic set size:undefined disposed:false
2673 silly packumentCache corgi:https://registry.npmjs.org/anymatch cache-miss
2674 silly packumentCache corgi:https://registry.npmjs.org/webpack cache-miss
2675 http fetch GET 200 https://registry.npmjs.org/anymatch 113ms (cache miss)
2676 silly packumentCache corgi:https://registry.npmjs.org/anymatch set size:undefined disposed:false
2677 http fetch GET 200 https://registry.npmjs.org/es5-ext/-/es5-ext-0.10.45.tgz 21187ms (cache miss)
2678 http fetch GET 200 https://registry.npmjs.org/lodash/-/lodash-4.17.10.tgz 21592ms (cache miss)
2679 http fetch GET 200 https://registry.npmjs.org/webpack 431ms (cache miss)
2680 silly packumentCache corgi:https://registry.npmjs.org/webpack set size:undefined disposed:false
2681 silly packumentCache corgi:https://registry.npmjs.org/mkdirp cache-miss
2682 silly packumentCache corgi:https://registry.npmjs.org/optimist cache-miss
2683 http fetch GET 200 https://registry.npmjs.org/optimist 100ms (cache miss)
2684 silly packumentCache corgi:https://registry.npmjs.org/optimist set size:undefined disposed:false
2685 http fetch GET 200 https://registry.npmjs.org/less/-/less-3.7.1.tgz 22554ms (cache miss)
2686 http fetch GET 200 https://registry.npmjs.org/@angular/core/-/core-6.0.9.tgz 22078ms (cache miss)
2687 http fetch GET 200 https://registry.npmjs.org/core-js/-/core-js-2.3.0.tgz 21918ms (cache miss)
2688 http fetch GET 200 https://registry.npmjs.org/core-js/-/core-js-2.5.7.tgz 22572ms (cache miss)
2689 http fetch GET 200 https://registry.npmjs.org/@angular/compiler/-/compiler-6.0.9.tgz 22961ms (cache miss)
2690 http fetch GET 200 https://registry.npmjs.org/typescript/-/typescript-2.7.2.tgz 24381ms (cache miss)
2691 http fetch GET 200 https://registry.npmjs.org/typescript/-/typescript-2.9.2.tgz 22728ms (cache miss)
2692 http fetch GET 200 https://registry.npmjs.org/mkdirp 2202ms (cache miss)
2693 silly packumentCache corgi:https://registry.npmjs.org/mkdirp set size:undefined disposed:false
2694 silly packumentCache corgi:https://registry.npmjs.org/@angular%2fcompiler-cli cache-miss
2695 silly packumentCache corgi:https://registry.npmjs.org/blocking-proxy cache-miss
2696 silly packumentCache corgi:https://registry.npmjs.org/rc cache-miss
2697 silly packumentCache corgi:https://registry.npmjs.org/meow cache-miss
2698 silly packumentCache corgi:https://registry.npmjs.org/webdriver-manager cache-miss
2699 silly packumentCache corgi:https://registry.npmjs.org/ts-node cache-miss
2700 silly packumentCache corgi:https://registry.npmjs.org/tsickle cache-miss
2701 http fetch GET 200 https://registry.npmjs.org/meow 93ms (cache miss)
2702 silly packumentCache corgi:https://registry.npmjs.org/meow set size:undefined disposed:false
2703 http fetch GET 200 https://registry.npmjs.org/ts-node 111ms (cache miss)
2704 silly packumentCache corgi:https://registry.npmjs.org/ts-node set size:undefined disposed:false
2705 http fetch GET 200 https://registry.npmjs.org/blocking-proxy 275ms (cache miss)
2706 silly packumentCache corgi:https://registry.npmjs.org/blocking-proxy set size:undefined disposed:false
2707 http fetch GET 200 https://registry.npmjs.org/webdriver-manager 326ms (cache miss)
2708 silly packumentCache corgi:https://registry.npmjs.org/webdriver-manager set size:undefined disposed:false
2709 http fetch GET 200 https://registry.npmjs.org/@angular%2fcompiler-cli 380ms (cache miss)
2710 silly packumentCache corgi:https://registry.npmjs.org/@angular%2fcompiler-cli set size:undefined disposed:false
2711 http fetch GET 200 https://registry.npmjs.org/@angular/common/-/common-6.0.9.tgz 23822ms (cache miss)
2712 http fetch GET 200 https://registry.npmjs.org/rc 505ms (cache miss)
2713 silly packumentCache corgi:https://registry.npmjs.org/rc set size:undefined disposed:false
2714 http fetch GET 200 https://registry.npmjs.org/rxjs/-/rxjs-6.2.2.tgz 25202ms (cache miss)
2715 info run node-sass@4.9.2 install node_modules/node-sass node scripts/install.js
2716 http fetch GET 200 https://registry.npmjs.org/tsickle 774ms (cache miss)
2717 silly packumentCache corgi:https://registry.npmjs.org/tsickle set size:undefined disposed:false
2718 silly packumentCache corgi:https://registry.npmjs.org/engine.io-client cache-miss
2719 silly packumentCache corgi:https://registry.npmjs.org/socket.io-adapter cache-miss
2720 silly packumentCache corgi:https://registry.npmjs.org/socket.io-client cache-miss
2721 http fetch GET 200 https://registry.npmjs.org/socket.io-client 102ms (cache miss)
2722 silly packumentCache corgi:https://registry.npmjs.org/socket.io-client set size:undefined disposed:false
2723 http fetch GET 200 https://registry.npmjs.org/socket.io-adapter 122ms (cache miss)
2724 silly packumentCache corgi:https://registry.npmjs.org/socket.io-adapter set size:undefined disposed:false
2725 http fetch GET 200 https://registry.npmjs.org/engine.io-client 346ms (cache miss)
2726 silly packumentCache corgi:https://registry.npmjs.org/engine.io-client set size:undefined disposed:false
2727 silly packumentCache corgi:https://registry.npmjs.org/strip-ansi cache-miss
2728 http fetch GET 200 https://registry.npmjs.org/strip-ansi 105ms (cache miss)
2729 silly packumentCache corgi:https://registry.npmjs.org/strip-ansi set size:undefined disposed:false
2730 silly packumentCache corgi:https://registry.npmjs.org/acorn-dynamic-import cache-miss
2731 http fetch GET 200 https://registry.npmjs.org/acorn-dynamic-import 390ms (cache miss)
2732 silly packumentCache corgi:https://registry.npmjs.org/acorn-dynamic-import set size:undefined disposed:false
2733 silly packumentCache corgi:https://registry.npmjs.org/selenium-webdriver cache-miss
2734 http fetch GET 200 https://registry.npmjs.org/selenium-webdriver 289ms (cache miss)
2735 silly packumentCache corgi:https://registry.npmjs.org/selenium-webdriver set size:undefined disposed:false
2736 silly packumentCache corgi:https://registry.npmjs.org/@angular-devkit%2fbuild-angular cache-miss
2737 silly packumentCache corgi:https://registry.npmjs.org/@angular-devkit%2fcore cache-miss
2738 silly packumentCache corgi:https://registry.npmjs.org/@webpack-contrib%2fschema-utils cache-miss
2739 silly packumentCache corgi:https://registry.npmjs.org/schema-utils cache-miss
2740 silly packumentCache corgi:https://registry.npmjs.org/har-validator cache-miss
2741 http fetch GET 200 https://registry.npmjs.org/har-validator 129ms (cache miss)
2742 silly packumentCache corgi:https://registry.npmjs.org/har-validator set size:undefined disposed:false
2743 http fetch GET 200 https://registry.npmjs.org/schema-utils 164ms (cache miss)
2744 silly packumentCache corgi:https://registry.npmjs.org/schema-utils set size:undefined disposed:false
2745 http fetch GET 200 https://registry.npmjs.org/@webpack-contrib%2fschema-utils 565ms (cache miss)
2746 silly packumentCache corgi:https://registry.npmjs.org/@webpack-contrib%2fschema-utils set size:undefined disposed:false
2747 http fetch GET 200 https://registry.npmjs.org/@angular-devkit%2fbuild-angular 706ms (cache miss)
2748 silly packumentCache corgi:https://registry.npmjs.org/@angular-devkit%2fbuild-angular set size:undefined disposed:false
2749 info run node-sass@4.9.2 install { code: 0, signal: null }
2750 info run @angular/cli@6.0.8 postinstall node_modules/@angular/cli node ./bin/ng-update-message.js
2751 info run node-sass@4.9.2 postinstall node_modules/node-sass node scripts/build.js
2752 http fetch GET 200 https://registry.npmjs.org/@angular-devkit%2fcore 1017ms (cache miss)
2753 silly packumentCache corgi:https://registry.npmjs.org/@angular-devkit%2fcore set size:undefined disposed:false
2754 info run @angular/cli@6.0.8 postinstall { code: 0, signal: null }
2755 silly packumentCache corgi:https://registry.npmjs.org/istanbul-api cache-miss
2756 http fetch GET 200 https://registry.npmjs.org/istanbul-api 313ms (cache miss)
2757 silly packumentCache corgi:https://registry.npmjs.org/istanbul-api set size:undefined disposed:false
2758 silly packumentCache corgi:https://registry.npmjs.org/babel-template cache-miss
2759 silly packumentCache corgi:https://registry.npmjs.org/istanbul-lib-instrument cache-miss
2760 http fetch GET 200 https://registry.npmjs.org/istanbul-lib-instrument 79ms (cache miss)
2761 silly packumentCache corgi:https://registry.npmjs.org/istanbul-lib-instrument set size:undefined disposed:false
2762 info run node-sass@4.9.2 postinstall { code: 1, signal: null }
2763 verbose reify failed optional dependency /var/jenkins_home/workspace/frontend-project/frontend/node_modules/node-sass
2764 silly reify mark deleted [
2764 silly reify   '/var/jenkins_home/workspace/frontend-project/frontend/node_modules/node-sass',
2764 silly reify   '/var/jenkins_home/workspace/frontend-project/frontend/node_modules/.bin/node-sass'
2764 silly reify ]
2765 verbose reify failed optional dependency /var/jenkins_home/workspace/frontend-project/frontend/node_modules/async-foreach
2766 silly reify mark deleted [
2766 silly reify   '/var/jenkins_home/workspace/frontend-project/frontend/node_modules/async-foreach'
2766 silly reify ]
2767 verbose reify failed optional dependency /var/jenkins_home/workspace/frontend-project/frontend/node_modules/node-sass/node_modules/chalk
2768 silly reify mark deleted [
2768 silly reify   '/var/jenkins_home/workspace/frontend-project/frontend/node_modules/node-sass/node_modules/chalk'
2768 silly reify ]
2769 verbose reify failed optional dependency /var/jenkins_home/workspace/frontend-project/frontend/node_modules/cross-spawn
2770 silly reify mark deleted [
2770 silly reify   '/var/jenkins_home/workspace/frontend-project/frontend/node_modules/cross-spawn'
2770 silly reify ]
2771 verbose reify failed optional dependency /var/jenkins_home/workspace/frontend-project/frontend/node_modules/gaze
2772 silly reify mark deleted [
2772 silly reify   '/var/jenkins_home/workspace/frontend-project/frontend/node_modules/gaze'
2772 silly reify ]
2773 verbose reify failed optional dependency /var/jenkins_home/workspace/frontend-project/frontend/node_modules/in-publish
2774 silly reify mark deleted [
2774 silly reify   '/var/jenkins_home/workspace/frontend-project/frontend/node_modules/in-publish',
2774 silly reify   '/var/jenkins_home/workspace/frontend-project/frontend/node_modules/.bin/in-install',
2774 silly reify   '/var/jenkins_home/workspace/frontend-project/frontend/node_modules/.bin/in-publish',
2774 silly reify   '/var/jenkins_home/workspace/frontend-project/frontend/node_modules/.bin/not-in-install',
2774 silly reify   '/var/jenkins_home/workspace/frontend-project/frontend/node_modules/.bin/not-in-publish'
2774 silly reify ]
2775 verbose reify failed optional dependency /var/jenkins_home/workspace/frontend-project/frontend/node_modules/lodash.assign
2776 silly reify mark deleted [
2776 silly reify   '/var/jenkins_home/workspace/frontend-project/frontend/node_modules/lodash.assign'
2776 silly reify ]
2777 verbose reify failed optional dependency /var/jenkins_home/workspace/frontend-project/frontend/node_modules/lodash.mergewith
2778 silly reify mark deleted [
2778 silly reify   '/var/jenkins_home/workspace/frontend-project/frontend/node_modules/lodash.mergewith'
2778 silly reify ]
2779 verbose reify failed optional dependency /var/jenkins_home/workspace/frontend-project/frontend/node_modules/node-gyp
2780 silly reify mark deleted [
2780 silly reify   '/var/jenkins_home/workspace/frontend-project/frontend/node_modules/node-gyp',
2780 silly reify   '/var/jenkins_home/workspace/frontend-project/frontend/node_modules/.bin/node-gyp'
2780 silly reify ]
2781 verbose reify failed optional dependency /var/jenkins_home/workspace/frontend-project/frontend/node_modules/sass-graph
2782 silly reify mark deleted [
2782 silly reify   '/var/jenkins_home/workspace/frontend-project/frontend/node_modules/sass-graph'
2782 silly reify ]
2783 verbose reify failed optional dependency /var/jenkins_home/workspace/frontend-project/frontend/node_modules/stdout-stream
2784 silly reify mark deleted [
2784 silly reify   '/var/jenkins_home/workspace/frontend-project/frontend/node_modules/stdout-stream'
2784 silly reify ]
2785 verbose reify failed optional dependency /var/jenkins_home/workspace/frontend-project/frontend/node_modules/true-case-path
2786 silly reify mark deleted [
2786 silly reify   '/var/jenkins_home/workspace/frontend-project/frontend/node_modules/true-case-path'
2786 silly reify ]
2787 verbose reify failed optional dependency /var/jenkins_home/workspace/frontend-project/frontend/node_modules/node-sass/node_modules/ansi-styles
2788 silly reify mark deleted [
2788 silly reify   '/var/jenkins_home/workspace/frontend-project/frontend/node_modules/node-sass/node_modules/ansi-styles'
2788 silly reify ]
2789 verbose reify failed optional dependency /var/jenkins_home/workspace/frontend-project/frontend/node_modules/node-sass/node_modules/supports-color
2790 silly reify mark deleted [
2790 silly reify   '/var/jenkins_home/workspace/frontend-project/frontend/node_modules/node-sass/node_modules/supports-color'
2790 silly reify ]
2791 verbose reify failed optional dependency /var/jenkins_home/workspace/frontend-project/frontend/node_modules/globule
2792 silly reify mark deleted [
2792 silly reify   '/var/jenkins_home/workspace/frontend-project/frontend/node_modules/globule'
2792 silly reify ]
2793 verbose reify failed optional dependency /var/jenkins_home/workspace/frontend-project/frontend/node_modules/fstream
2794 silly reify mark deleted [
2794 silly reify   '/var/jenkins_home/workspace/frontend-project/frontend/node_modules/fstream'
2794 silly reify ]
2795 verbose reify failed optional dependency /var/jenkins_home/workspace/frontend-project/frontend/node_modules/node-gyp/node_modules/request
2796 silly reify mark deleted [
2796 silly reify   '/var/jenkins_home/workspace/frontend-project/frontend/node_modules/node-gyp/node_modules/request'
2796 silly reify ]
2797 verbose reify failed optional dependency /var/jenkins_home/workspace/frontend-project/frontend/node_modules/node-gyp/node_modules/semver
2798 silly reify mark deleted [
2798 silly reify   '/var/jenkins_home/workspace/frontend-project/frontend/node_modules/node-gyp/node_modules/semver',
2798 silly reify   '/var/jenkins_home/workspace/frontend-project/frontend/node_modules/node-gyp/node_modules/.bin/semver'
2798 silly reify ]
2799 verbose reify failed optional dependency /var/jenkins_home/workspace/frontend-project/frontend/node_modules/tar
2800 silly reify mark deleted [
2800 silly reify   '/var/jenkins_home/workspace/frontend-project/frontend/node_modules/tar'
2800 silly reify ]
2801 verbose reify failed optional dependency /var/jenkins_home/workspace/frontend-project/frontend/node_modules/scss-tokenizer
2802 silly reify mark deleted [
2802 silly reify   '/var/jenkins_home/workspace/frontend-project/frontend/node_modules/scss-tokenizer'
2802 silly reify ]
2803 verbose reify failed optional dependency /var/jenkins_home/workspace/frontend-project/frontend/node_modules/sass-graph/node_modules/yargs
2804 silly reify mark deleted [
2804 silly reify   '/var/jenkins_home/workspace/frontend-project/frontend/node_modules/sass-graph/node_modules/yargs'
2804 silly reify ]
2805 verbose reify failed optional dependency /var/jenkins_home/workspace/frontend-project/frontend/node_modules/true-case-path/node_modules/glob
2806 silly reify mark deleted [
2806 silly reify   '/var/jenkins_home/workspace/frontend-project/frontend/node_modules/true-case-path/node_modules/glob'
2806 silly reify ]
2807 verbose reify failed optional dependency /var/jenkins_home/workspace/frontend-project/frontend/node_modules/node-gyp/node_modules/aws-sign2
2808 silly reify mark deleted [
2808 silly reify   '/var/jenkins_home/workspace/frontend-project/frontend/node_modules/node-gyp/node_modules/aws-sign2'
2808 silly reify ]
2809 verbose reify failed optional dependency /var/jenkins_home/workspace/frontend-project/frontend/node_modules/node-gyp/node_modules/form-data
2810 silly reify mark deleted [
2810 silly reify   '/var/jenkins_home/workspace/frontend-project/frontend/node_modules/node-gyp/node_modules/form-data'
2810 silly reify ]
2811 verbose reify failed optional dependency /var/jenkins_home/workspace/frontend-project/frontend/node_modules/node-gyp/node_modules/har-validator
2812 silly reify mark deleted [
2812 silly reify   '/var/jenkins_home/workspace/frontend-project/frontend/node_modules/node-gyp/node_modules/har-validator'
2812 silly reify ]
2813 verbose reify failed optional dependency /var/jenkins_home/workspace/frontend-project/frontend/node_modules/hawk
2814 silly reify mark deleted [
2814 silly reify   '/var/jenkins_home/workspace/frontend-project/frontend/node_modules/hawk'
2814 silly reify ]
2815 verbose reify failed optional dependency /var/jenkins_home/workspace/frontend-project/frontend/node_modules/node-gyp/node_modules/http-signature
2816 silly reify mark deleted [
2816 silly reify   '/var/jenkins_home/workspace/frontend-project/frontend/node_modules/node-gyp/node_modules/http-signature'
2816 silly reify ]
2817 verbose reify failed optional dependency /var/jenkins_home/workspace/frontend-project/frontend/node_modules/node-gyp/node_modules/performance-now
2818 silly reify mark deleted [
2818 silly reify   '/var/jenkins_home/workspace/frontend-project/frontend/node_modules/node-gyp/node_modules/performance-now'
2818 silly reify ]
2819 verbose reify failed optional dependency /var/jenkins_home/workspace/frontend-project/frontend/node_modules/node-gyp/node_modules/qs
2820 silly reify mark deleted [
2820 silly reify   '/var/jenkins_home/workspace/frontend-project/frontend/node_modules/node-gyp/node_modules/qs'
2820 silly reify ]
2821 verbose reify failed optional dependency /var/jenkins_home/workspace/frontend-project/frontend/node_modules/stringstream
2822 silly reify mark deleted [
2822 silly reify   '/var/jenkins_home/workspace/frontend-project/frontend/node_modules/stringstream'
2822 silly reify ]
2823 verbose reify failed optional dependency /var/jenkins_home/workspace/frontend-project/frontend/node_modules/block-stream
2824 silly reify mark deleted [
2824 silly reify   '/var/jenkins_home/workspace/frontend-project/frontend/node_modules/block-stream'
2824 silly reify ]
2825 verbose reify failed optional dependency /var/jenkins_home/workspace/frontend-project/frontend/node_modules/js-base64
2826 silly reify mark deleted [
2826 silly reify   '/var/jenkins_home/workspace/frontend-project/frontend/node_modules/js-base64'
2826 silly reify ]
2827 verbose reify failed optional dependency /var/jenkins_home/workspace/frontend-project/frontend/node_modules/scss-tokenizer/node_modules/source-map
2828 silly reify mark deleted [
2828 silly reify   '/var/jenkins_home/workspace/frontend-project/frontend/node_modules/scss-tokenizer/node_modules/source-map'
2828 silly reify ]
2829 verbose reify failed optional dependency /var/jenkins_home/workspace/frontend-project/frontend/node_modules/sass-graph/node_modules/camelcase
2830 silly reify mark deleted [
2830 silly reify   '/var/jenkins_home/workspace/frontend-project/frontend/node_modules/sass-graph/node_modules/camelcase'
2830 silly reify ]
2831 verbose reify failed optional dependency /var/jenkins_home/workspace/frontend-project/frontend/node_modules/sass-graph/node_modules/cliui
2832 silly reify mark deleted [
2832 silly reify   '/var/jenkins_home/workspace/frontend-project/frontend/node_modules/sass-graph/node_modules/cliui'
2832 silly reify ]
2833 verbose reify failed optional dependency /var/jenkins_home/workspace/frontend-project/frontend/node_modules/os-locale
2834 silly reify mark deleted [
2834 silly reify   '/var/jenkins_home/workspace/frontend-project/frontend/node_modules/os-locale'
2834 silly reify ]
2835 verbose reify failed optional dependency /var/jenkins_home/workspace/frontend-project/frontend/node_modules/which-module
2836 silly reify mark deleted [
2836 silly reify   '/var/jenkins_home/workspace/frontend-project/frontend/node_modules/which-module'
2836 silly reify ]
2837 verbose reify failed optional dependency /var/jenkins_home/workspace/frontend-project/frontend/node_modules/sass-graph/node_modules/y18n
2838 silly reify mark deleted [
2838 silly reify   '/var/jenkins_home/workspace/frontend-project/frontend/node_modules/sass-graph/node_modules/y18n'
2838 silly reify ]
2839 verbose reify failed optional dependency /var/jenkins_home/workspace/frontend-project/frontend/node_modules/yargs-parser
2840 silly reify mark deleted [
2840 silly reify   '/var/jenkins_home/workspace/frontend-project/frontend/node_modules/yargs-parser'
2840 silly reify ]
2841 verbose reify failed optional dependency /var/jenkins_home/workspace/frontend-project/frontend/node_modules/node-gyp/node_modules/ajv
2842 silly reify mark deleted [
2842 silly reify   '/var/jenkins_home/workspace/frontend-project/frontend/node_modules/node-gyp/node_modules/ajv'
2842 silly reify ]
2843 verbose reify failed optional dependency /var/jenkins_home/workspace/frontend-project/frontend/node_modules/node-gyp/node_modules/har-schema
2844 silly reify mark deleted [
2844 silly reify   '/var/jenkins_home/workspace/frontend-project/frontend/node_modules/node-gyp/node_modules/har-schema'
2844 silly reify ]
2845 verbose reify failed optional dependency /var/jenkins_home/workspace/frontend-project/frontend/node_modules/boom
2846 silly reify mark deleted [
2846 silly reify   '/var/jenkins_home/workspace/frontend-project/frontend/node_modules/boom'
2846 silly reify ]
2847 verbose reify failed optional dependency /var/jenkins_home/workspace/frontend-project/frontend/node_modules/cryptiles
2848 silly reify mark deleted [
2848 silly reify   '/var/jenkins_home/workspace/frontend-project/frontend/node_modules/cryptiles'
2848 silly reify ]
2849 verbose reify failed optional dependency /var/jenkins_home/workspace/frontend-project/frontend/node_modules/hoek
2850 silly reify mark deleted [
2850 silly reify   '/var/jenkins_home/workspace/frontend-project/frontend/node_modules/hoek'
2850 silly reify ]
2851 verbose reify failed optional dependency /var/jenkins_home/workspace/frontend-project/frontend/node_modules/sntp
2852 silly reify mark deleted [
2852 silly reify   '/var/jenkins_home/workspace/frontend-project/frontend/node_modules/sntp'
2852 silly reify ]
2853 verbose reify failed optional dependency /var/jenkins_home/workspace/frontend-project/frontend/node_modules/node-gyp/node_modules/assert-plus
2854 silly reify mark deleted [
2854 silly reify   '/var/jenkins_home/workspace/frontend-project/frontend/node_modules/node-gyp/node_modules/assert-plus'
2854 silly reify ]
2855 verbose reify failed optional dependency /var/jenkins_home/workspace/frontend-project/frontend/node_modules/yargs-parser/node_modules/camelcase
2856 silly reify mark deleted [
2856 silly reify   '/var/jenkins_home/workspace/frontend-project/frontend/node_modules/yargs-parser/node_modules/camelcase'
2856 silly reify ]
2857 verbose reify failed optional dependency /var/jenkins_home/workspace/frontend-project/frontend/node_modules/json-stable-stringify
2858 silly reify mark deleted [
2858 silly reify   '/var/jenkins_home/workspace/frontend-project/frontend/node_modules/json-stable-stringify'
2858 silly reify ]
2859 verbose reify failed optional dependency /var/jenkins_home/workspace/frontend-project/frontend/node_modules/jsonify
2860 silly reify mark deleted [
2860 silly reify   '/var/jenkins_home/workspace/frontend-project/frontend/node_modules/jsonify'
2860 silly reify ]
2861 http fetch GET 200 https://registry.npmjs.org/babel-template 999ms (cache miss)
2862 silly packumentCache corgi:https://registry.npmjs.org/babel-template set size:undefined disposed:false
2863 silly packumentCache corgi:https://registry.npmjs.org/asn1.js cache-miss
2864 silly packumentCache corgi:https://registry.npmjs.org/browserify-rsa cache-miss
2865 silly packumentCache corgi:https://registry.npmjs.org/create-ecdh cache-miss
2866 silly packumentCache corgi:https://registry.npmjs.org/diffie-hellman cache-miss
2867 silly packumentCache corgi:https://registry.npmjs.org/miller-rabin cache-miss
2868 silly packumentCache corgi:https://registry.npmjs.org/public-encrypt cache-miss
2869 http fetch GET 200 https://registry.npmjs.org/diffie-hellman 416ms (cache miss)
2870 silly packumentCache corgi:https://registry.npmjs.org/diffie-hellman set size:undefined disposed:false
2871 http fetch GET 200 https://registry.npmjs.org/create-ecdh 426ms (cache miss)
2872 silly packumentCache corgi:https://registry.npmjs.org/create-ecdh set size:undefined disposed:false
2873 http fetch GET 200 https://registry.npmjs.org/miller-rabin 437ms (cache miss)
2874 silly packumentCache corgi:https://registry.npmjs.org/miller-rabin set size:undefined disposed:false
2875 http fetch GET 200 https://registry.npmjs.org/public-encrypt 440ms (cache miss)
2876 silly packumentCache corgi:https://registry.npmjs.org/public-encrypt set size:undefined disposed:false
2877 http fetch GET 200 https://registry.npmjs.org/browserify-rsa 449ms (cache miss)
2878 silly packumentCache corgi:https://registry.npmjs.org/browserify-rsa set size:undefined disposed:false
2879 http fetch GET 200 https://registry.npmjs.org/asn1.js 454ms (cache miss)
2880 silly packumentCache corgi:https://registry.npmjs.org/asn1.js set size:undefined disposed:false
2881 silly packumentCache corgi:https://registry.npmjs.org/crypto-browserify cache-miss
2882 http fetch GET 200 https://registry.npmjs.org/crypto-browserify 84ms (cache miss)
2883 silly packumentCache corgi:https://registry.npmjs.org/crypto-browserify set size:undefined disposed:false
2884 silly packumentCache corgi:https://registry.npmjs.org/cacache cache-miss
2885 http fetch GET 200 https://registry.npmjs.org/cacache 55ms (cache miss)
2886 silly packumentCache corgi:https://registry.npmjs.org/cacache set size:undefined disposed:false
2887 silly packumentCache corgi:https://registry.npmjs.org/browserify-aes cache-miss
2888 silly packumentCache corgi:https://registry.npmjs.org/browserify-des cache-miss
2889 silly packumentCache corgi:https://registry.npmjs.org/create-hash cache-miss
2890 silly packumentCache corgi:https://registry.npmjs.org/create-hmac cache-miss
2891 http fetch GET 200 https://registry.npmjs.org/browserify-des 73ms (cache miss)
2892 silly packumentCache corgi:https://registry.npmjs.org/browserify-des set size:undefined disposed:false
2893 http fetch GET 200 https://registry.npmjs.org/create-hmac 70ms (cache miss)
2894 silly packumentCache corgi:https://registry.npmjs.org/create-hmac set size:undefined disposed:false
2895 http fetch GET 200 https://registry.npmjs.org/browserify-aes 81ms (cache miss)
2896 silly packumentCache corgi:https://registry.npmjs.org/browserify-aes set size:undefined disposed:false
2897 http fetch GET 200 https://registry.npmjs.org/create-hash 97ms (cache miss)
2898 silly packumentCache corgi:https://registry.npmjs.org/create-hash set size:undefined disposed:false
2899 silly packumentCache corgi:https://registry.npmjs.org/execa cache-miss
2900 http fetch GET 200 https://registry.npmjs.org/execa 54ms (cache miss)
2901 silly packumentCache corgi:https://registry.npmjs.org/execa set size:undefined disposed:false
2902 silly packumentCache corgi:https://registry.npmjs.org/css-select cache-miss
2903 http fetch GET 200 https://registry.npmjs.org/css-select 52ms (cache miss)
2904 silly packumentCache corgi:https://registry.npmjs.org/css-select set size:undefined disposed:false
2905 silly packumentCache corgi:https://registry.npmjs.org/source-map-resolve cache-miss
2906 http fetch GET 200 https://registry.npmjs.org/source-map-resolve 659ms (cache miss)
2907 silly packumentCache corgi:https://registry.npmjs.org/source-map-resolve set size:undefined disposed:false
2908 silly packumentCache corgi:https://registry.npmjs.org/tslint cache-miss
2909 http fetch GET 200 https://registry.npmjs.org/tslint 300ms (cache miss)
2910 silly packumentCache corgi:https://registry.npmjs.org/tslint set size:undefined disposed:false
2911 silly packumentCache corgi:https://registry.npmjs.org/multicast-dns cache-miss
2912 http fetch GET 200 https://registry.npmjs.org/multicast-dns 51ms (cache miss)
2913 silly packumentCache corgi:https://registry.npmjs.org/multicast-dns set size:undefined disposed:false
2914 silly packumentCache corgi:https://registry.npmjs.org/license-webpack-plugin cache-miss
2915 http fetch GET 200 https://registry.npmjs.org/license-webpack-plugin 56ms (cache miss)
2916 silly packumentCache corgi:https://registry.npmjs.org/license-webpack-plugin set size:undefined disposed:false
2917 silly packumentCache corgi:https://registry.npmjs.org/d cache-miss
2918 silly packumentCache corgi:https://registry.npmjs.org/es6-iterator cache-miss
2919 silly packumentCache corgi:https://registry.npmjs.org/es6-symbol cache-miss
2920 http fetch GET 200 https://registry.npmjs.org/es6-iterator 62ms (cache miss)
2921 silly packumentCache corgi:https://registry.npmjs.org/es6-iterator set size:undefined disposed:false
2922 http fetch GET 200 https://registry.npmjs.org/es6-symbol 356ms (cache miss)
2923 silly packumentCache corgi:https://registry.npmjs.org/es6-symbol set size:undefined disposed:false
2924 http fetch GET 200 https://registry.npmjs.org/d 673ms (cache miss)
2925 silly packumentCache corgi:https://registry.npmjs.org/d set size:undefined disposed:false
2926 silly packumentCache corgi:https://registry.npmjs.org/sockjs-client cache-miss
2927 http fetch GET 200 https://registry.npmjs.org/sockjs-client 291ms (cache miss)
2928 silly packumentCache corgi:https://registry.npmjs.org/sockjs-client set size:undefined disposed:false
2929 silly packumentCache corgi:https://registry.npmjs.org/copy-webpack-plugin cache-miss
2930 silly packumentCache corgi:https://registry.npmjs.org/fileset cache-miss
2931 silly packumentCache corgi:https://registry.npmjs.org/glob cache-miss
2932 silly packumentCache corgi:https://registry.npmjs.org/karma-coverage-istanbul-reporter cache-miss
2933 silly packumentCache corgi:https://registry.npmjs.org/postcss-url cache-miss
2934 silly packumentCache corgi:https://registry.npmjs.org/readdirp cache-miss
2935 http fetch GET 200 https://registry.npmjs.org/readdirp 232ms (cache miss)
2936 silly packumentCache corgi:https://registry.npmjs.org/readdirp set size:undefined disposed:false
2937 http fetch GET 200 https://registry.npmjs.org/copy-webpack-plugin 262ms (cache miss)
2938 silly packumentCache corgi:https://registry.npmjs.org/copy-webpack-plugin set size:undefined disposed:false
2939 http fetch GET 200 https://registry.npmjs.org/postcss-url 269ms (cache miss)
2940 silly packumentCache corgi:https://registry.npmjs.org/postcss-url set size:undefined disposed:false
2941 http fetch GET 200 https://registry.npmjs.org/glob 280ms (cache miss)
2942 silly packumentCache corgi:https://registry.npmjs.org/glob set size:undefined disposed:false
2943 http fetch GET 200 https://registry.npmjs.org/fileset 441ms (cache miss)
2944 silly packumentCache corgi:https://registry.npmjs.org/fileset set size:undefined disposed:false
2945 http fetch GET 200 https://registry.npmjs.org/karma-coverage-istanbul-reporter 1190ms (cache miss)
2946 silly packumentCache corgi:https://registry.npmjs.org/karma-coverage-istanbul-reporter set size:undefined disposed:false
2947 silly packumentCache corgi:https://registry.npmjs.org/@schematics%2fupdate cache-miss
2948 silly packumentCache corgi:https://registry.npmjs.org/normalize-package-data cache-miss
2949 silly packumentCache corgi:https://registry.npmjs.org/npm-package-arg cache-miss
2950 silly packumentCache corgi:https://registry.npmjs.org/npm-registry-client cache-miss
2951 silly packumentCache corgi:https://registry.npmjs.org/semver-dsl cache-miss
2952 silly packumentCache corgi:https://registry.npmjs.org/semver-intersect cache-miss
2953 http fetch GET 200 https://registry.npmjs.org/normalize-package-data 211ms (cache miss)
2954 silly packumentCache corgi:https://registry.npmjs.org/normalize-package-data set size:undefined disposed:false
2955 http fetch GET 200 https://registry.npmjs.org/npm-package-arg 240ms (cache miss)
2956 silly packumentCache corgi:https://registry.npmjs.org/npm-package-arg set size:undefined disposed:false
2957 http fetch GET 200 https://registry.npmjs.org/npm-registry-client 248ms (cache miss)
2958 silly packumentCache corgi:https://registry.npmjs.org/npm-registry-client set size:undefined disposed:false
2959 http fetch GET 200 https://registry.npmjs.org/semver-intersect 454ms (cache miss)
2960 silly packumentCache corgi:https://registry.npmjs.org/semver-intersect set size:undefined disposed:false
2961 http fetch GET 200 https://registry.npmjs.org/semver-dsl 462ms (cache miss)
2962 silly packumentCache corgi:https://registry.npmjs.org/semver-dsl set size:undefined disposed:false
2963 http fetch GET 200 https://registry.npmjs.org/@schematics%2fupdate 1190ms (cache miss)
2964 silly packumentCache corgi:https://registry.npmjs.org/@schematics%2fupdate set size:undefined disposed:false
2965 silly packumentCache corgi:https://registry.npmjs.org/istanbul cache-miss
2966 silly packumentCache corgi:https://registry.npmjs.org/istanbul-reports cache-miss
2967 http fetch GET 200 https://registry.npmjs.org/istanbul 281ms (cache miss)
2968 silly packumentCache corgi:https://registry.npmjs.org/istanbul set size:undefined disposed:false
2969 http fetch GET 200 https://registry.npmjs.org/istanbul-reports 289ms (cache miss)
2970 silly packumentCache corgi:https://registry.npmjs.org/istanbul-reports set size:undefined disposed:false
2971 silly packumentCache corgi:https://registry.npmjs.org/html-webpack-plugin cache-miss
2972 http fetch GET 200 https://registry.npmjs.org/html-webpack-plugin 63ms (cache miss)
2973 silly packumentCache corgi:https://registry.npmjs.org/html-webpack-plugin set size:undefined disposed:false
2974 silly packumentCache corgi:https://registry.npmjs.org/@angular-devkit%2fbuild-optimizer cache-miss
2975 silly packumentCache corgi:https://registry.npmjs.org/cache-loader cache-miss
2976 silly packumentCache corgi:https://registry.npmjs.org/file-loader cache-miss
2977 silly packumentCache corgi:https://registry.npmjs.org/istanbul-instrumenter-loader cache-miss
2978 silly packumentCache corgi:https://registry.npmjs.org/less-loader cache-miss
2979 silly packumentCache corgi:https://registry.npmjs.org/mini-css-extract-plugin cache-miss
2980 silly packumentCache corgi:https://registry.npmjs.org/postcss-loader cache-miss
2981 silly packumentCache corgi:https://registry.npmjs.org/sass-loader cache-miss
2982 silly packumentCache corgi:https://registry.npmjs.org/style-loader cache-miss
2983 silly packumentCache corgi:https://registry.npmjs.org/stylus-loader cache-miss
2984 silly packumentCache corgi:https://registry.npmjs.org/url-loader cache-miss
2985 http fetch GET 200 https://registry.npmjs.org/style-loader 129ms (cache miss)
2986 silly packumentCache corgi:https://registry.npmjs.org/style-loader set size:undefined disposed:false
2987 http fetch GET 200 https://registry.npmjs.org/postcss-loader 140ms (cache miss)
2988 silly packumentCache corgi:https://registry.npmjs.org/postcss-loader set size:undefined disposed:false
2989 http fetch GET 200 https://registry.npmjs.org/file-loader 159ms (cache miss)
2990 silly packumentCache corgi:https://registry.npmjs.org/file-loader set size:undefined disposed:false
2991 http fetch GET 200 https://registry.npmjs.org/sass-loader 165ms (cache miss)
2992 silly packumentCache corgi:https://registry.npmjs.org/sass-loader set size:undefined disposed:false
2993 http fetch GET 200 https://registry.npmjs.org/url-loader 176ms (cache miss)
2994 silly packumentCache corgi:https://registry.npmjs.org/url-loader set size:undefined disposed:false
2995 http fetch GET 200 https://registry.npmjs.org/mini-css-extract-plugin 191ms (cache miss)
2996 silly packumentCache corgi:https://registry.npmjs.org/mini-css-extract-plugin set size:undefined disposed:false
2997 http fetch GET 200 https://registry.npmjs.org/cache-loader 373ms (cache miss)
2998 silly packumentCache corgi:https://registry.npmjs.org/cache-loader set size:undefined disposed:false
2999 http fetch GET 200 https://registry.npmjs.org/istanbul-instrumenter-loader 373ms (cache miss)
3000 silly packumentCache corgi:https://registry.npmjs.org/istanbul-instrumenter-loader set size:undefined disposed:false
3001 http fetch GET 200 https://registry.npmjs.org/stylus-loader 364ms (cache miss)
3002 silly packumentCache corgi:https://registry.npmjs.org/stylus-loader set size:undefined disposed:false
3003 http fetch GET 200 https://registry.npmjs.org/less-loader 557ms (cache miss)
3004 silly packumentCache corgi:https://registry.npmjs.org/less-loader set size:undefined disposed:false
3005 http fetch GET 200 https://registry.npmjs.org/@angular-devkit%2fbuild-optimizer 723ms (cache miss)
3006 silly packumentCache corgi:https://registry.npmjs.org/@angular-devkit%2fbuild-optimizer set size:undefined disposed:false
3007 silly packumentCache corgi:https://registry.npmjs.org/saucelabs cache-miss
3008 http fetch GET 200 https://registry.npmjs.org/saucelabs 359ms (cache miss)
3009 silly packumentCache corgi:https://registry.npmjs.org/saucelabs set size:undefined disposed:false
3010 silly packumentCache corgi:https://registry.npmjs.org/cosmiconfig cache-miss
3011 http fetch GET 200 https://registry.npmjs.org/cosmiconfig 72ms (cache miss)
3012 silly packumentCache corgi:https://registry.npmjs.org/cosmiconfig set size:undefined disposed:false
3013 silly packumentCache corgi:https://registry.npmjs.org/jsprim cache-miss
3014 http fetch GET 200 https://registry.npmjs.org/jsprim 58ms (cache miss)
3015 silly packumentCache corgi:https://registry.npmjs.org/jsprim set size:undefined disposed:false
3016 silly packumentCache corgi:https://registry.npmjs.org/babel-generator cache-miss
3017 silly packumentCache corgi:https://registry.npmjs.org/babel-types cache-miss
3018 silly packumentCache corgi:https://registry.npmjs.org/combine-lists cache-miss
3019 silly packumentCache corgi:https://registry.npmjs.org/stats-webpack-plugin cache-miss
3020 silly packumentCache corgi:https://registry.npmjs.org/webpack-merge cache-miss
3021 http fetch GET 200 https://registry.npmjs.org/babel-types 217ms (cache miss)
3022 silly packumentCache corgi:https://registry.npmjs.org/babel-types set size:undefined disposed:false
3023 http fetch GET 200 https://registry.npmjs.org/webpack-merge 222ms (cache miss)
3024 silly packumentCache corgi:https://registry.npmjs.org/webpack-merge set size:undefined disposed:false
3025 http fetch GET 200 https://registry.npmjs.org/stats-webpack-plugin 422ms (cache miss)
3026 silly packumentCache corgi:https://registry.npmjs.org/stats-webpack-plugin set size:undefined disposed:false
3027 http fetch GET 200 https://registry.npmjs.org/combine-lists 441ms (cache miss)
3028 silly packumentCache corgi:https://registry.npmjs.org/combine-lists set size:undefined disposed:false
3029 http fetch GET 200 https://registry.npmjs.org/babel-generator 910ms (cache miss)
3030 silly packumentCache corgi:https://registry.npmjs.org/babel-generator set size:undefined disposed:false
3031 silly packumentCache corgi:https://registry.npmjs.org/os-locale cache-miss
3032 http fetch GET 200 https://registry.npmjs.org/os-locale 301ms (cache miss)
3033 silly packumentCache corgi:https://registry.npmjs.org/os-locale set size:undefined disposed:false
3034 silly packumentCache corgi:https://registry.npmjs.org/base cache-miss
3035 http fetch GET 200 https://registry.npmjs.org/base 65ms (cache miss)
3036 silly packumentCache corgi:https://registry.npmjs.org/base set size:undefined disposed:false
3037 silly packumentCache corgi:https://registry.npmjs.org/selfsigned cache-miss
3038 http fetch GET 200 https://registry.npmjs.org/selfsigned 58ms (cache miss)
3039 silly packumentCache corgi:https://registry.npmjs.org/selfsigned set size:undefined disposed:false
3040 silly packumentCache corgi:https://registry.npmjs.org/less cache-miss
3041 http fetch GET 200 https://registry.npmjs.org/less 94ms (cache miss)
3042 silly packumentCache corgi:https://registry.npmjs.org/less set size:undefined disposed:false
3043 silly packumentCache corgi:https://registry.npmjs.org/compression cache-miss
3044 http fetch GET 200 https://registry.npmjs.org/compression 55ms (cache miss)
3045 silly packumentCache corgi:https://registry.npmjs.org/compression set size:undefined disposed:false
3046 silly packumentCache corgi:https://registry.npmjs.org/istanbul-lib-report cache-miss
3047 silly packumentCache corgi:https://registry.npmjs.org/resolve cache-miss
3048 http fetch GET 200 https://registry.npmjs.org/resolve 64ms (cache miss)
3049 silly packumentCache corgi:https://registry.npmjs.org/resolve set size:undefined disposed:false
3050 http fetch GET 200 https://registry.npmjs.org/istanbul-lib-report 446ms (cache miss)
3051 silly packumentCache corgi:https://registry.npmjs.org/istanbul-lib-report set size:undefined disposed:false
3052 silly packumentCache corgi:https://registry.npmjs.org/parse-asn1 cache-miss
3053 http fetch GET 200 https://registry.npmjs.org/parse-asn1 62ms (cache miss)
3054 silly packumentCache corgi:https://registry.npmjs.org/parse-asn1 set size:undefined disposed:false
3055 silly packumentCache corgi:https://registry.npmjs.org/autoprefixer cache-miss
3056 silly packumentCache corgi:https://registry.npmjs.org/postcss-import cache-miss
3057 http fetch GET 200 https://registry.npmjs.org/postcss-import 354ms (cache miss)
3058 silly packumentCache corgi:https://registry.npmjs.org/postcss-import set size:undefined disposed:false
3059 http fetch GET 200 https://registry.npmjs.org/autoprefixer 381ms (cache miss)
3060 silly packumentCache corgi:https://registry.npmjs.org/autoprefixer set size:undefined disposed:false
3061 silly packumentCache corgi:https://registry.npmjs.org/uglifyjs-webpack-plugin cache-miss
3062 http fetch GET 200 https://registry.npmjs.org/uglifyjs-webpack-plugin 324ms (cache miss)
3063 silly packumentCache corgi:https://registry.npmjs.org/uglifyjs-webpack-plugin set size:undefined disposed:false
3064 silly packumentCache corgi:https://registry.npmjs.org/cache-base cache-miss
3065 silly packumentCache corgi:https://registry.npmjs.org/union-value cache-miss
3066 http fetch GET 200 https://registry.npmjs.org/union-value 73ms (cache miss)
3067 silly packumentCache corgi:https://registry.npmjs.org/union-value set size:undefined disposed:false
3068 http fetch GET 200 https://registry.npmjs.org/cache-base 79ms (cache miss)
3069 silly packumentCache corgi:https://registry.npmjs.org/cache-base set size:undefined disposed:false
3070 silly packumentCache corgi:https://registry.npmjs.org/@ngtools%2fwebpack cache-miss
3071 http fetch GET 200 https://registry.npmjs.org/@ngtools%2fwebpack 450ms (cache miss)
3072 silly packumentCache corgi:https://registry.npmjs.org/@ngtools%2fwebpack set size:undefined disposed:false
3073 silly packumentCache corgi:https://registry.npmjs.org/original cache-miss
3074 http fetch GET 200 https://registry.npmjs.org/original 304ms (cache miss)
3075 silly packumentCache corgi:https://registry.npmjs.org/original set size:undefined disposed:false
3076 silly packumentCache corgi:https://registry.npmjs.org/websocket-driver cache-miss
3077 http fetch GET 200 https://registry.npmjs.org/websocket-driver 103ms (cache miss)
3078 silly packumentCache corgi:https://registry.npmjs.org/websocket-driver set size:undefined disposed:false
3079 silly packumentCache corgi:https://registry.npmjs.org/watchpack cache-miss
3080 http fetch GET 200 https://registry.npmjs.org/watchpack 170ms (cache miss)
3081 silly packumentCache corgi:https://registry.npmjs.org/watchpack set size:undefined disposed:false
3082 silly packumentCache corgi:https://registry.npmjs.org/protractor cache-miss
3083 http fetch GET 200 https://registry.npmjs.org/protractor 292ms (cache miss)
3084 silly packumentCache corgi:https://registry.npmjs.org/protractor set size:undefined disposed:false
3085 silly packumentCache corgi:https://registry.npmjs.org/copy-concurrently cache-miss
3086 silly packumentCache corgi:https://registry.npmjs.org/istanbul-lib-source-maps cache-miss
3087 silly packumentCache corgi:https://registry.npmjs.org/move-concurrently cache-miss
3088 silly packumentCache corgi:https://registry.npmjs.org/portfinder cache-miss
3089 silly packumentCache corgi:https://registry.npmjs.org/stylus cache-miss
3090 http fetch GET 200 https://registry.npmjs.org/istanbul-lib-source-maps 141ms (cache miss)
3091 silly packumentCache corgi:https://registry.npmjs.org/istanbul-lib-source-maps set size:undefined disposed:false
3092 http fetch GET 200 https://registry.npmjs.org/stylus 162ms (cache miss)
3093 silly packumentCache corgi:https://registry.npmjs.org/stylus set size:undefined disposed:false
3094 http fetch GET 200 https://registry.npmjs.org/move-concurrently 340ms (cache miss)
3095 silly packumentCache corgi:https://registry.npmjs.org/move-concurrently set size:undefined disposed:false
3096 http fetch GET 200 https://registry.npmjs.org/copy-concurrently 365ms (cache miss)
3097 silly packumentCache corgi:https://registry.npmjs.org/copy-concurrently set size:undefined disposed:false
3098 http fetch GET 200 https://registry.npmjs.org/portfinder 397ms (cache miss)
3099 silly packumentCache corgi:https://registry.npmjs.org/portfinder set size:undefined disposed:false
3100 silly packumentCache corgi:https://registry.npmjs.org/webdriver-js-extender cache-miss
3101 http fetch GET 200 https://registry.npmjs.org/webdriver-js-extender 681ms (cache miss)
3102 silly packumentCache corgi:https://registry.npmjs.org/webdriver-js-extender set size:undefined disposed:false
3103 silly packumentCache corgi:https://registry.npmjs.org/@angular-devkit%2farchitect cache-miss
3104 silly packumentCache corgi:https://registry.npmjs.org/@angular-devkit%2fschematics cache-miss
3105 silly packumentCache corgi:https://registry.npmjs.org/@schematics%2fangular cache-miss
3106 http fetch GET 200 https://registry.npmjs.org/@angular-devkit%2fschematics 4766ms (cache miss)
3107 silly packumentCache corgi:https://registry.npmjs.org/@angular-devkit%2fschematics set size:undefined disposed:false
3108 http fetch GET 200 https://registry.npmjs.org/@angular-devkit%2farchitect 4951ms (cache miss)
3109 silly packumentCache corgi:https://registry.npmjs.org/@angular-devkit%2farchitect set size:undefined disposed:false
3110 http fetch GET 200 https://registry.npmjs.org/@schematics%2fangular 5274ms (cache miss)
3111 silly packumentCache corgi:https://registry.npmjs.org/@schematics%2fangular set size:undefined disposed:false
3112 silly packumentCache corgi:https://registry.npmjs.org/globby cache-miss
3113 silly packumentCache corgi:https://registry.npmjs.org/jasmine cache-miss
3114 silly packumentCache corgi:https://registry.npmjs.org/rimraf cache-miss
3115 http fetch GET 200 https://registry.npmjs.org/globby 246ms (cache miss)
3116 silly packumentCache corgi:https://registry.npmjs.org/globby set size:undefined disposed:false
3117 http fetch GET 200 https://registry.npmjs.org/rimraf 272ms (cache miss)
3118 silly packumentCache corgi:https://registry.npmjs.org/rimraf set size:undefined disposed:false
3119 http fetch GET 200 https://registry.npmjs.org/jasmine 457ms (cache miss)
3120 silly packumentCache corgi:https://registry.npmjs.org/jasmine set size:undefined disposed:false
3121 silly packumentCache corgi:https://registry.npmjs.org/http-signature cache-miss
3122 http fetch GET 200 https://registry.npmjs.org/http-signature 53ms (cache miss)
3123 silly packumentCache corgi:https://registry.npmjs.org/http-signature set size:undefined disposed:false
3124 silly packumentCache corgi:https://registry.npmjs.org/renderkid cache-miss
3125 http fetch GET 200 https://registry.npmjs.org/renderkid 70ms (cache miss)
3126 silly packumentCache corgi:https://registry.npmjs.org/renderkid set size:undefined disposed:false
3127 silly packumentCache corgi:https://registry.npmjs.org/internal-ip cache-miss
3128 http fetch GET 200 https://registry.npmjs.org/internal-ip 319ms (cache miss)
3129 silly packumentCache corgi:https://registry.npmjs.org/internal-ip set size:undefined disposed:false
3130 silly packumentCache corgi:https://registry.npmjs.org/node-libs-browser cache-miss
3131 http fetch GET 200 https://registry.npmjs.org/node-libs-browser 70ms (cache miss)
3132 silly packumentCache corgi:https://registry.npmjs.org/node-libs-browser set size:undefined disposed:false
3133 silly packumentCache corgi:https://registry.npmjs.org/del cache-miss
3134 http fetch GET 200 https://registry.npmjs.org/del 221ms (cache miss)
3135 silly packumentCache corgi:https://registry.npmjs.org/del set size:undefined disposed:false
3136 silly packumentCache corgi:https://registry.npmjs.org/pretty-error cache-miss
3137 http fetch GET 200 https://registry.npmjs.org/pretty-error 52ms (cache miss)
3138 silly packumentCache corgi:https://registry.npmjs.org/pretty-error set size:undefined disposed:false
3139 silly ADD node_modules/zone.js
3140 silly ADD node_modules/yn
3141 silly ADD node_modules/yeast
3142 silly ADD
3143 silly ADD node_modules/camelcase
3144 silly ADD node_modules/yargs
3145 silly ADD node_modules/yallist
3146 silly ADD node_modules/y18n
3147 silly ADD node_modules/xxhashjs
3148 silly ADD node_modules/xtend
3149 silly ADD node_modules/xmlhttprequest-ssl
3150 silly ADD node_modules/xmlbuilder
3151 silly ADD node_modules/xml2js
3152 silly ADD node_modules/xml2js/node_modules/sax
3153 silly ADD node_modules/wtf-8
3154 silly ADD node_modules/ws
3155 silly ADD node_modules/wrappy
3156 silly ADD node_modules/wrap-ansi
3157 silly ADD node_modules/worker-farm
3158 silly ADD node_modules/wordwrap
3159 silly ADD node_modules/window-size
3160 silly ADD node_modules/wide-align
3161 silly ADD
3162 silly ADD node_modules/which
3163 silly ADD node_modules/when
3164 silly ADD node_modules/websocket-extensions
3165 silly ADD node_modules/websocket-driver
3166 silly ADD node_modules/webpack-subresource-integrity
3167 silly ADD node_modules/webpack-sources
3168 silly ADD node_modules/webpack-sources/node_modules/source-map
3169 silly ADD node_modules/webpack-merge
3170 silly ADD node_modules/webpack-log
3171 silly ADD node_modules/webpack-dev-server
3172 silly ADD node_modules/webpack-dev-server/node_modules/yargs-parser
3173 silly ADD node_modules/webpack-dev-server/node_modules/yargs
3174 silly ADD node_modules/webpack-dev-server/node_modules/y18n
3175 silly ADD node_modules/webpack-dev-server/node_modules/which-module
3176 silly ADD node_modules/webpack-dev-server/node_modules/string-width
3177 silly ADD node_modules/webpack-dev-server/node_modules/string-width/node_modules/strip-ansi
3178 silly ADD node_modules/webpack-dev-server/node_modules/os-locale
3179 silly ADD node_modules/webpack-dev-server/node_modules/is-fullwidth-code-point
3180 silly ADD node_modules/webpack-dev-server/node_modules/debug
3181 silly ADD node_modules/webpack-dev-server/node_modules/cliui
3182 silly ADD node_modules/webpack-dev-server/node_modules/cliui/node_modules/strip-ansi
3183 silly ADD node_modules/webpack-dev-server/node_modules/camelcase
3184 silly ADD node_modules/webpack-dev-server/node_modules/ansi-regex
3185 silly ADD node_modules/webpack-dev-middleware
3186 silly ADD node_modules/webpack-dev-middleware/node_modules/mime
3187 silly ADD node_modules/webpack-core
3188 silly ADD node_modules/webpack-core/node_modules/source-map
3189 silly ADD node_modules/webpack-core/node_modules/source-list-map
3190 silly ADD node_modules/webpack
3191 silly ADD node_modules/webdriver-js-extender
3192 silly ADD node_modules/webdriver-js-extender/node_modules/xml2js
3193 silly ADD node_modules/webdriver-js-extender/node_modules/tmp
3194 silly ADD node_modules/webdriver-js-extender/node_modules/selenium-webdriver
3195 silly ADD node_modules/webdriver-js-extender/node_modules/sax
3196 silly ADD node_modules/webassemblyjs
3197 silly ADD node_modules/wbuf
3198 silly ADD node_modules/watchpack
3199 silly ADD node_modules/void-elements
3200 silly ADD node_modules/vm-browserify
3201 silly ADD node_modules/verror
3202 silly ADD node_modules/vary
3203 silly ADD node_modules/validate-npm-package-name
3204 silly ADD node_modules/validate-npm-package-license
3205 silly ADD node_modules/uuid
3206 silly ADD node_modules/utils-merge
3207 silly ADD node_modules/utila
3208 silly ADD node_modules/util.promisify
3209 silly ADD node_modules/util-deprecate
3210 silly ADD node_modules/util
3211 silly ADD node_modules/useragent
3212 silly ADD node_modules/use
3213 silly ADD node_modules/url-parse
3214 silly ADD node_modules/url-loader
3215 silly ADD node_modules/url-loader/node_modules/mime
3216 silly ADD node_modules/url-join
3217 silly ADD node_modules/url
3218 silly ADD node_modules/url/node_modules/punycode
3219 silly ADD node_modules/urix
3220 silly ADD node_modules/uri-js
3221 silly ADD node_modules/upper-case
3222 silly ADD node_modules/upath
3223 silly ADD node_modules/unset-value
3224 silly ADD node_modules/unset-value/node_modules/has-values
3225 silly ADD node_modules/unset-value/node_modules/has-value
3226 silly ADD node_modules/unset-value/node_modules/has-value/node_modules/isobject
3227 silly ADD node_modules/unpipe
3228 silly ADD node_modules/unique-slug
3229 silly ADD node_modules/unique-filename
3230 silly ADD node_modules/union-value
3231 silly ADD node_modules/union-value/node_modules/set-value
3232 silly ADD node_modules/union-value/node_modules/extend-shallow
3233 silly ADD node_modules/ultron
3234 silly ADD node_modules/uglifyjs-webpack-plugin
3235 silly ADD node_modules/uglifyjs-webpack-plugin/node_modules/uglify-es
3236 silly ADD node_modules/uglifyjs-webpack-plugin/node_modules/source-map
3237 silly ADD node_modules/uglifyjs-webpack-plugin/node_modules/commander
3238 silly ADD node_modules/uglify-to-browserify
3239 silly ADD node_modules/uglify-js
3240 silly ADD node_modules/uglify-js/node_modules/source-map
3241 silly ADD node_modules/typescript
3242 silly ADD node_modules/typedarray
3243 silly ADD node_modules/type-is
3244 silly ADD node_modules/type-check
3245 silly ADD node_modules/tweetnacl
3246 silly ADD node_modules/tunnel-agent
3247 silly ADD node_modules/tty-browserify
3248 silly ADD node_modules/tsutils
3249 silly ADD node_modules/tslint
3250 silly ADD node_modules/tslint/node_modules/chalk
3251 silly ADD node_modules/tslib
3252 silly ADD node_modules/tsickle
3253 silly ADD node_modules/tsickle/node_modules/source-map
3254 silly ADD node_modules/tsickle/node_modules/minimist
3255 silly ADD node_modules/ts-node
3256 silly ADD node_modules/ts-node/node_modules/minimist
3257 silly ADD node_modules/ts-node/node_modules/chalk
3258 silly ADD
3259 silly ADD node_modules/glob
3260 silly ADD node_modules/trim-right
3261 silly ADD node_modules/trim-newlines
3262 silly ADD node_modules/tree-kill
3263 silly ADD node_modules/tough-cookie
3264 silly ADD node_modules/tough-cookie/node_modules/punycode
3265 silly ADD node_modules/toposort
3266 silly ADD node_modules/to-regex-range
3267 silly ADD node_modules/to-regex
3268 silly ADD node_modules/to-object-path
3269 silly ADD node_modules/to-object-path/node_modules/kind-of
3270 silly ADD node_modules/to-fast-properties
3271 silly ADD node_modules/to-arraybuffer
3272 silly ADD node_modules/to-array
3273 silly ADD node_modules/tmp
3274 silly ADD node_modules/timers-browserify
3275 silly ADD node_modules/thunky
3276 silly ADD node_modules/through2
3277 silly ADD node_modules/through
3278 silly ADD node_modules/text-table
3279 silly ADD
3280 silly ADD node_modules/tapable
3281 silly ADD node_modules/symbol-observable
3282 silly ADD node_modules/supports-color
3283 silly ADD node_modules/stylus-loader
3284 silly ADD node_modules/stylus
3285 silly ADD node_modules/stylus/node_modules/source-map
3286 silly ADD node_modules/stylus/node_modules/glob
3287 silly ADD node_modules/style-loader
3288 silly ADD node_modules/strip-indent
3289 silly ADD node_modules/strip-eof
3290 silly ADD node_modules/strip-bom
3291 silly ADD node_modules/strip-ansi
3292 silly ADD
3293 silly ADD node_modules/string-width
3294 silly ADD node_modules/string_decoder
3295 silly ADD node_modules/stream-shift
3296 silly ADD node_modules/stream-http
3297 silly ADD node_modules/stream-each
3298 silly ADD node_modules/stream-browserify
3299 silly ADD
3300 silly ADD node_modules/statuses
3301 silly ADD node_modules/stats-webpack-plugin
3302 silly ADD node_modules/static-extend
3303 silly ADD node_modules/static-extend/node_modules/define-property
3304 silly ADD node_modules/ssri
3305 silly ADD node_modules/sshpk
3306 silly ADD node_modules/sprintf-js
3307 silly ADD node_modules/split-string
3308 silly ADD node_modules/spdy-transport
3309 silly ADD node_modules/spdy
3310 silly ADD node_modules/spdx-license-ids
3311 silly ADD node_modules/spdx-expression-parse
3312 silly ADD node_modules/spdx-exceptions
3313 silly ADD node_modules/spdx-correct
3314 silly ADD node_modules/source-map-url
3315 silly ADD node_modules/source-map-support
3316 silly ADD node_modules/source-map-support/node_modules/source-map
3317 silly ADD node_modules/source-map-resolve
3318 silly ADD node_modules/source-map
3319 silly ADD node_modules/source-list-map
3320 silly ADD node_modules/sockjs-client
3321 silly ADD node_modules/sockjs-client/node_modules/faye-websocket
3322 silly ADD node_modules/sockjs
3323 silly ADD node_modules/socket.io-parser
3324 silly ADD node_modules/socket.io-parser/node_modules/ms
3325 silly ADD node_modules/socket.io-parser/node_modules/isarray
3326 silly ADD node_modules/socket.io-parser/node_modules/debug
3327 silly ADD node_modules/socket.io-parser/node_modules/component-emitter
3328 silly ADD node_modules/socket.io-client
3329 silly ADD node_modules/socket.io-client/node_modules/ms
3330 silly ADD node_modules/socket.io-client/node_modules/debug
3331 silly ADD node_modules/socket.io-adapter
3332 silly ADD node_modules/socket.io-adapter/node_modules/ms
3333 silly ADD node_modules/socket.io-adapter/node_modules/debug
3334 silly ADD node_modules/socket.io
3335 silly ADD node_modules/socket.io/node_modules/object-assign
3336 silly ADD node_modules/socket.io/node_modules/ms
3337 silly ADD node_modules/socket.io/node_modules/debug
3338 silly ADD
3339 silly ADD node_modules/snapdragon-util
3340 silly ADD node_modules/snapdragon-util/node_modules/kind-of
3341 silly ADD node_modules/snapdragon-node
3342 silly ADD node_modules/snapdragon-node/node_modules/is-descriptor
3343 silly ADD node_modules/snapdragon-node/node_modules/is-data-descriptor
3344 silly ADD node_modules/snapdragon-node/node_modules/is-accessor-descriptor
3345 silly ADD node_modules/snapdragon-node/node_modules/define-property
3346 silly ADD node_modules/snapdragon
3347 silly ADD node_modules/snapdragon/node_modules/extend-shallow
3348 silly ADD node_modules/snapdragon/node_modules/define-property
3349 silly ADD node_modules/slide
3350 silly ADD node_modules/slash
3351 silly ADD node_modules/silent-error
3352 silly ADD node_modules/signal-exit
3353 silly ADD node_modules/shebang-regex
3354 silly ADD node_modules/shebang-command
3355 silly ADD node_modules/shallow-clone
3356 silly ADD node_modules/shallow-clone/node_modules/kind-of
3357 silly ADD node_modules/sha.js
3358 silly ADD node_modules/setprototypeof
3359 silly ADD node_modules/setimmediate
3360 silly ADD node_modules/set-value
3361 silly ADD node_modules/set-value/node_modules/extend-shallow
3362 silly ADD node_modules/set-immediate-shim
3363 silly ADD node_modules/set-blocking
3364 silly ADD node_modules/serve-static
3365 silly ADD node_modules/serve-index
3366 silly ADD node_modules/serialize-javascript
3367 silly ADD node_modules/send
3368 silly ADD node_modules/send/node_modules/mime
3369 silly ADD node_modules/semver-intersect
3370 silly ADD node_modules/semver-dsl
3371 silly ADD node_modules/semver
3372 silly ADD node_modules/selfsigned
3373 silly ADD node_modules/selenium-webdriver
3374 silly ADD node_modules/selenium-webdriver/node_modules/tmp
3375 silly ADD node_modules/select-hose
3376 silly ADD
3377 silly ADD node_modules/source-map
3378 silly ADD node_modules/schema-utils
3379 silly ADD node_modules/sax
3380 silly ADD node_modules/saucelabs
3381 silly ADD node_modules/sass-loader
3382 silly ADD
3383 silly ADD node_modules/yargs
3384 silly ADD node_modules/y18n
3385 silly ADD node_modules/cliui
3386 silly ADD node_modules/camelcase
3387 silly ADD node_modules/safer-buffer
3388 silly ADD node_modules/safe-regex
3389 silly ADD node_modules/safe-buffer
3390 silly ADD node_modules/rxjs
3391 silly ADD node_modules/run-queue
3392 silly ADD node_modules/ripemd160
3393 silly ADD node_modules/rimraf
3394 silly ADD node_modules/right-align
3395 silly ADD node_modules/retry
3396 silly ADD node_modules/ret
3397 silly ADD node_modules/resolve-url
3398 silly ADD node_modules/resolve-from
3399 silly ADD node_modules/resolve-cwd
3400 silly ADD node_modules/resolve
3401 silly ADD node_modules/requires-port
3402 silly ADD node_modules/require-main-filename
3403 silly ADD node_modules/require-from-string
3404 silly ADD node_modules/require-directory
3405 silly ADD node_modules/request
3406 silly ADD node_modules/repeating
3407 silly ADD node_modules/repeat-string
3408 silly ADD node_modules/repeat-element
3409 silly ADD node_modules/renderkid
3410 silly ADD node_modules/renderkid/node_modules/utila
3411 silly ADD node_modules/remove-trailing-separator
3412 silly ADD node_modules/relateurl
3413 silly ADD node_modules/regjsparser
3414 silly ADD node_modules/regjsparser/node_modules/jsesc
3415 silly ADD node_modules/regjsgen
3416 silly ADD node_modules/regexpu-core
3417 silly ADD node_modules/regex-not
3418 silly ADD node_modules/regex-cache
3419 silly ADD node_modules/regenerator-runtime
3420 silly ADD node_modules/regenerate
3421 silly ADD node_modules/reflect-metadata
3422 silly ADD node_modules/redent
3423 silly ADD node_modules/readdirp
3424 silly ADD node_modules/readable-stream
3425 silly ADD node_modules/read-pkg-up
3426 silly ADD node_modules/read-pkg-up/node_modules/path-exists
3427 silly ADD node_modules/read-pkg-up/node_modules/find-up
3428 silly ADD node_modules/read-pkg
3429 silly ADD node_modules/read-pkg/node_modules/pify
3430 silly ADD node_modules/read-pkg/node_modules/path-type
3431 silly ADD node_modules/read-cache
3432 silly ADD node_modules/read-cache/node_modules/pify
3433 silly ADD node_modules/raw-loader
3434 silly ADD node_modules/raw-body
3435 silly ADD node_modules/raw-body/node_modules/setprototypeof
3436 silly ADD node_modules/raw-body/node_modules/http-errors
3437 silly ADD node_modules/raw-body/node_modules/depd
3438 silly ADD node_modules/range-parser
3439 silly ADD node_modules/randomfill
3440 silly ADD node_modules/randombytes
3441 silly ADD node_modules/randomatic
3442 silly ADD node_modules/randomatic/node_modules/is-number
3443 silly ADD node_modules/querystringify
3444 silly ADD node_modules/querystring-es3
3445 silly ADD node_modules/querystring
3446 silly ADD node_modules/qs
3447 silly ADD node_modules/qjobs
3448 silly ADD node_modules/q
3449 silly ADD node_modules/punycode
3450 silly ADD node_modules/pumpify
3451 silly ADD node_modules/pump
3452 silly ADD node_modules/public-encrypt
3453 silly ADD node_modules/pseudomap
3454 silly ADD node_modules/prr
3455 silly ADD node_modules/proxy-addr
3456 silly ADD node_modules/protractor
3457 silly ADD node_modules/protractor/node_modules/webdriver-manager
3458 silly ADD node_modules/protractor/node_modules/supports-color
3459 silly ADD node_modules/protractor/node_modules/source-map-support
3460 silly ADD node_modules/protractor/node_modules/pify
3461 silly ADD node_modules/protractor/node_modules/minimist
3462 silly ADD node_modules/protractor/node_modules/globby
3463 silly ADD node_modules/protractor/node_modules/del
3464 silly ADD node_modules/protractor/node_modules/chalk
3465 silly ADD node_modules/protractor/node_modules/ansi-styles
3466 silly ADD node_modules/protractor/node_modules/adm-zip
3467 silly ADD node_modules/protractor/node_modules/@types/node
3468 silly ADD node_modules/promise-inflight
3469 silly ADD node_modules/promise
3470 silly ADD node_modules/process-nextick-args
3471 silly ADD node_modules/process
3472 silly ADD node_modules/pretty-error
3473 silly ADD node_modules/preserve
3474 silly ADD node_modules/prelude-ls
3475 silly ADD node_modules/postcss-value-parser
3476 silly ADD node_modules/postcss-url
3477 silly ADD node_modules/postcss-loader
3478 silly ADD node_modules/postcss-load-config
3479 silly ADD node_modules/postcss-import
3480 silly ADD node_modules/postcss
3481 silly ADD node_modules/postcss/node_modules/source-map
3482 silly ADD node_modules/postcss/node_modules/chalk
3483 silly ADD node_modules/posix-character-classes
3484 silly ADD node_modules/portfinder
3485 silly ADD node_modules/pkg-dir
3486 silly ADD node_modules/pinkie-promise
3487 silly ADD node_modules/pinkie
3488 silly ADD node_modules/pify
3489 silly ADD node_modules/performance-now
3490 silly ADD node_modules/pbkdf2
3491 silly ADD node_modules/path-type
3492 silly ADD node_modules/path-to-regexp
3493 silly ADD node_modules/path-parse
3494 silly ADD node_modules/path-key
3495 silly ADD node_modules/path-is-inside
3496 silly ADD node_modules/path-is-absolute
3497 silly ADD node_modules/path-exists
3498 silly ADD node_modules/path-dirname
3499 silly ADD node_modules/path-browserify
3500 silly ADD node_modules/pascalcase
3501 silly ADD node_modules/parseurl
3502 silly ADD node_modules/parseuri
3503 silly ADD node_modules/parseqs
3504 silly ADD node_modules/parsejson
3505 silly ADD node_modules/parse5
3506 silly ADD node_modules/parse-json
3507 silly ADD node_modules/parse-glob
3508 silly ADD node_modules/parse-glob/node_modules/is-glob
3509 silly ADD node_modules/parse-glob/node_modules/is-extglob
3510 silly ADD node_modules/parse-asn1
3511 silly ADD node_modules/param-case
3512 silly ADD node_modules/parallel-transform
3513 silly ADD node_modules/pako
3514 silly ADD node_modules/p-try
3515 silly ADD node_modules/p-map
3516 silly ADD node_modules/p-locate
3517 silly ADD node_modules/p-limit
3518 silly ADD node_modules/p-finally
3519 silly ADD node_modules/osenv
3520 silly ADD node_modules/os-tmpdir
3521 silly ADD
3522 silly ADD node_modules/os-homedir
3523 silly ADD node_modules/os-browserify
3524 silly ADD node_modules/original
3525 silly ADD node_modules/options
3526 silly ADD node_modules/optionator
3527 silly ADD node_modules/optimist
3528 silly ADD node_modules/optimist/node_modules/wordwrap
3529 silly ADD node_modules/opn
3530 silly ADD node_modules/once
3531 silly ADD node_modules/on-headers
3532 silly ADD node_modules/on-finished
3533 silly ADD node_modules/obuf
3534 silly ADD node_modules/object.pick
3535 silly ADD node_modules/object.omit
3536 silly ADD node_modules/object.omit/node_modules/for-own
3537 silly ADD node_modules/object.getownpropertydescriptors
3538 silly ADD node_modules/object.assign
3539 silly ADD node_modules/object-visit
3540 silly ADD node_modules/object-keys
3541 silly ADD node_modules/object-copy
3542 silly ADD node_modules/object-copy/node_modules/kind-of
3543 silly ADD node_modules/object-copy/node_modules/define-property
3544 silly ADD node_modules/object-component
3545 silly ADD node_modules/object-assign
3546 silly ADD node_modules/oauth-sign
3547 silly ADD node_modules/number-is-nan
3548 silly ADD node_modules/num2fraction
3549 silly ADD node_modules/null-check
3550 silly ADD node_modules/nth-check
3551 silly ADD node_modules/npmlog
3552 silly ADD node_modules/npm-run-path
3553 silly ADD node_modules/npm-registry-client
3554 silly ADD node_modules/npm-package-arg
3555 silly ADD node_modules/normalize-range
3556 silly ADD node_modules/normalize-path
3557 silly ADD node_modules/normalize-package-data
3558 silly ADD node_modules/nopt
3559 silly ADD
3560 silly ADD node_modules/supports-color
3561 silly ADD node_modules/chalk
3562 silly ADD node_modules/ansi-styles
3563 silly ADD node_modules/node-libs-browser
3564 silly ADD node_modules/node-libs-browser/node_modules/punycode
3565 silly ADD
3566 silly ADD node_modules/semver
3567 silly ADD node_modules/request
3568 silly ADD node_modules/qs
3569 silly ADD node_modules/performance-now
3570 silly ADD node_modules/http-signature
3571 silly ADD node_modules/har-validator
3572 silly ADD node_modules/har-schema
3573 silly ADD node_modules/form-data
3574 silly ADD node_modules/aws-sign2
3575 silly ADD node_modules/assert-plus
3576 silly ADD node_modules/ajv
3577 silly ADD node_modules/node-forge
3578 silly ADD node_modules/no-case
3579 silly ADD node_modules/next-tick
3580 silly ADD node_modules/neo-async
3581 silly ADD node_modules/negotiator
3582 silly ADD node_modules/nanomatch
3583 silly ADD node_modules/nan
3584 silly ADD node_modules/multicast-dns-service-types
3585 silly ADD node_modules/multicast-dns
3586 silly ADD node_modules/ms
3587 silly ADD node_modules/move-concurrently
3588 silly ADD node_modules/mkdirp
3589 silly ADD node_modules/mixin-object
3590 silly ADD node_modules/mixin-object/node_modules/for-in
3591 silly ADD node_modules/mixin-deep
3592 silly ADD node_modules/mixin-deep/node_modules/is-extendable
3593 silly ADD node_modules/mississippi
3594 silly ADD node_modules/minimist
3595 silly ADD node_modules/minimatch
3596 silly ADD node_modules/minimalistic-crypto-utils
3597 silly ADD node_modules/minimalistic-assert
3598 silly ADD node_modules/mini-css-extract-plugin
3599 silly ADD node_modules/mimic-fn
3600 silly ADD node_modules/mime-types
3601 silly ADD node_modules/mime-db
3602 silly ADD node_modules/mime
3603 silly ADD node_modules/miller-rabin
3604 silly ADD node_modules/micromatch
3605 silly ADD node_modules/methods
3606 silly ADD node_modules/merge-descriptors
3607 silly ADD node_modules/meow
3608 silly ADD node_modules/meow/node_modules/minimist
3609 silly ADD node_modules/memory-fs
3610 silly ADD node_modules/mem
3611 silly ADD node_modules/media-typer
3612 silly ADD node_modules/md5.js
3613 silly ADD node_modules/math-random
3614 silly ADD node_modules/map-visit
3615 silly ADD node_modules/map-obj
3616 silly ADD node_modules/map-cache
3617 silly ADD node_modules/make-error
3618 silly ADD node_modules/make-dir
3619 silly ADD node_modules/lru-cache
3620 silly ADD node_modules/lower-case
3621 silly ADD node_modules/loud-rejection
3622 silly ADD node_modules/loose-envify
3623 silly ADD node_modules/longest
3624 silly ADD node_modules/long
3625 silly ADD node_modules/loglevelnext
3626 silly ADD node_modules/loglevel
3627 silly ADD node_modules/log4js
3628 silly ADD node_modules/log4js/node_modules/string_decoder
3629 silly ADD node_modules/log4js/node_modules/semver
3630 silly ADD node_modules/log4js/node_modules/readable-stream
3631 silly ADD node_modules/log4js/node_modules/isarray
3632 silly ADD node_modules/log-symbols
3633 silly ADD node_modules/lodash.tail
3634 silly ADD
3635 silly ADD node_modules/lodash.debounce
3636 silly ADD node_modules/lodash.clonedeep
3637 silly ADD
3638 silly ADD node_modules/lodash
3639 silly ADD node_modules/locate-path
3640 silly ADD node_modules/loader-utils
3641 silly ADD node_modules/loader-runner
3642 silly ADD node_modules/load-json-file
3643 silly ADD node_modules/load-json-file/node_modules/pify
3644 silly ADD node_modules/lie
3645 silly ADD node_modules/license-webpack-plugin
3646 silly ADD node_modules/levn
3647 silly ADD node_modules/less-loader
3648 silly ADD node_modules/less
3649 silly ADD node_modules/less/node_modules/source-map
3650 silly ADD node_modules/leb
3651 silly ADD node_modules/lcid
3652 silly ADD node_modules/lazy-cache
3653 silly ADD node_modules/kind-of
3654 silly ADD node_modules/killable
3655 silly ADD node_modules/karma-source-map-support
3656 silly ADD node_modules/karma-jasmine-html-reporter
3657 silly ADD node_modules/karma-jasmine
3658 silly ADD node_modules/karma-coverage-istanbul-reporter
3659 silly ADD node_modules/karma-chrome-launcher
3660 silly ADD node_modules/karma
3661 silly ADD node_modules/karma/node_modules/micromatch
3662 silly ADD node_modules/karma/node_modules/lodash
3663 silly ADD node_modules/karma/node_modules/kind-of
3664 silly ADD node_modules/karma/node_modules/is-glob
3665 silly ADD node_modules/karma/node_modules/is-extglob
3666 silly ADD node_modules/karma/node_modules/glob-parent
3667 silly ADD node_modules/karma/node_modules/extglob
3668 silly ADD node_modules/karma/node_modules/expand-brackets
3669 silly ADD node_modules/karma/node_modules/chokidar
3670 silly ADD node_modules/karma/node_modules/braces
3671 silly ADD node_modules/karma/node_modules/array-unique
3672 silly ADD node_modules/karma/node_modules/arr-diff
3673 silly ADD node_modules/karma/node_modules/anymatch
3674 silly ADD node_modules/jszip
3675 silly ADD node_modules/jszip/node_modules/string_decoder
3676 silly ADD node_modules/jszip/node_modules/readable-stream
3677 silly ADD node_modules/jszip/node_modules/process-nextick-args
3678 silly ADD node_modules/jszip/node_modules/es6-promise
3679 silly ADD node_modules/jszip/node_modules/core-js
3680 silly ADD node_modules/jsprim
3681 silly ADD
3682 silly ADD node_modules/json5
3683 silly ADD node_modules/json3
3684 silly ADD node_modules/json-stringify-safe
3685 silly ADD
3686 silly ADD node_modules/json-schema-traverse
3687 silly ADD node_modules/json-schema
3688 silly ADD node_modules/json-parse-better-errors
3689 silly ADD node_modules/jsesc
3690 silly ADD node_modules/jsbn
3691 silly ADD node_modules/js-yaml
3692 silly ADD node_modules/js-yaml/node_modules/esprima
3693 silly ADD node_modules/js-tokens
3694 silly ADD
3695 silly ADD node_modules/jasminewd2
3696 silly ADD node_modules/jasmine-spec-reporter
3697 silly ADD node_modules/jasmine-core
3698 silly ADD node_modules/jasmine
3699 silly ADD node_modules/jasmine/node_modules/jasmine-core
3700 silly ADD node_modules/istanbul-reports
3701 silly ADD node_modules/istanbul-lib-source-maps
3702 silly ADD node_modules/istanbul-lib-source-maps/node_modules/debug
3703 silly ADD node_modules/istanbul-lib-report
3704 silly ADD node_modules/istanbul-lib-report/node_modules/supports-color
3705 silly ADD node_modules/istanbul-lib-report/node_modules/has-flag
3706 silly ADD node_modules/istanbul-lib-instrument
3707 silly ADD node_modules/istanbul-lib-hook
3708 silly ADD node_modules/istanbul-lib-coverage
3709 silly ADD node_modules/istanbul-instrumenter-loader
3710 silly ADD node_modules/istanbul-instrumenter-loader/node_modules/schema-utils
3711 silly ADD node_modules/istanbul-instrumenter-loader/node_modules/ajv
3712 silly ADD node_modules/istanbul-api
3713 silly ADD node_modules/istanbul-api/node_modules/async
3714 silly ADD node_modules/istanbul
3715 silly ADD node_modules/istanbul/node_modules/supports-color
3716 silly ADD node_modules/istanbul/node_modules/resolve
3717 silly ADD node_modules/istanbul/node_modules/has-flag
3718 silly ADD node_modules/istanbul/node_modules/glob
3719 silly ADD node_modules/isstream
3720 silly ADD node_modules/isobject
3721 silly ADD node_modules/isexe
3722 silly ADD node_modules/isbinaryfile
3723 silly ADD node_modules/isarray
3724 silly ADD node_modules/is-wsl
3725 silly ADD node_modules/is-windows
3726 silly ADD node_modules/is-utf8
3727 silly ADD node_modules/is-typedarray
3728 silly ADD node_modules/is-symbol
3729 silly ADD node_modules/is-stream
3730 silly ADD node_modules/is-regex
3731 silly ADD node_modules/is-primitive
3732 silly ADD node_modules/is-posix-bracket
3733 silly ADD node_modules/is-plain-object
3734 silly ADD node_modules/is-path-inside
3735 silly ADD node_modules/is-path-in-cwd
3736 silly ADD node_modules/is-path-cwd
3737 silly ADD node_modules/is-number
3738 silly ADD node_modules/is-number/node_modules/kind-of
3739 silly ADD node_modules/is-glob
3740 silly ADD node_modules/is-fullwidth-code-point
3741 silly ADD node_modules/is-finite
3742 silly ADD node_modules/is-extglob
3743 silly ADD node_modules/is-extendable
3744 silly ADD node_modules/is-equal-shallow
3745 silly ADD node_modules/is-dotfile
3746 silly ADD node_modules/is-directory
3747 silly ADD node_modules/is-descriptor
3748 silly ADD node_modules/is-descriptor/node_modules/kind-of
3749 silly ADD node_modules/is-date-object
3750 silly ADD node_modules/is-data-descriptor
3751 silly ADD node_modules/is-data-descriptor/node_modules/kind-of
3752 silly ADD node_modules/is-callable
3753 silly ADD node_modules/is-builtin-module
3754 silly ADD node_modules/is-buffer
3755 silly ADD node_modules/is-binary-path
3756 silly ADD node_modules/is-arrayish
3757 silly ADD node_modules/is-accessor-descriptor
3758 silly ADD node_modules/is-accessor-descriptor/node_modules/kind-of
3759 silly ADD node_modules/ipaddr.js
3760 silly ADD node_modules/ip
3761 silly ADD node_modules/invert-kv
3762 silly ADD node_modules/invariant
3763 silly ADD node_modules/internal-ip
3764 silly ADD node_modules/ini
3765 silly ADD node_modules/inherits
3766 silly ADD node_modules/inflight
3767 silly ADD node_modules/indexof
3768 silly ADD node_modules/indent-string
3769 silly ADD
3770 silly ADD node_modules/imurmurhash
3771 silly ADD node_modules/import-local
3772 silly ADD node_modules/import-from
3773 silly ADD node_modules/import-cwd
3774 silly ADD node_modules/immediate
3775 silly ADD node_modules/image-size
3776 silly ADD node_modules/ignore
3777 silly ADD node_modules/iferr
3778 silly ADD node_modules/ieee754
3779 silly ADD node_modules/iconv-lite
3780 silly ADD node_modules/https-proxy-agent
3781 silly ADD node_modules/https-proxy-agent/node_modules/debug
3782 silly ADD node_modules/https-browserify
3783 silly ADD node_modules/http-signature
3784 silly ADD node_modules/http-proxy-middleware
3785 silly ADD node_modules/http-proxy
3786 silly ADD node_modules/http-parser-js
3787 silly ADD node_modules/http-errors
3788 silly ADD node_modules/http-deceiver
3789 silly ADD node_modules/htmlparser2
3790 silly ADD node_modules/htmlparser2/node_modules/string_decoder
3791 silly ADD node_modules/htmlparser2/node_modules/readable-stream
3792 silly ADD node_modules/htmlparser2/node_modules/isarray
3793 silly ADD node_modules/htmlparser2/node_modules/domutils
3794 silly ADD node_modules/html-webpack-plugin
3795 silly ADD node_modules/html-webpack-plugin/node_modules/loader-utils
3796 silly ADD node_modules/html-minifier
3797 silly ADD node_modules/html-entities
3798 silly ADD node_modules/hpack.js
3799 silly ADD node_modules/hosted-git-info
3800 silly ADD
3801 silly ADD node_modules/hmac-drbg
3802 silly ADD node_modules/he
3803 silly ADD
3804 silly ADD node_modules/hash.js
3805 silly ADD node_modules/hash-base
3806 silly ADD node_modules/has-values
3807 silly ADD node_modules/has-values/node_modules/kind-of
3808 silly ADD node_modules/has-value
3809 silly ADD node_modules/has-unicode
3810 silly ADD node_modules/has-symbols
3811 silly ADD node_modules/has-flag
3812 silly ADD node_modules/has-cors
3813 silly ADD node_modules/has-binary
3814 silly ADD node_modules/has-binary/node_modules/isarray
3815 silly ADD node_modules/has-ansi
3816 silly ADD node_modules/has
3817 silly ADD node_modules/har-validator
3818 silly ADD node_modules/har-validator/node_modules/ajv
3819 silly ADD node_modules/har-schema
3820 silly ADD node_modules/handlebars
3821 silly ADD node_modules/handlebars/node_modules/uglify-js
3822 silly ADD node_modules/handlebars/node_modules/uglify-js/node_modules/source-map
3823 silly ADD node_modules/handlebars/node_modules/source-map
3824 silly ADD node_modules/handle-thing
3825 silly ADD node_modules/graceful-fs
3826 silly ADD
3827 silly ADD node_modules/globby
3828 silly ADD node_modules/globals
3829 silly ADD node_modules/glob-parent
3830 silly ADD node_modules/glob-parent/node_modules/is-glob
3831 silly ADD node_modules/glob-base
3832 silly ADD node_modules/glob-base/node_modules/is-glob
3833 silly ADD node_modules/glob-base/node_modules/is-extglob
3834 silly ADD node_modules/glob-base/node_modules/glob-parent
3835 silly ADD node_modules/glob
3836 silly ADD node_modules/getpass
3837 silly ADD node_modules/get-value
3838 silly ADD node_modules/get-stream
3839 silly ADD node_modules/get-stdin
3840 silly ADD node_modules/get-caller-file
3841 silly ADD
3842 silly ADD node_modules/gauge
3843 silly ADD node_modules/function-bind
3844 silly ADD
3845 silly ADD
3846 silly ADD node_modules/fs.realpath
3847 silly ADD node_modules/fs-write-stream-atomic
3848 silly ADD node_modules/fs-access
3849 silly ADD node_modules/from2
3850 silly ADD node_modules/fresh
3851 silly ADD node_modules/fragment-cache
3852 silly ADD node_modules/forwarded
3853 silly ADD node_modules/form-data
3854 silly ADD node_modules/forever-agent
3855 silly ADD node_modules/foreach
3856 silly ADD node_modules/for-own
3857 silly ADD node_modules/for-in
3858 silly ADD node_modules/follow-redirects
3859 silly ADD node_modules/follow-redirects/node_modules/debug
3860 silly ADD node_modules/flush-write-stream
3861 silly ADD node_modules/find-up
3862 silly ADD node_modules/find-cache-dir
3863 silly ADD node_modules/finalhandler
3864 silly ADD node_modules/fill-range
3865 silly ADD node_modules/fill-range/node_modules/extend-shallow
3866 silly ADD node_modules/fileset
3867 silly ADD node_modules/filename-regex
3868 silly ADD node_modules/file-loader
3869 silly ADD node_modules/faye-websocket
3870 silly ADD node_modules/fastparse
3871 silly ADD node_modules/fast-levenshtein
3872 silly ADD node_modules/fast-json-stable-stringify
3873 silly ADD node_modules/fast-deep-equal
3874 silly ADD node_modules/extsprintf
3875 silly ADD node_modules/extglob
3876 silly ADD node_modules/extglob/node_modules/is-descriptor
3877 silly ADD node_modules/extglob/node_modules/is-data-descriptor
3878 silly ADD node_modules/extglob/node_modules/is-accessor-descriptor
3879 silly ADD node_modules/extglob/node_modules/extend-shallow
3880 silly ADD node_modules/extglob/node_modules/define-property
3881 silly ADD node_modules/extend-shallow
3882 silly ADD node_modules/extend-shallow/node_modules/is-extendable
3883 silly ADD node_modules/extend
3884 silly ADD node_modules/express
3885 silly ADD node_modules/express/node_modules/safe-buffer
3886 silly ADD node_modules/express/node_modules/qs
3887 silly ADD node_modules/express/node_modules/array-flatten
3888 silly ADD node_modules/expand-range
3889 silly ADD node_modules/expand-range/node_modules/kind-of
3890 silly ADD node_modules/expand-range/node_modules/isobject
3891 silly ADD node_modules/expand-range/node_modules/is-number
3892 silly ADD node_modules/expand-range/node_modules/fill-range
3893 silly ADD node_modules/expand-brackets
3894 silly ADD node_modules/expand-brackets/node_modules/extend-shallow
3895 silly ADD node_modules/expand-brackets/node_modules/define-property
3896 silly ADD node_modules/expand-braces
3897 silly ADD node_modules/expand-braces/node_modules/repeat-string
3898 silly ADD node_modules/expand-braces/node_modules/is-number
3899 silly ADD node_modules/expand-braces/node_modules/expand-range
3900 silly ADD node_modules/expand-braces/node_modules/braces
3901 silly ADD node_modules/expand-braces/node_modules/array-unique
3902 silly ADD node_modules/exit
3903 silly ADD node_modules/execa
3904 silly ADD node_modules/execa/node_modules/cross-spawn
3905 silly ADD node_modules/evp_bytestokey
3906 silly ADD node_modules/eventsource
3907 silly ADD node_modules/events
3908 silly ADD node_modules/eventemitter3
3909 silly ADD node_modules/etag
3910 silly ADD node_modules/esutils
3911 silly ADD node_modules/estraverse
3912 silly ADD node_modules/esrecurse
3913 silly ADD node_modules/esrecurse/node_modules/estraverse
3914 silly ADD node_modules/esprima
3915 silly ADD node_modules/eslint-scope
3916 silly ADD node_modules/eslint-scope/node_modules/estraverse
3917 silly ADD node_modules/escodegen
3918 silly ADD node_modules/escodegen/node_modules/source-map
3919 silly ADD node_modules/escape-string-regexp
3920 silly ADD node_modules/escape-html
3921 silly ADD node_modules/es6-symbol
3922 silly ADD node_modules/es6-promisify
3923 silly ADD node_modules/es6-promise
3924 silly ADD node_modules/es6-iterator
3925 silly ADD node_modules/es5-ext
3926 silly ADD node_modules/es-to-primitive
3927 silly ADD node_modules/es-abstract
3928 silly ADD node_modules/error-ex
3929 silly ADD node_modules/errno
3930 silly ADD node_modules/entities
3931 silly ADD node_modules/ent
3932 silly ADD node_modules/enhanced-resolve
3933 silly ADD node_modules/engine.io-parser
3934 silly ADD node_modules/engine.io-client
3935 silly ADD node_modules/engine.io-client/node_modules/ms
3936 silly ADD node_modules/engine.io-client/node_modules/debug
3937 silly ADD node_modules/engine.io
3938 silly ADD node_modules/engine.io/node_modules/ms
3939 silly ADD node_modules/engine.io/node_modules/debug
3940 silly ADD node_modules/engine.io/node_modules/accepts
3941 silly ADD node_modules/end-of-stream
3942 silly ADD node_modules/encodeurl
3943 silly ADD node_modules/emojis-list
3944 silly ADD node_modules/elliptic
3945 silly ADD node_modules/electron-to-chromium
3946 silly ADD node_modules/ejs
3947 silly ADD node_modules/ee-first
3948 silly ADD node_modules/ecc-jsbn
3949 silly ADD node_modules/duplexify
3950 silly ADD node_modules/domutils
3951 silly ADD node_modules/domhandler
3952 silly ADD node_modules/domelementtype
3953 silly ADD node_modules/domain-browser
3954 silly ADD node_modules/dom-serializer
3955 silly ADD node_modules/dom-serializer/node_modules/domelementtype
3956 silly ADD node_modules/dom-serialize
3957 silly ADD node_modules/dom-converter
3958 silly ADD node_modules/dom-converter/node_modules/utila
3959 silly ADD node_modules/dns-txt
3960 silly ADD node_modules/dns-packet
3961 silly ADD node_modules/dns-equal
3962 silly ADD node_modules/dir-glob
3963 silly ADD node_modules/diffie-hellman
3964 silly ADD node_modules/diff
3965 silly ADD node_modules/di
3966 silly ADD node_modules/detect-node
3967 silly ADD node_modules/detect-indent
3968 silly ADD node_modules/destroy
3969 silly ADD node_modules/des.js
3970 silly ADD node_modules/depd
3971 silly ADD node_modules/delegates
3972 silly ADD node_modules/delayed-stream
3973 silly ADD node_modules/del
3974 silly ADD node_modules/del/node_modules/globby
3975 silly ADD node_modules/del/node_modules/globby/node_modules/pify
3976 silly ADD node_modules/define-property
3977 silly ADD node_modules/define-property/node_modules/is-descriptor
3978 silly ADD node_modules/define-property/node_modules/is-data-descriptor
3979 silly ADD node_modules/define-property/node_modules/is-accessor-descriptor
3980 silly ADD node_modules/define-properties
3981 silly ADD node_modules/default-require-extensions
3982 silly ADD node_modules/default-require-extensions/node_modules/strip-bom
3983 silly ADD node_modules/deep-is
3984 silly ADD node_modules/deep-equal
3985 silly ADD node_modules/decode-uri-component
3986 silly ADD node_modules/decamelize
3987 silly ADD node_modules/debug
3988 silly ADD node_modules/date-now
3989 silly ADD node_modules/dashdash
3990 silly ADD node_modules/d
3991 silly ADD node_modules/cyclist
3992 silly ADD node_modules/custom-event
3993 silly ADD node_modules/currently-unhandled
3994 silly ADD node_modules/cuint
3995 silly ADD node_modules/cssesc
3996 silly ADD node_modules/cssauron
3997 silly ADD node_modules/css-what
3998 silly ADD node_modules/css-selector-tokenizer
3999 silly ADD node_modules/css-select
4000 silly ADD node_modules/css-parse
4001 silly ADD node_modules/crypto-browserify
4002 silly ADD
4003 silly ADD
4004 silly ADD node_modules/create-hmac
4005 silly ADD node_modules/create-hash
4006 silly ADD node_modules/create-ecdh
4007 silly ADD node_modules/cosmiconfig
4008 silly ADD node_modules/cosmiconfig/node_modules/parse-json
4009 silly ADD node_modules/core-util-is
4010 silly ADD node_modules/core-js
4011 silly ADD node_modules/copy-webpack-plugin
4012 silly ADD node_modules/copy-descriptor
4013 silly ADD node_modules/copy-concurrently
4014 silly ADD node_modules/cookie-signature
4015 silly ADD node_modules/cookie
4016 silly ADD node_modules/convert-source-map
4017 silly ADD node_modules/content-type
4018 silly ADD node_modules/content-disposition
4019 silly ADD node_modules/constants-browserify
4020 silly ADD node_modules/console-control-strings
4021 silly ADD node_modules/console-browserify
4022 silly ADD node_modules/connect-history-api-fallback
4023 silly ADD node_modules/connect
4024 silly ADD node_modules/connect/node_modules/statuses
4025 silly ADD node_modules/connect/node_modules/finalhandler
4026 silly ADD node_modules/concat-stream
4027 silly ADD node_modules/concat-map
4028 silly ADD node_modules/compression
4029 silly ADD node_modules/compressible
4030 silly ADD node_modules/component-inherit
4031 silly ADD node_modules/component-emitter
4032 silly ADD node_modules/component-bind
4033 silly ADD node_modules/compare-versions
4034 silly ADD node_modules/commondir
4035 silly ADD node_modules/commander
4036 silly ADD node_modules/combined-stream
4037 silly ADD node_modules/combine-lists
4038 silly ADD node_modules/colors
4039 silly ADD node_modules/color-name
4040 silly ADD node_modules/color-convert
4041 silly ADD node_modules/collection-visit
4042 silly ADD node_modules/codelyzer
4043 silly ADD node_modules/code-point-at
4044 silly ADD node_modules/co
4045 silly ADD node_modules/clone-deep
4046 silly ADD node_modules/clone
4047 silly ADD node_modules/cliui
4048 silly ADD node_modules/cliui/node_modules/wordwrap
4049 silly ADD node_modules/clean-css
4050 silly ADD node_modules/class-utils
4051 silly ADD node_modules/class-utils/node_modules/define-property
4052 silly ADD node_modules/circular-dependency-plugin
4053 silly ADD node_modules/cipher-base
4054 silly ADD node_modules/chrome-trace-event
4055 silly ADD node_modules/chownr
4056 silly ADD node_modules/chokidar
4057 silly ADD node_modules/chalk
4058 silly ADD node_modules/chalk/node_modules/supports-color
4059 silly ADD node_modules/chalk/node_modules/has-flag
4060 silly ADD node_modules/center-align
4061 silly ADD node_modules/caseless
4062 silly ADD node_modules/caniuse-lite
4063 silly ADD node_modules/camelcase-keys
4064 silly ADD node_modules/camelcase-keys/node_modules/camelcase
4065 silly ADD node_modules/camelcase
4066 silly ADD node_modules/camel-case
4067 silly ADD node_modules/callsite
4068 silly ADD node_modules/cache-loader
4069 silly ADD node_modules/cache-base
4070 silly ADD node_modules/cacache
4071 silly ADD node_modules/bytes
4072 silly ADD node_modules/builtins
4073 silly ADD node_modules/builtin-status-codes
4074 silly ADD node_modules/builtin-modules
4075 silly ADD node_modules/buffer-xor
4076 silly ADD node_modules/buffer-indexof
4077 silly ADD node_modules/buffer-from
4078 silly ADD node_modules/buffer
4079 silly ADD node_modules/browserslist
4080 silly ADD node_modules/browserify-zlib
4081 silly ADD node_modules/browserify-sign
4082 silly ADD node_modules/browserify-rsa
4083 silly ADD node_modules/browserify-des
4084 silly ADD node_modules/browserify-cipher
4085 silly ADD node_modules/browserify-aes
4086 silly ADD node_modules/brorand
4087 silly ADD node_modules/braces
4088 silly ADD node_modules/braces/node_modules/extend-shallow
4089 silly ADD node_modules/brace-expansion
4090 silly ADD node_modules/bootstrap
4091 silly ADD
4092 silly ADD node_modules/boolbase
4093 silly ADD node_modules/bonjour
4094 silly ADD node_modules/body-parser
4095 silly ADD node_modules/body-parser/node_modules/qs
4096 silly ADD node_modules/bn.js
4097 silly ADD node_modules/bluebird
4098 silly ADD node_modules/blocking-proxy
4099 silly ADD node_modules/blocking-proxy/node_modules/minimist
4100 silly ADD
4101 silly ADD node_modules/blob
4102 silly ADD node_modules/binary-extensions
4103 silly ADD node_modules/big.js
4104 silly ADD node_modules/better-assert
4105 silly ADD node_modules/bcrypt-pbkdf
4106 silly ADD node_modules/batch
4107 silly ADD node_modules/base64id
4108 silly ADD node_modules/base64-js
4109 silly ADD node_modules/base64-arraybuffer
4110 silly ADD node_modules/base
4111 silly ADD node_modules/base/node_modules/is-descriptor
4112 silly ADD node_modules/base/node_modules/is-data-descriptor
4113 silly ADD node_modules/base/node_modules/is-accessor-descriptor
4114 silly ADD node_modules/base/node_modules/define-property
4115 silly ADD node_modules/balanced-match
4116 silly ADD node_modules/backo2
4117 silly ADD node_modules/babylon
4118 silly ADD node_modules/babel-types
4119 silly ADD node_modules/babel-traverse
4120 silly ADD node_modules/babel-template
4121 silly ADD node_modules/babel-runtime
4122 silly ADD node_modules/babel-messages
4123 silly ADD node_modules/babel-generator
4124 silly ADD node_modules/babel-code-frame
4125 silly ADD node_modules/babel-code-frame/node_modules/supports-color
4126 silly ADD node_modules/babel-code-frame/node_modules/chalk
4127 silly ADD node_modules/babel-code-frame/node_modules/ansi-styles
4128 silly ADD node_modules/aws4
4129 silly ADD node_modules/aws-sign2
4130 silly ADD node_modules/autoprefixer
4131 silly ADD node_modules/atob
4132 silly ADD node_modules/asynckit
4133 silly ADD
4134 silly ADD node_modules/async-each
4135 silly ADD node_modules/async
4136 silly ADD node_modules/assign-symbols
4137 silly ADD node_modules/assert-plus
4138 silly ADD node_modules/assert
4139 silly ADD node_modules/assert/node_modules/util
4140 silly ADD node_modules/assert/node_modules/inherits
4141 silly ADD node_modules/asn1.js
4142 silly ADD node_modules/asn1
4143 silly ADD node_modules/asap
4144 silly ADD node_modules/arrify
4145 silly ADD node_modules/arraybuffer.slice
4146 silly ADD node_modules/array-unique
4147 silly ADD node_modules/array-uniq
4148 silly ADD node_modules/array-union
4149 silly ADD node_modules/array-slice
4150 silly ADD node_modules/array-includes
4151 silly ADD node_modules/array-flatten
4152 silly ADD node_modules/array-find-index
4153 silly ADD node_modules/arr-union
4154 silly ADD node_modules/arr-flatten
4155 silly ADD node_modules/arr-diff
4156 silly ADD node_modules/argparse
4157 silly ADD node_modules/are-we-there-yet
4158 silly ADD node_modules/aproba
4159 silly ADD node_modules/append-transform
4160 silly ADD node_modules/app-root-path
4161 silly ADD node_modules/anymatch
4162 silly ADD node_modules/ansi-styles
4163 silly ADD node_modules/ansi-regex
4164 silly ADD node_modules/ansi-html
4165 silly ADD node_modules/amdefine
4166 silly ADD node_modules/align-text
4167 silly ADD node_modules/align-text/node_modules/kind-of
4168 silly ADD node_modules/ajv-keywords
4169 silly ADD node_modules/ajv
4170 silly ADD node_modules/agent-base
4171 silly ADD node_modules/after
4172 silly ADD node_modules/adm-zip
4173 silly ADD node_modules/acorn-dynamic-import
4174 silly ADD node_modules/acorn
4175 silly ADD node_modules/accepts
4176 silly ADD node_modules/abbrev
4177 silly ADD node_modules/@webpack-contrib/schema-utils
4178 silly ADD node_modules/@webpack-contrib/schema-utils/node_modules/strip-ansi
4179 silly ADD node_modules/@webpack-contrib/schema-utils/node_modules/chalk
4180 silly ADD node_modules/@webpack-contrib/schema-utils/node_modules/ansi-regex
4181 silly ADD node_modules/@webassemblyjs/wast-printer
4182 silly ADD node_modules/@webassemblyjs/wast-parser
4183 silly ADD node_modules/@webassemblyjs/wasm-parser
4184 silly ADD node_modules/@webassemblyjs/wasm-opt
4185 silly ADD node_modules/@webassemblyjs/wasm-opt/node_modules/debug
4186 silly ADD node_modules/@webassemblyjs/wasm-gen
4187 silly ADD node_modules/@webassemblyjs/wasm-edit
4188 silly ADD node_modules/@webassemblyjs/wasm-edit/node_modules/debug
4189 silly ADD node_modules/@webassemblyjs/validation
4190 silly ADD node_modules/@webassemblyjs/leb128
4191 silly ADD node_modules/@webassemblyjs/helper-wasm-section
4192 silly ADD node_modules/@webassemblyjs/helper-wasm-section/node_modules/debug
4193 silly ADD node_modules/@webassemblyjs/helper-wasm-bytecode
4194 silly ADD node_modules/@webassemblyjs/helper-fsm
4195 silly ADD node_modules/@webassemblyjs/helper-code-frame
4196 silly ADD node_modules/@webassemblyjs/helper-buffer
4197 silly ADD node_modules/@webassemblyjs/helper-buffer/node_modules/debug
4198 silly ADD node_modules/@webassemblyjs/floating-point-hex-parser
4199 silly ADD node_modules/@webassemblyjs/ast
4200 silly ADD node_modules/@webassemblyjs/ast/node_modules/debug
4201 silly ADD node_modules/@types/selenium-webdriver
4202 silly ADD node_modules/@types/q
4203 silly ADD node_modules/@types/node
4204 silly ADD node_modules/@types/jasminewd2
4205 silly ADD node_modules/@types/jasmine
4206 silly ADD node_modules/@schematics/update
4207 silly ADD node_modules/@schematics/angular
4208 silly ADD node_modules/@ngtools/webpack
4209 silly ADD node_modules/@angular/router
4210 silly ADD node_modules/@angular/platform-browser-dynamic
4211 silly ADD node_modules/@angular/platform-browser
4212 silly ADD node_modules/@angular/language-service
4213 silly ADD node_modules/@angular/http
4214 silly ADD node_modules/@angular/forms
4215 silly ADD node_modules/@angular/core
4216 silly ADD node_modules/@angular/compiler-cli
4217 silly ADD node_modules/@angular/compiler-cli/node_modules/minimist
4218 silly ADD node_modules/@angular/compiler-cli/node_modules/micromatch
4219 silly ADD node_modules/@angular/compiler-cli/node_modules/kind-of
4220 silly ADD node_modules/@angular/compiler-cli/node_modules/is-glob
4221 silly ADD node_modules/@angular/compiler-cli/node_modules/is-extglob
4222 silly ADD node_modules/@angular/compiler-cli/node_modules/glob-parent
4223 silly ADD node_modules/@angular/compiler-cli/node_modules/extglob
4224 silly ADD node_modules/@angular/compiler-cli/node_modules/expand-brackets
4225 silly ADD node_modules/@angular/compiler-cli/node_modules/chokidar
4226 silly ADD node_modules/@angular/compiler-cli/node_modules/braces
4227 silly ADD node_modules/@angular/compiler-cli/node_modules/array-unique
4228 silly ADD node_modules/@angular/compiler-cli/node_modules/arr-diff
4229 silly ADD node_modules/@angular/compiler-cli/node_modules/anymatch
4230 silly ADD node_modules/@angular/compiler
4231 silly ADD node_modules/@angular/common
4232 silly ADD node_modules/@angular/cli
4233 silly ADD node_modules/@angular/cli/node_modules/yargs-parser
4234 silly ADD node_modules/@angular/cli/node_modules/camelcase
4235 silly ADD node_modules/@angular/animations
4236 silly ADD node_modules/@angular-devkit/schematics
4237 silly ADD node_modules/@angular-devkit/core
4238 silly ADD node_modules/@angular-devkit/build-optimizer
4239 silly ADD node_modules/@angular-devkit/build-optimizer/node_modules/typescript
4240 silly ADD node_modules/@angular-devkit/build-angular
4241 silly ADD node_modules/@angular-devkit/architect
4242 verbose cwd /var/jenkins_home/workspace/frontend-project/frontend
4243 verbose os Linux 6.18.5-200.fc43.x86_64
4244 verbose node v20.20.0
4245 verbose npm  v10.8.2
4246 verbose exit 0
4247 info ok
